spot_id,sample_id,stage,niche,UMAP1,UMAP2
CCATCGCAGTTAAACT-1-24,20230607-2_8,mrd12,N0,5.6547556,8.83668
CATTGCAAAGCATAAT-1-24,20230607-2_8,mrd12,N0,6.175253,6.882694
CTTGTTGCTGAGTCAA-1-24,20230607-2_8,mrd12,N0,6.0930696,7.406146
TGAGATTAGGCCCTAA-1-24,20230607-2_8,mrd12,N0,6.4342556,7.442838
CTTGTGAGGACAGCGG-1-24,20230607-2_8,mrd12,N0,7.2307343,10.095837
AGTCTCACAAGACTAC-1-24,20230607-2_8,mrd12,N0,1.8946558,2.8122098
CTTGCCCAGGCTCTAC-1-20,20221010-4_15,mrd12,N0,2.5294766,11.203887
CAAGGATCGCATGTTC-1-24,20230607-2_8,mrd12,N0,5.4430556,7.860202
TAGTGCTTGAATCCTT-1-24,20230607-2_8,mrd12,N0,6.6373134,10.722766
TGTGACTACGCCAGTC-1-24,20230607-2_8,mrd12,N0,5.5650654,8.956581
TCAACGAGGAGACAAA-1-24,20230607-2_8,mrd12,N0,5.415503,10.168696
TTAAACCTGGTTCCTT-1-24,20230607-2_8,mrd12,N0,5.608186,9.867348
GAGTCAGACCAGAATC-1-24,20230607-2_8,mrd12,N0,6.1737647,9.226443
AATCAGACTGCAGGAC-1-24,20230607-2_8,mrd12,N0,6.8193455,10.509033
AATCTCTACTGTGGTT-1-24,20230607-2_8,mrd12,N0,5.9083366,9.734217
CACCTCGATGGTGGAC-1-24,20230607-2_8,mrd12,N0,5.4626384,9.5230255
TGACCCAACTCACATT-1-24,20230607-2_8,mrd12,N0,7.322566,10.231428
GTATCTTGTTGCTCAC-1-24,20230607-2_8,mrd12,N0,5.7988935,9.156519
GTATTCTTACCGTGCT-1-24,20230607-2_8,mrd12,N0,6.6781235,10.805381
TTCTGCGAGCGCCCTT-1-24,20230607-2_8,mrd12,N0,5.513884,10.84333
ACGACTGGTCATACTC-1-24,20230607-2_8,mrd12,N0,6.166524,9.715049
GAAACTCTAATGAAGG-1-24,20230607-2_8,mrd12,N0,5.7907853,8.602999
GAATTATAGTGAAAGG-1-24,20230607-2_8,mrd12,N0,4.968521,6.4692144
TCGTTGGCTCGTCAAT-1-24,20230607-2_8,mrd12,N0,6.5485163,10.83777
TCCCAGCTTTAGTCTG-1-24,20230607-2_8,mrd12,N0,5.805292,10.522546
TACATGACCTTATCCG-1-24,20230607-2_8,mrd12,N0,5.6614575,10.393112
AATGAGTTCGCATATG-1-24,20230607-2_8,mrd12,N0,6.3227286,11.016305
ACTTATCTGATCTATA-1-24,20230607-2_8,mrd12,N0,6.57646,10.832501
ATACGCCGATCTACCG-1-24,20230607-2_8,mrd12,N0,6.4587893,10.705624
GGTAACTATGTATCTG-1-24,20230607-2_8,mrd12,N0,6.5056643,9.848778
ACTCAATAAAGGCACG-1-24,20230607-2_8,mrd12,N0,5.1752315,7.2757106
GACGCCGTAAAGGCTA-1-24,20230607-2_8,mrd12,N0,6.018751,9.967891
CCGTTACGTTAGAACA-1-24,20230607-2_8,mrd12,N0,5.997494,7.463174
ACACATTGACGCAACA-1-24,20230607-2_8,mrd12,N0,7.1921515,9.989038
TGTGGTTGCTAAAGCT-1-24,20230607-2_8,mrd12,N0,7.364339,7.4807577
TCTTGATGCGTAGCGA-1-24,20230607-2_8,mrd12,N0,5.7008634,7.3514524
TGCGCAAAGCATTTGG-1-24,20230607-2_8,mrd12,N0,5.602,7.3252616
CCCTGACTAACAAATT-1-24,20230607-2_8,mrd12,N0,5.7020516,10.189722
AATGGTTCTCACAAGC-1-24,20230607-2_8,mrd12,N0,8.536998,8.648908
TTACCATTGATTACCC-1-24,20230607-2_8,mrd12,N0,5.5882626,10.495003
ACAATAGTCGTACGTT-1-24,20230607-2_8,mrd12,N0,5.752097,11.12533
TGATCAGGGAACTGCT-1-24,20230607-2_8,mrd12,N0,5.606215,11.049462
TAGGAACAGCCTCCAG-1-24,20230607-2_8,mrd12,N0,6.0732675,6.0136323
TCCGCAGCCACCTAGC-1-24,20230607-2_8,mrd12,N0,6.273222,10.750461
TATCCAATTGGTTATC-1-24,20230607-2_8,mrd12,N0,8.374313,7.7839
TATAGGGTACTCATGA-1-24,20230607-2_8,mrd12,N0,5.7636733,11.168242
TGCAGGATCGGCAAAG-1-24,20230607-2_8,mrd12,N0,5.2266088,7.8574805
GTTCCAAGACAGCGAC-1-24,20230607-2_8,mrd12,N0,6.7626247,10.695776
TGAATTTCACTTGCCT-1-24,20230607-2_8,mrd12,N0,5.1043434,7.686521
TCGCCGAAGTTGCGTC-1-24,20230607-2_8,mrd12,N0,5.9153,9.908031
ACGGCACTTGCTTGGG-1-24,20230607-2_8,mrd12,N0,6.1994486,9.478681
TTGTTGTGTGTCAAGA-1-24,20230607-2_8,mrd12,N0,6.0072427,9.557444
AGCACTTAAGGACGCC-1-24,20230607-2_8,mrd12,N0,5.494102,10.868235
TAACCGCCCGCAGTGC-1-24,20230607-2_8,mrd12,N0,5.7532897,8.666586
GAGAGGGCGCGAGGTT-1-24,20230607-2_8,mrd12,N0,5.8330574,10.291565
GCCGAAATTCCTACGT-1-24,20230607-2_8,mrd12,N0,5.3103766,10.946388
GAGATCTTCCATGACA-1-24,20230607-2_8,mrd12,N0,5.7623024,10.710701
TCCGATAATTGCCATA-1-24,20230607-2_8,mrd12,N0,7.1337333,7.7831473
CTAGATTTACGACGGC-1-24,20230607-2_8,mrd12,N0,5.7247314,10.242228
TGGGCACAAACAGAAC-1-24,20230607-2_8,mrd12,N0,4.4164658,11.612373
GTCAATTGTACTGAAG-1-24,20230607-2_8,mrd12,N0,5.890709,10.446335
AACCCTGGTGGAACCA-1-24,20230607-2_8,mrd12,N0,5.7148066,7.5503044
GCGGTTCCCTATCATG-1-24,20230607-2_8,mrd12,N0,5.814323,10.073862
CAGAGGCGATGCATGA-1-24,20230607-2_8,mrd12,N0,6.151579,9.644445
TTAGATAGGTCGATAC-1-24,20230607-2_8,mrd12,N0,6.423359,10.986947
GGATCCGGAATATACT-1-24,20230607-2_8,mrd12,N0,5.7328663,8.313557
GAATCGACATGGTCAC-1-24,20230607-2_8,mrd12,N0,6.5753236,10.923202
CTATTTGGTTACGGAT-1-24,20230607-2_8,mrd12,N0,5.8017364,8.885408
TATTCAATTCTAATCC-1-24,20230607-2_8,mrd12,N0,5.820208,8.050066
GAAAGTGACTAACTGC-1-24,20230607-2_8,mrd12,N0,5.4869103,9.79908
AAGTGCAAAGGTAGAC-1-24,20230607-2_8,mrd12,N0,5.6801596,10.215362
GCGACGATAGTTGTAC-1-20,20221010-4_15,mrd12,N0,2.0010457,10.94618
AGGACATCGCACGTCG-1-24,20230607-2_8,mrd12,N0,6.919838,10.301007
TCCCGGTCAGGAATTT-1-24,20230607-2_8,mrd12,N0,6.2475114,11.04697
GATGTTCAATCCACGA-1-24,20230607-2_8,mrd12,N0,5.790389,8.449572
CTGCCAAGGTTGGAAG-1-24,20230607-2_8,mrd12,N0,5.503597,8.31458
AACAATACATTGTCGA-1-24,20230607-2_8,mrd12,N0,6.1735682,9.885503
GGAAGCTCGCTTACAG-1-24,20230607-2_8,mrd12,N0,5.728104,7.223444
TTAATCAGTACGTCAG-1-24,20230607-2_8,mrd12,N0,5.7503824,8.760679
GCTCGCGGTTCCGCTC-1-24,20230607-2_8,mrd12,N0,5.7746863,10.4014015
CAGGATATATCGTTGT-1-8,20221010-1_3,mrd12,N0,3.5112216,9.923219
CCCGTAAGTCTAGGCC-1-24,20230607-2_8,mrd12,N0,6.379624,10.595991
GATCCGGGAATTAACA-1-8,20221010-1_3,mrd12,N0,-0.03708532,10.850077
TTGCGCTCTCTCGCTT-1-24,20230607-2_8,mrd12,N0,5.5370593,10.119812
CTGGTTTCGAGCAAGA-1-20,20221010-4_15,mrd12,N0,3.0228322,11.477671
ACATCAGCTGGGACGC-1-24,20230607-2_8,mrd12,N0,5.8043504,10.89523
GCATGAGGGACGCGGC-1-24,20230607-2_8,mrd12,N0,7.0403214,6.3238635
TAACTATTACGCCAAA-1-20,20221010-4_15,mrd12,N0,5.5427723,7.6708083
GAAGCTTGCTGACCGC-1-24,20230607-2_8,mrd12,N0,6.2770762,10.333192
TCCTTCAGTGGTCGAA-1-24,20230607-2_8,mrd12,N0,6.0606127,7.8121724
AACAGGAAATCGAATA-1-24,20230607-2_8,mrd12,N0,7.277332,8.079464
CACTTAATCAGACGGA-1-24,20230607-2_8,mrd12,N0,6.3911138,10.874291
CGTTTCGCTCATTACA-1-24,20230607-2_8,mrd12,N0,5.7924733,10.874578
TCGCTGTGCGTAAATC-1-24,20230607-2_8,mrd12,N0,8.384636,9.037784
CTCATTTGATGGGCGG-1-24,20230607-2_8,mrd12,N0,5.7043934,7.297996
TGGTATCGGTCTGTAT-1-24,20230607-2_8,mrd12,N0,5.749436,10.335645
CTACTCTAGGCCCGGC-1-24,20230607-2_8,mrd12,N0,5.542618,8.880879
TCAGGGCGCAAACTCG-1-24,20230607-2_8,mrd12,N0,5.577819,9.751036
TCGAAATTTAGGACCA-1-24,20230607-2_8,mrd12,N0,6.3198395,10.45124
CCTGACCACCGATGGT-1-24,20230607-2_8,mrd12,N0,5.6085463,9.247424
AAGAGGCATGGATCGC-1-24,20230607-2_8,mrd12,N0,5.655429,7.8914595
GAGACTTCGCGACCGA-1-24,20230607-2_8,mrd12,N0,5.7352614,8.840509
GACCAGGTCATTCATA-1-24,20230607-2_8,mrd12,N0,6.41038,7.2833567
ACCCATCTTGAGGGTA-1-24,20230607-2_8,mrd12,N0,5.4301815,9.6898365
GACCCGTCGCCGGCTA-1-24,20230607-2_8,mrd12,N0,5.5003424,7.996112
CATGCTGGCTCCAATT-1-24,20230607-2_8,mrd12,N0,5.8672132,7.681657
AAAGGCTACGGACCAT-1-24,20230607-2_8,mrd12,N0,7.657639,6.5085726
GTTGTCGTGTTAGTTG-1-24,20230607-2_8,mrd12,N0,7.3199787,10.083689
GTTGGATTGAGAACAC-1-24,20230607-2_8,mrd12,N0,6.714304,6.876408
GTGGAACCTACATGCG-1-24,20230607-2_8,mrd12,N0,5.7844768,7.8541746
CGTCAGTGCGCACAAG-1-24,20230607-2_8,mrd12,N0,5.7597337,7.460222
GACAGATTTCTGGCTC-1-24,20230607-2_8,mrd12,N0,5.581321,7.658926
TAGTCCTGCACTAAGC-1-24,20230607-2_8,mrd12,N0,5.673188,9.964502
ATGTTACGAGCAATAC-1-24,20230607-2_8,mrd12,N0,7.134542,10.451602
TTACCCTAGGGATTGG-1-24,20230607-2_8,mrd12,N0,7.5452647,7.570992
AGATACGACTTCATAT-1-24,20230607-2_8,mrd12,N0,4.3115025,11.469562
CACCACGCCACACAGA-1-8,20221010-1_3,mrd12,N0,2.7711878,10.252117
GCGGTCCCTAGACGCA-1-24,20230607-2_8,mrd12,N0,7.297218,10.17771
GACTGCTGGTGAGAAA-1-24,20230607-2_8,mrd12,N0,5.341158,8.127981
TGCCAAAGTCAGACTT-1-24,20230607-2_8,mrd12,N0,6.315562,10.998232
TACAAGCTGTTCACTG-1-24,20230607-2_8,mrd12,N0,5.7373843,8.962395
ACTCCCGAATTCGTTT-1-20,20221010-4_15,mrd12,N0,5.577688,7.788551
CCTAAATTAACGGTTC-1-24,20230607-2_8,mrd12,N0,5.3593106,7.8690042
GAAATGGCGGTGTTAG-1-24,20230607-2_8,mrd12,N0,6.1131434,9.722337
ATAGCTGCTCTTGTTA-1-24,20230607-2_8,mrd12,N0,6.037063,10.939505
TGACATATATGACGAT-1-24,20230607-2_8,mrd12,N0,2.4641485,3.1699054
TGCGAATATGGGATTT-1-24,20230607-2_8,mrd12,N0,5.413878,9.536143
CCATCCATACCAAGTC-1-24,20230607-2_8,mrd12,N0,8.509855,8.758681
CTGGTTCAACGCATCA-1-24,20230607-2_8,mrd12,N0,4.595918,10.832549
GGCAATAGTCAATGAG-1-24,20230607-2_8,mrd12,N0,5.743373,8.458612
AAATGGTCAATGTGCC-1-24,20230607-2_8,mrd12,N0,5.8384852,9.755497
CACTCGGTTAGGAGGA-1-24,20230607-2_8,mrd12,N0,5.703298,10.589202
CTCAGGACTCACCTGT-1-24,20230607-2_8,mrd12,N0,7.7072864,9.841697
CCGCCACCACAATCCA-1-24,20230607-2_8,mrd12,N0,6.0331645,8.533766
ATGATGCAATGGTACA-1-24,20230607-2_8,mrd12,N0,5.5999656,9.11488
TTGCGTAGTTTGAGGA-1-24,20230607-2_8,mrd12,N0,5.1620774,7.8854237
GCTGAGGCGTGAGTAT-1-8,20221010-1_3,mrd12,N0,3.9465187,10.874698
CCCAAGACAGAGTATG-1-24,20230607-2_8,mrd12,N0,5.580369,10.459807
GACCGTTACATGCGAC-1-8,20221010-1_3,mrd12,N0,3.209444,9.653842
GCGGTGCGGAGCATCG-1-24,20230607-2_8,mrd12,N0,5.6045456,10.232294
ACCCACCTACATGCTC-1-24,20230607-2_8,mrd12,N0,5.7787385,10.24634
CGACCCTTAACGCCGG-1-8,20221010-1_3,mrd12,N0,5.6790786,11.410209
GGCTATTAAGTTGTAT-1-24,20230607-2_8,mrd12,N0,5.9086666,11.193589
CTTTAGGAACACTGTT-1-24,20230607-2_8,mrd12,N0,7.6321445,7.6434045
AAAGACCCAAGTCGCG-1-24,20230607-2_8,mrd12,N0,5.701079,10.01008
GGCGCATGAATTGATG-1-8,20221010-1_3,mrd12,N0,3.9739249,9.333632
CTCAGATTGTGATAAG-1-24,20230607-2_8,mrd12,N0,5.3692336,8.144666
CGACAATTTGATCTAA-1-20,20221010-4_15,mrd12,N0,2.139073,10.650297
TAGCCGGCGGTCAGCG-1-24,20230607-2_8,mrd12,N0,6.9050446,8.42362
CAGCGCCAACACGATA-1-24,20230607-2_8,mrd12,N0,5.7211933,9.823355
ACAAGGAAATCCGCCC-1-24,20230607-2_8,mrd12,N0,5.927558,10.922058
ATACTCTCGCCACTCT-1-24,20230607-2_8,mrd12,N0,6.5129066,10.833795
ACGATGGATCCGATGC-1-24,20230607-2_8,mrd12,N0,5.4691625,7.482879
CGTCAGCTATTTACTC-1-24,20230607-2_8,mrd12,N0,5.8089123,10.951201
AATAAGTCCTCGAGAC-1-24,20230607-2_8,mrd12,N0,6.1653724,5.7679324
GTATAGGACTCAGTAG-1-24,20230607-2_8,mrd12,N0,7.630287,8.066256
GTCACTCTCCAAATCT-1-24,20230607-2_8,mrd12,N0,5.894875,8.412368
CTCGGTACCACTGCTC-1-24,20230607-2_8,mrd12,N0,5.790551,7.3563743
TCGGTCCCTGACTCCA-1-24,20230607-2_8,mrd12,N0,6.529737,6.229017
GGGAGAACTCACAGTA-1-24,20230607-2_8,mrd12,N0,5.884908,7.418512
ATCCTGCTGCAGATAG-1-24,20230607-2_8,mrd12,N0,6.053266,10.934965
TGTTCATAAATGTGCT-1-24,20230607-2_8,mrd12,N0,5.575691,9.985256
GAGTCTTGTAAAGGAC-1-24,20230607-2_8,mrd12,N0,5.5085034,7.6890144
AGGTTTCACACACCTT-1-24,20230607-2_8,mrd12,N0,4.977885,7.8176656
GTCGGATATCTCAGAC-1-24,20230607-2_8,mrd12,N0,5.0585213,10.097352
ACTCAGACCTGCTTCT-1-24,20230607-2_8,mrd12,N0,6.583957,11.011128
CGGTTCCGGCTTCTTG-1-24,20230607-2_8,mrd12,N0,6.332648,10.815052
TTCTTGAGCCGCGCTA-1-24,20230607-2_8,mrd12,N0,5.8475842,10.475782
TGCCATTACTAAAGAA-1-24,20230607-2_8,mrd12,N0,5.875668,7.6219554
CCTTTAAGGGAGCACT-1-8,20221010-1_3,mrd12,N0,8.86489,6.375085
GTTACGGCCCGACTGC-1-24,20230607-2_8,mrd12,N0,6.163717,10.330696
AAGATGGCACCGGACC-1-24,20230607-2_8,mrd12,N0,6.1270456,9.712204
CTCTTGTCCCGCTTGG-1-24,20230607-2_8,mrd12,N0,6.0970335,9.495324
ACCCTTCATCTGCGAA-1-24,20230607-2_8,mrd12,N0,6.039662,7.99016
CCTGTGCATAGGAGAC-1-24,20230607-2_8,mrd12,N0,7.549189,9.92948
GTCCGAGAGCAATCAT-1-24,20230607-2_8,mrd12,N0,5.705428,10.448651
TTCGTAATCCCAGCGG-1-24,20230607-2_8,mrd12,N0,5.927327,6.9268394
AGATGACTCGCCCACG-1-24,20230607-2_8,mrd12,N0,8.041016,8.301453
GTGCTGCAGATAAGGA-1-8,20221010-1_3,mrd12,N0,1.8680036,10.510976
ACTTAGTACGACAAGA-1-24,20230607-2_8,mrd12,N0,6.620638,10.755174
CCCTTTGACAGGTCTT-1-20,20221010-4_15,mrd12,N0,3.9793212,10.330233
AGGGCGAGCAGCTGAT-1-24,20230607-2_8,mrd12,N0,5.3200316,10.768904
CATCCGCAGGCCCGAA-1-24,20230607-2_8,mrd12,N0,6.3465915,11.079046
CGAGTGCTATAGTTCG-1-24,20230607-2_8,mrd12,N0,6.341888,10.783175
ACAATTTAGGAGGCTC-1-24,20230607-2_8,mrd12,N0,5.583584,10.109499
GCCAAGAATACTTCTG-1-24,20230607-2_8,mrd12,N0,2.639046,3.390533
CCTGTCACCCGGGCTC-1-24,20230607-2_8,mrd12,N0,5.5872602,7.7494197
ATCTTAGGGCATTAAT-1-24,20230607-2_8,mrd12,N0,6.769072,9.876504
GAATTTCTCGCTGCAG-1-24,20230607-2_8,mrd12,N0,6.1287622,10.999605
TGGTTATGCTTGCGGT-1-24,20230607-2_8,mrd12,N0,5.482072,9.672837
ATCATCCAATATTTGT-1-24,20230607-2_8,mrd12,N0,6.1279573,9.7918415
CAGTGTCCGCAGAATG-1-24,20230607-2_8,mrd12,N0,8.899734,9.231723
ACCCTATGCCATATCG-1-24,20230607-2_8,mrd12,N0,5.9207215,10.4117985
TCGCAAAGATGCATTT-1-24,20230607-2_8,mrd12,N0,5.6002893,11.15878
TATACACAGACGCCTT-1-24,20230607-2_8,mrd12,N0,5.7757125,8.461845
CGCCAATTATTGCGTT-1-24,20230607-2_8,mrd12,N0,7.704275,9.5506115
TGAGCAGTCGTGAAGT-1-24,20230607-2_8,mrd12,N0,6.2705903,10.637808
TTAATGTGTTTGCAGG-1-24,20230607-2_8,mrd12,N0,6.280956,11.035745
CGACATGCGATCTTCT-1-24,20230607-2_8,mrd12,N0,5.8067403,8.21859
ACAAGCTATATGGAAG-1-24,20230607-2_8,mrd12,N0,2.4357924,3.187253
GCCTATTCCGATATAG-1-24,20230607-2_8,mrd12,N0,5.792757,8.86369
CCAGCTACGCCTCATA-1-24,20230607-2_8,mrd12,N0,6.38439,10.943953
ACCAAACTAGAAATCC-1-24,20230607-2_8,mrd12,N0,6.2357326,8.205242
GCCACAATTTAAGGAC-1-24,20230607-2_8,mrd12,N0,5.9819374,10.771628
GATCTTCATTGTCCTC-1-24,20230607-2_8,mrd12,N0,5.5617046,10.224175
CTCATTCGTGAACATC-1-24,20230607-2_8,mrd12,N0,2.636708,3.4008002
TTCCACACAGATTTGA-1-24,20230607-2_8,mrd12,N0,5.7577276,10.594665
CGGTCAAGTGGGAACC-1-24,20230607-2_8,mrd12,N0,5.218485,10.424458
ATTCACTGATGTTGGA-1-24,20230607-2_8,mrd12,N0,8.981185,8.028544
CTCTATTTGGCTGCAG-1-24,20230607-2_8,mrd12,N0,5.601853,10.407521
AGTCGGCTCAACTTTA-1-24,20230607-2_8,mrd12,N0,5.6602583,10.384908
GCGAGTTCTGCAAAGA-1-8,20221010-1_3,mrd12,N0,4.2523775,10.754283
CCATGCCTGTTTAGTA-1-24,20230607-2_8,mrd12,N0,5.543171,11.290582
CCATAAACAACCCGAC-1-24,20230607-2_8,mrd12,N0,5.723815,7.309418
TTCAATACTCTGAATC-1-24,20230607-2_8,mrd12,N0,7.5503125,8.054382
TGCCACACTAGAGGAA-1-24,20230607-2_8,mrd12,N0,5.5029807,7.674927
CTCAGGACTCACCTGT-1-8,20221010-1_3,mrd12,N0,4.155349,11.218878
AGTATTTGGCACGACC-1-24,20230607-2_8,mrd12,N0,6.297742,9.562966
GAAGCCTGCACATTCC-1-24,20230607-2_8,mrd12,N0,8.2693815,6.4548583
AACACGCGGCCGCGAA-1-24,20230607-2_8,mrd12,N0,6.403166,10.977083
TCCGGTTCGTCCGGTC-1-24,20230607-2_8,mrd12,N0,5.9339094,10.253194
TCAAACTTAGATTGTT-1-24,20230607-2_8,mrd12,N0,5.5881944,7.6129403
AGACATAGATCCTTCC-1-24,20230607-2_8,mrd12,N0,5.6843476,11.36302
CACGAAAGTTAGTCCC-1-24,20230607-2_8,mrd12,N0,5.4968624,10.595376
ACGTCCTAAACGAGAT-1-24,20230607-2_8,mrd12,N0,5.8256187,8.798899
TTATGACAAACTGGAT-1-24,20230607-2_8,mrd12,N0,5.685185,10.814283
CCTTTAAGGGAGCACT-1-24,20230607-2_8,mrd12,N0,6.254573,8.310103
AGTGGGAGTATACACG-1-24,20230607-2_8,mrd12,N0,8.867775,8.67804
ACAACGGTCCCTGCGA-1-24,20230607-2_8,mrd12,N0,5.7114725,10.125749
CATTTAGCGGACCATG-1-24,20230607-2_8,mrd12,N0,5.5556827,7.851306
TTGCGGCATCAGAAAG-1-24,20230607-2_8,mrd12,N0,5.9596343,9.970609
CTAAACGGGTGTAATC-1-24,20230607-2_8,mrd12,N0,5.7225413,10.257191
GGACTCGTGAGTGGTC-1-24,20230607-2_8,mrd12,N0,5.603942,8.294468
AACCGCTAAGGGATGC-1-20,20221010-4_15,mrd12,N0,5.7066755,11.030012
CGGTGTACTTGATCCC-1-24,20230607-2_8,mrd12,N0,7.033883,10.048128
TAATAGAACAGAGTTA-1-24,20230607-2_8,mrd12,N0,5.584785,9.683251
CGTTTCACTTCGGGCG-1-24,20230607-2_8,mrd12,N0,6.2450852,7.6482234
AGGACTTATAGGAGAA-1-24,20230607-2_8,mrd12,N0,6.513416,10.6772785
GTTACCTACAACTTGC-1-24,20230607-2_8,mrd12,N0,5.6643634,10.271827
TAATTAGATGGATATG-1-24,20230607-2_8,mrd12,N0,6.9761534,10.543464
AGTAATGTCTTGCCGC-1-24,20230607-2_8,mrd12,N0,6.2258916,7.1453295
CGACTCAGGATGTTAT-1-24,20230607-2_8,mrd12,N0,5.6951737,8.61188
CATGAACCTCTTATCA-1-24,20230607-2_8,mrd12,N0,6.343873,6.703394
GAACCTCGACCTACAC-1-24,20230607-2_8,mrd12,N0,5.264234,7.7236013
CACATTCTTTCGATGG-1-24,20230607-2_8,mrd12,N0,5.8426814,7.636892
GTTGGTCATGCTATCC-1-24,20230607-2_8,mrd12,N0,6.70001,9.6525135
TGTAATGACCACAATA-1-24,20230607-2_8,mrd12,N0,5.8536963,11.038164
GATAGGTAACGTTGAC-1-24,20230607-2_8,mrd12,N0,5.555442,9.503424
CACTACTCAGTTCTGT-1-24,20230607-2_8,mrd12,N0,6.1507134,6.0017033
GATTGACACTCTGCTC-1-24,20230607-2_8,mrd12,N0,5.8266587,10.080304
ACTGATTTAGTGATTC-1-24,20230607-2_8,mrd12,N0,5.983992,6.997969
CTTGTCGTACGTGTCA-1-24,20230607-2_8,mrd12,N0,6.839346,10.794988
CTTCATAGCTCAAGAA-1-24,20230607-2_8,mrd12,N0,7.393596,9.800359
TAGAATTAAGGGCAAC-1-24,20230607-2_8,mrd12,N0,5.571839,7.720594
TCCTAAATTGGGAAGC-1-24,20230607-2_8,mrd12,N0,9.339287,7.3353543
GCGGTGAACTGCGCTC-1-24,20230607-2_8,mrd12,N0,5.8593225,7.166629
GTGAGTGGTACAACGC-1-20,20221010-4_15,mrd12,N0,3.2203166,8.308952
CCACTGGTGGCTGGTT-1-24,20230607-2_8,mrd12,N0,5.6302724,11.083908
TTACCCTAACAGTCCT-1-24,20230607-2_8,mrd12,N0,5.726027,8.956545
GCCCGATCTGTGGTCG-1-24,20230607-2_8,mrd12,N0,6.579761,9.464159
CAGGCCGTTTGGGTGT-1-24,20230607-2_8,mrd12,N0,5.865872,10.511685
TAGGGTGTTTCAAGAG-1-24,20230607-2_8,mrd12,N0,7.55216,7.619636
TAACCGTCCAGTTCAT-1-24,20230607-2_8,mrd12,N0,8.846868,8.509094
GTTTGACCAAATCCTA-1-24,20230607-2_8,mrd12,N0,6.024766,7.94778
ATCCAACGCAGTCATA-1-24,20230607-2_8,mrd12,N0,5.3138013,10.94124
CCCTGATGTAACTCGT-1-24,20230607-2_8,mrd12,N0,6.1779294,10.815003
AACTGATATTAGGCCT-1-24,20230607-2_8,mrd12,N0,6.4287777,7.1988482
TCGGAATGCGCTCTGA-1-24,20230607-2_8,mrd12,N0,5.725125,10.383553
AATGTGCTAATCTGAG-1-24,20230607-2_8,mrd12,N0,6.373982,9.698315
CTACTATCTTTCAGAG-1-24,20230607-2_8,mrd12,N0,7.683934,7.1235056
TAGTCCGTATGCATAA-1-24,20230607-2_8,mrd12,N0,6.201336,10.913878
CATGCCAACTCGCAAA-1-24,20230607-2_8,mrd12,N0,5.8721037,11.085407
ACCTGCGTGTCATGTT-1-24,20230607-2_8,mrd12,N0,5.393241,11.230964
CGAGGCCAGGCATTGG-1-24,20230607-2_8,mrd12,N0,6.2767954,10.956777
CCTGCCCGTTGTCTAG-1-24,20230607-2_8,mrd12,N0,5.625398,11.220862
ACGTTATTGGTCACTC-1-24,20230607-2_8,mrd12,N0,5.6229906,10.350471
CGGGATCAATGTAAGA-1-24,20230607-2_8,mrd12,N0,6.558258,7.1556487
CAAGAGGGCGGAGTAC-1-8,20221010-1_3,mrd12,N0,-0.8737059,9.823623
GCTCTAAACCCTGACG-1-24,20230607-2_8,mrd12,N0,6.3270254,6.5970287
CTCGAGGTCGAACAGT-1-24,20230607-2_8,mrd12,N0,5.916433,8.305317
GAACGTTAGGAAGACG-1-24,20230607-2_8,mrd12,N0,5.7434144,11.080838
TCCTCGGGCTGGGCTT-1-24,20230607-2_8,mrd12,N0,6.1492896,8.208604
TCAACATCGACCGAGA-1-24,20230607-2_8,mrd12,N0,5.729174,10.98141
CAAGCAACGTCGGAGT-1-24,20230607-2_8,mrd12,N0,2.9843464,11.116162
CTATTCATGTGTCCCA-1-20,20221010-4_15,mrd12,N0,2.419867,11.48723
CCACAGTACCCATCCT-1-20,20221010-4_15,mrd12,N0,3.3515248,11.43207
TTATGCGTCCCGGTCC-1-24,20230607-2_8,mrd12,N0,4.3989763,11.540876
CCTAGGCGTAGCGATC-1-8,20221010-1_3,mrd12,N0,2.8853164,10.26228
GTAGCGGCTATACACT-1-8,20221010-1_3,mrd12,N0,2.7794056,10.525056
CCAAGTTTCTACAGAT-1-24,20230607-2_8,mrd12,N0,6.053393,10.94493
TCCTGCCAACTGGAGA-1-24,20230607-2_8,mrd12,N0,6.495178,6.4500113
TTGTGTTTCCCGAAAG-1-20,20221010-4_15,mrd12,N0,2.7878685,10.978565
AACATTGAAGTTGATC-1-24,20230607-2_8,mrd12,N0,5.8502216,9.771045
AATGATGATACGCTAT-1-24,20230607-2_8,mrd12,N0,6.0978303,7.4411154
TTCCAATCTGGCTATC-1-24,20230607-2_8,mrd12,N0,5.615572,10.529221
CACTTCGTCTTATCTC-1-24,20230607-2_8,mrd12,N0,5.828219,11.133204
CCTCTGGCCTAGACGG-1-24,20230607-2_8,mrd12,N0,4.859953,6.2833776
GTGGGCTTAGACACAC-1-24,20230607-2_8,mrd12,N0,5.3892484,10.911737
TATGACCTTGCGCTGG-1-24,20230607-2_8,mrd12,N0,5.1315613,7.698956
AGTCGACGGTCTCAAG-1-20,20221010-4_15,mrd12,N0,1.9851756,9.070792
ATCTGATAGTGTCTTA-1-24,20230607-2_8,mrd12,N0,5.879593,11.029942
ATTTGTCTTGGGAGCT-1-24,20230607-2_8,mrd12,N0,5.970896,7.5173287
GTGAAACGTGCTCCAC-1-24,20230607-2_8,mrd12,N0,7.452471,10.308362
GACAGCCAGACCTGAC-1-24,20230607-2_8,mrd12,N0,7.538936,7.4846034
GGGTAATGCTGTGTTT-1-24,20230607-2_8,mrd12,N0,6.471028,10.822193
CTTGCAACCGCCTCCT-1-24,20230607-2_8,mrd12,N0,5.4102116,11.122633
ACATTAGTTTATATCC-1-20,20221010-4_15,mrd12,N0,2.7201765,9.285312
TATTAACACCAAAGCA-1-24,20230607-2_8,mrd12,N0,2.5248897,3.2171617
GACGACGATCCGCGTT-1-24,20230607-2_8,mrd12,N0,6.1034594,7.858487
CAATACGCTCTGAGGC-1-24,20230607-2_8,mrd12,N0,5.3063803,8.101485
TACGAACACGACTTCA-1-24,20230607-2_8,mrd12,N0,5.303347,10.696456
TAACTCCATGGAGGCT-1-24,20230607-2_8,mrd12,N0,6.253912,10.90367
GATCTTGGAGGGCATA-1-24,20230607-2_8,mrd12,N0,5.613948,9.42751
GCCGCATTAGTCCGGC-1-24,20230607-2_8,mrd12,N0,5.6110363,11.208123
TACGACTGCCTCTTAG-1-24,20230607-2_8,mrd12,N0,2.4242246,3.2378037
CCTCATGCAGCTACGA-1-24,20230607-2_8,mrd12,N0,6.437036,10.827757
CCTAAGTGTCTAACCG-1-24,20230607-2_8,mrd12,N0,7.547042,10.190642
GGCGCGTTCGAGTTTA-1-20,20221010-4_15,mrd12,N0,3.817811,10.6420145
TTGTATCACACAGAAT-1-24,20230607-2_8,mrd12,N0,5.453275,7.458082
TCCAACTTTAAATTCT-1-24,20230607-2_8,mrd12,N0,5.971802,10.717369
ATCGGAGACAGACGGC-1-24,20230607-2_8,mrd12,N0,7.962574,8.689623
CCATACCTTTACTTGT-1-20,20221010-4_15,mrd12,N0,5.1633916,9.448241
CCGTTCCGAATCTCGG-1-24,20230607-2_8,mrd12,N0,5.9702682,11.033478
CAATGGATCTCTACCA-1-24,20230607-2_8,mrd12,N0,5.5104504,9.090153
GGAGACCATCTACATA-1-24,20230607-2_8,mrd12,N0,5.5942082,10.238744
CTGATCCCTTTATGCA-1-24,20230607-2_8,mrd12,N0,5.838493,9.530249
GGGCTGCCTAGGGCGA-1-24,20230607-2_8,mrd12,N0,5.5016446,7.989507
ACTTGGGACCCGGTGG-1-24,20230607-2_8,mrd12,N0,9.14829,8.5834675
GTCCAGGCACGTGTGC-1-24,20230607-2_8,mrd12,N0,7.0355897,6.895177
ATAAACGGACCCGTAA-1-20,20221010-4_15,mrd12,N0,2.820676,11.723551
TAAATTTAGTAACACC-1-24,20230607-2_8,mrd12,N0,6.609749,7.3549676
CCTATGGGTTACCGTC-1-24,20230607-2_8,mrd12,N0,5.49629,7.8292313
TGTACCTACACGAGGG-1-20,20221010-4_15,mrd12,N0,3.7098143,11.519566
CCAGCTTCCGCCCGCA-1-24,20230607-2_8,mrd12,N0,5.6033683,10.145423
TTGTAAGGACCTAAGT-1-24,20230607-2_8,mrd12,N0,5.672481,10.171596
TCTTACGGCATCCGAC-1-24,20230607-2_8,mrd12,N0,6.056353,10.3110485
ACACTGATCAAGGTGT-1-24,20230607-2_8,mrd12,N0,6.02051,10.836665
AGGCTATGGTTAGCTT-1-24,20230607-2_8,mrd12,N0,6.416388,10.717505
TGCCTGATCAAACGAT-1-24,20230607-2_8,mrd12,N0,7.961363,8.499403
CCCTCGGGAGCCTTGT-1-24,20230607-2_8,mrd12,N0,5.7795835,9.717385
TCGGACGCCCAGCCCA-1-24,20230607-2_8,mrd12,N0,6.024849,9.888285
TCCGGTTCGTCCGGTC-1-20,20221010-4_15,mrd12,N0,4.26667,11.01221
GGTTAGGCTTGGAGAA-1-24,20230607-2_8,mrd12,N0,5.39853,11.483836
CGACCCTTAACGCCGG-1-24,20230607-2_8,mrd12,N0,5.5262694,9.735591
AGTAATTTGCAAGCGT-1-24,20230607-2_8,mrd12,N0,8.036314,9.621885
TCGCTAAACCGCTATC-1-24,20230607-2_8,mrd12,N0,6.0129285,7.394055
TCACAGCAAACTCGAA-1-20,20221010-4_15,mrd12,N0,3.7884672,11.330033
ACGCCAGATGATTTCT-1-24,20230607-2_8,mrd12,N0,5.640178,8.640025
GCTGAGGCGTGAGTAT-1-24,20230607-2_8,mrd12,N0,5.7140784,7.417696
CCTCGCGCGATATAGG-1-24,20230607-2_8,mrd12,N0,6.7208962,8.111244
CATGACTTCGCTGAAT-1-20,20221010-4_15,mrd12,N0,-0.07009427,9.451454
AATTCATAAGGGATCT-1-24,20230607-2_8,mrd12,N0,5.848341,7.883661
GGGAGTAATGGCTGGC-1-24,20230607-2_8,mrd12,N0,6.069898,10.812641
TGGTAAGCAGGATTGA-1-24,20230607-2_8,mrd12,N0,5.3860974,7.7390895
AAACGAAGAACATACC-1-24,20230607-2_8,mrd12,N0,5.799562,8.801035
GACCTGGTCTGGGCGT-1-24,20230607-2_8,mrd12,N0,7.0410957,9.504802
ACGCGAAGTCAGACGA-1-24,20230607-2_8,mrd12,N0,5.6677513,8.343621
GTCAAGCGGACTCGGG-1-24,20230607-2_8,mrd12,N0,6.072592,7.519919
ACCACCAATGTAACAA-1-20,20221010-4_15,mrd12,N0,1.9404927,8.906086
CGTCACGTCCATTGGT-1-24,20230607-2_8,mrd12,N0,5.870157,10.170905
GTGGCGGGCCGTAGCT-1-24,20230607-2_8,mrd12,N0,6.2629247,6.0510626
TGCGTGATTGGGTGTC-1-24,20230607-2_8,mrd12,N0,6.4397526,10.904946
GGTCGGTAATTAGACA-1-24,20230607-2_8,mrd12,N0,7.8676195,9.627723
CGCTATTCAATGTATG-1-24,20230607-2_8,mrd12,N0,6.6800575,10.501723
ACTGTTTAGTGTAGGC-1-24,20230607-2_8,mrd12,N0,5.7996173,9.079501
GGCGCGTTCGAGTTTA-1-24,20230607-2_8,mrd12,N0,5.4470377,8.019058
CTCTACACTGGCGATT-1-24,20230607-2_8,mrd12,N0,5.7846527,10.581609
GTCATTAGAGCGAACG-1-24,20230607-2_8,mrd12,N0,5.8097787,7.5764165
ATTCTCGTCTCTTTAG-1-24,20230607-2_8,mrd12,N0,5.654427,9.357632
ACGCAAACTAATAGAT-1-24,20230607-2_8,mrd12,N0,6.301342,7.5878797
CGCTGAGGACGTCCAA-1-24,20230607-2_8,mrd12,N0,6.15145,11.020001
ATATAAATGTAGCTGC-1-24,20230607-2_8,mrd12,N0,8.86025,7.8056946
GTCCTACAGGCGGCTC-1-24,20230607-2_8,mrd12,N0,5.8779025,11.036854
GCGACATGTAAACATC-1-20,20221010-4_15,mrd12,N0,2.647366,6.875527
GGTGAACGGGCTAGCC-1-24,20230607-2_8,mrd12,N0,6.5586953,10.958989
GGACCAACAGGATAAC-1-24,20230607-2_8,mrd12,N0,5.6470723,8.675944
AAGAGCTCTTTATCGG-1-24,20230607-2_8,mrd12,N0,5.8167515,8.7070055
AATCGGGACACTACGA-1-24,20230607-2_8,mrd12,N0,5.6623874,10.196526
ATGTGCATCCGACGCA-1-24,20230607-2_8,mrd12,N0,6.592731,6.8995585
GAGGCTATCAAAGTCG-1-24,20230607-2_8,mrd12,N0,6.2598124,9.712636
GCAAATATTACGCTTT-1-24,20230607-2_8,mrd12,N0,5.3939567,10.717712
ACCAGACCATAACAAC-1-24,20230607-2_8,mrd12,N0,2.3962295,3.0857775
TGGCGGTGTGCGATTG-1-24,20230607-2_8,mrd12,N0,6.309602,10.564929
CGTCAATCTTTAACAT-1-24,20230607-2_8,mrd12,N0,6.4166365,10.907294
TGCTGTTGAAGAACTC-1-8,20221010-1_3,mrd12,N0,3.5646641,11.244638
AGTTTCGCAGGTCGGA-1-24,20230607-2_8,mrd12,N0,5.7927923,8.114449
ACGTCTCGTTCCGGGA-1-24,20230607-2_8,mrd12,N0,5.478814,7.7777114
TCCCTCCGAAATCGTT-1-24,20230607-2_8,mrd12,N0,7.0823355,10.253265
GTATCTCGGGCGCTTT-1-24,20230607-2_8,mrd12,N0,5.305578,8.02241
AACCGTTGTGTTTGCT-1-24,20230607-2_8,mrd12,N0,5.5580416,7.5200706
CTAACTGGTCCGGTTC-1-24,20230607-2_8,mrd12,N0,2.3603485,3.0939078
ATCTAATATCCTACGG-1-24,20230607-2_8,mrd12,N0,8.444057,8.258353
CCACGGAGCCATAAGA-1-24,20230607-2_8,mrd12,N0,5.658453,10.120137
GGGATACGGTAATAAT-1-24,20230607-2_8,mrd12,N0,5.603613,10.542181
CGCTTTCATACCGGTG-1-24,20230607-2_8,mrd12,N0,6.387375,7.408495
ATGAGGAGTGTTAATC-1-24,20230607-2_8,mrd12,N0,5.890436,10.240351
TTGTTTGTGTAAATTC-1-24,20230607-2_8,mrd12,N0,5.647691,9.104787
ACATTAGTTTATATCC-1-24,20230607-2_8,mrd12,N0,6.094406,9.407761
GAAGTCTCCCTAGCGA-1-20,20221010-4_15,mrd12,N0,2.0437937,8.711662
CTCAAACCACTGCCCG-1-24,20230607-2_8,mrd12,N0,6.0706816,8.308544
TGATGGGACTAAGTCA-1-24,20230607-2_8,mrd12,N0,8.111435,9.187149
AAACCGTTCGTCCAGG-1-24,20230607-2_8,mrd12,N0,5.8358626,10.245008
TAGACGCCCGTACCGG-1-20,20221010-4_15,mrd12,N0,3.1655498,9.203417
TAGAGTCTAAGCGAAC-1-24,20230607-2_8,mrd12,N0,6.828652,9.016182
TATCTAGCCTAAAGGA-1-24,20230607-2_8,mrd12,N0,5.6185336,10.344965
AGTTCACCGGTTGGAC-1-24,20230607-2_8,mrd12,N0,5.625463,10.271427
TGTGTCGCGAGTTGCA-1-24,20230607-2_8,mrd12,N0,5.739441,9.98967
ACATCGTATGCAATGG-1-24,20230607-2_8,mrd12,N0,6.24622,9.597261
TGATCGGTTTGACCCT-1-24,20230607-2_8,mrd12,N0,4.259664,11.152391
CCCTGTTGGCAAAGAC-1-24,20230607-2_8,mrd12,N0,6.4442534,10.884335
GTAGACAACCGATGAA-1-24,20230607-2_8,mrd12,N0,5.501336,9.893803
TATCTACAGAGGTAAT-1-24,20230607-2_8,mrd12,N0,5.6755366,8.656443
GTGGCGGTCCCAGCGT-1-24,20230607-2_8,mrd12,N0,5.822914,11.124367
GGCTGGCTAGCTTAAA-1-24,20230607-2_8,mrd12,N0,6.486412,10.98698
TTGTTTCCATACAACT-1-24,20230607-2_8,mrd12,N0,5.9214935,11.1992445
TTGGGACACTGCCCGC-1-24,20230607-2_8,mrd12,N0,5.143586,8.001524
TTAGCAACATGGATGT-1-24,20230607-2_8,mrd12,N0,4.0535674,11.648537
TCGCGTCCAGAAGGTC-1-24,20230607-2_8,mrd12,N0,5.678029,9.789536
TTGAATATGGACTTTC-1-24,20230607-2_8,mrd12,N0,5.6569753,9.005171
GAAGTCAGTTGCACTA-1-24,20230607-2_8,mrd12,N0,5.808317,8.709827
TCGTGTACTATGGATG-1-8,20221010-1_3,mrd12,N0,-0.5949533,11.75061
GGTTCGGATTATACTA-1-24,20230607-2_8,mrd12,N0,5.4797044,9.4256115
GAGAATCTCACGATCA-1-24,20230607-2_8,mrd12,N0,5.762485,10.985766
CTCATGGCTCACAATC-1-24,20230607-2_8,mrd12,N0,6.0215464,7.334031
CTCGGGCATCGTCGGG-1-24,20230607-2_8,mrd12,N0,6.2298965,7.9417386
ACTTATTAGGATCGGT-1-24,20230607-2_8,mrd12,N0,5.5102344,7.6199503
ATGGTCGCGTGGTTTC-1-24,20230607-2_8,mrd12,N0,7.8385653,7.688029
TCAGACGCTATAGAAG-1-24,20230607-2_8,mrd12,N0,4.883674,9.866508
TCAAACAACCGCGTCG-1-24,20230607-2_8,mrd12,N0,6.061254,7.4800916
GTCTATCTGAGTTTCT-1-24,20230607-2_8,mrd12,N0,5.600195,9.288453
GTAATAAAGGGCTCCC-1-20,20221010-4_15,mrd12,N0,5.72464,7.098628
GTCGTACCATCTCGGG-1-20,20221010-4_15,mrd12,N0,2.4915671,11.740139
CTCCTCCAGCTCACAC-1-24,20230607-2_8,mrd12,N0,6.548202,7.565209
GAAATACCTGCTGGCT-1-24,20230607-2_8,mrd12,N0,6.1472793,6.9168324
TGGCTCTTGTCGCGTA-1-8,20221010-1_3,mrd12,N0,2.6097324,10.281307
CTAAAGGGAAATAGGA-1-8,20221010-1_3,mrd12,N0,0.29838997,11.455212
TATCTACCACAGCGGG-1-24,20230607-2_8,mrd12,N0,5.342857,8.021098
CTGGAAATGGATGCTT-1-24,20230607-2_8,mrd12,N0,7.0218635,8.710519
TACGCAGTTCTTTCCT-1-24,20230607-2_8,mrd12,N0,6.15602,10.485331
TTACCGCCTTAGGGAA-1-24,20230607-2_8,mrd12,N0,6.6104264,10.873843
GCTGGGTCCGCTGTTA-1-24,20230607-2_8,mrd12,N0,8.36475,9.226247
GCCGGAAACACATCTT-1-24,20230607-2_8,mrd12,N0,5.6819825,11.208139
GTTCGGTGTGGATTTA-1-24,20230607-2_8,mrd12,N0,8.513983,8.852972
ACGGCGGGTTGCCCTG-1-24,20230607-2_8,mrd12,N0,6.451891,11.089047
GTATAATCTCCCGGAT-1-24,20230607-2_8,mrd12,N0,5.740789,11.029194
CCTAACTAAGGCTCTA-1-24,20230607-2_8,mrd12,N0,5.7072773,7.937729
TCAGCAGTAGGCCCTG-1-24,20230607-2_8,mrd12,N0,6.0134583,8.952448
TTGACTACCATATGGT-1-24,20230607-2_8,mrd12,N0,5.5737634,8.067681
TCAGCAAATGCATCTC-1-24,20230607-2_8,mrd12,N0,5.563246,9.183705
ACGTTCGTTCAGGAAA-1-24,20230607-2_8,mrd12,N0,5.9994063,8.87455
AATACCTGATGTGAAC-1-19,20221010-4_14,mrd7,N0,10.579228,6.226678
ATTCGTGTACCCATTC-1-19,20221010-4_14,mrd7,N0,10.425554,5.297667
CCACTGGTGGCTGGTT-1-7,20221010-1_2,mrd7,N0,10.798421,5.1741805
CCCGTGACAGTGCCTT-1-19,20221010-4_14,mrd7,N0,8.620666,5.425809
TCGTGTACTATGGATG-1-7,20221010-1_2,mrd7,N0,10.309269,6.6744094
AAGTGCCTTGACTGTA-1-19,20221010-4_14,mrd7,N0,1.8910719,6.3050647
GTAGAGGGAGACAAGT-1-7,20221010-1_2,mrd7,N0,9.510617,5.411094
CGTGCATTGTCGACGC-1-7,20221010-1_2,mrd7,N0,9.830207,6.2568736
CCTTAAGTACGCAATT-1-19,20221010-4_14,mrd7,N0,7.8706665,5.2006187
TAAGGGCTGGGAGAGG-1-7,20221010-1_2,mrd7,N0,11.4393,5.2364874
TTAGTAGGGCGGCGGG-1-7,20221010-1_2,mrd7,N0,11.407304,5.0026765
ATCGTTAGCTAGCGGA-1-19,20221010-4_14,mrd7,N0,4.553122,9.257543
GTGAGCGTGCTGCACT-1-7,20221010-1_2,mrd7,N0,11.207082,2.9111233
TGTCCGTGGCGCCTTT-1-7,20221010-1_2,mrd7,N0,11.096817,3.0878763
TATGGGACCGAGCAGG-1-23,20230607-2_5,primary,N0,1.6522758,2.9118385
CGGTTCAAGTAGGTGT-1-23,20230607-2_5,primary,N0,1.9382467,2.8127985
GTGAAACGGCGCCACC-1-23,20230607-2_5,primary,N0,2.1859272,2.9268029
AATAGGCACGACCCTT-1-17,20221010-3_9,primary,N0,-1.9483831,7.51238
GTATCAGCTTGGGTTC-1-17,20221010-3_9,primary,N0,-1.7791357,10.413632
ACGCGCTACACAGGGT-1-23,20230607-2_5,primary,N0,5.6103687,11.050527
CGCGAGTCTGCCGGGT-1-23,20230607-2_5,primary,N0,4.9320683,6.021177
CGGAGTTTGAGAGACA-1-23,20230607-2_5,primary,N0,1.9715953,2.9068167
AACCCATCCCATGATC-1-23,20230607-2_5,primary,N0,7.6366205,9.666383
CCGCGGGTACGAAGAA-1-23,20230607-2_5,primary,N0,5.754852,10.110286
TTAGCTAATACGATCT-1-23,20230607-2_5,primary,N0,1.570662,2.8780944
TAACAAAGGGAGAAGC-1-23,20230607-2_5,primary,N0,1.867738,3.236085
CAATTAAGGGTGATGA-1-22,20230607-1_1,primary,N0,5.0484304,9.430228
ACGTTTAGTTGTGATC-1-23,20230607-2_5,primary,N0,5.771696,9.908618
AGTGAACAAACTTCTC-1-22,20230607-1_1,primary,N0,3.5245304,6.400074
ATGGTGCTCAAAGCCA-1-18,20221010-4_13,primary,N0,0.47470224,11.080776
ACCAAGAACGCGTGTC-1-23,20230607-2_5,primary,N0,1.0762668,2.364402
TGGTACCGGCACAGCC-1-6,20221010-1_1,primary,N0,-2.1528068,8.607956
ATCCAGGATTCGTGAA-1-23,20230607-2_5,primary,N0,1.4144653,2.9472814
GTATAGTGGCCCATGT-1-23,20230607-2_5,primary,N0,5.542553,11.374893
TTGGCTCGCATGAGAC-1-23,20230607-2_5,primary,N0,1.3921562,2.6621733
GAAACAGCCATGCAGT-1-23,20230607-2_5,primary,N0,1.5138645,2.8419106
CTTTGGCGCTTTATAC-1-23,20230607-2_5,primary,N0,5.5391736,10.957476
ATGATGCAATGGTACA-1-23,20230607-2_5,primary,N0,2.3984318,3.0659306
CCCGCGCAATGCACCC-1-18,20221010-4_13,primary,N0,1.4836758,8.682164
CGCCACAGGTCGCGAT-1-23,20230607-2_5,primary,N0,6.253844,11.102502
CATAAGCTCTCCGTCT-1-22,20230607-1_1,primary,N0,3.8186266,9.179213
GTTGCACGGAGTTTCG-1-22,20230607-1_1,primary,N0,6.20613,8.788779
AAAGGGATGTAGCAAG-1-22,20230607-1_1,primary,N0,7.6961837,9.440468
CCAAACAGAACCCTCG-1-22,20230607-1_1,primary,N0,7.9487104,9.834068
AGTCTCACAAGACTAC-1-23,20230607-2_5,primary,N0,5.6044784,7.6094785
GGGCCTATTTAAGTAT-1-23,20230607-2_5,primary,N0,5.238254,8.123761
TACCTTAAGATTTCCC-1-23,20230607-2_5,primary,N0,2.315358,2.9531698
ACACCCGAGAAATCCG-1-23,20230607-2_5,primary,N0,1.8842579,3.4854243
TGCAATCTAACACGGT-1-10,20221010-2_5,primary,N0,-1.071213,8.269686
GGTTTCAATCGGTCAG-1-23,20230607-2_5,primary,N0,5.0367346,7.2255383
GAAGCTTGCTGACCGC-1-23,20230607-2_5,primary,N0,1.7643867,2.762249
AGATACCGGTGTTCAC-1-22,20230607-1_1,primary,N0,1.4073071,6.2937346
CGTTGTCGGCAATTGA-1-10,20221010-2_5,primary,N0,-2.1416392,8.152813
GAATAGCCCTGCGGTC-1-23,20230607-2_5,primary,N0,5.7254276,7.0732193
GTCAAAGAAGTGGTGT-1-23,20230607-2_5,primary,N0,5.935687,11.15287
TACAAGTCTCGTGCAT-1-23,20230607-2_5,primary,N0,1.7595074,2.9129837
TACGTGCACTATGCTG-1-17,20221010-3_9,primary,N0,-0.10578755,7.977502
ATACGGTGAAGATGCA-1-23,20230607-2_5,primary,N0,6.927583,10.434294
CGGCACTCAAGAAAGT-1-22,20230607-1_1,primary,N0,1.1283928,8.106613
TAGAATTAAGGGCAAC-1-23,20230607-2_5,primary,N0,5.841219,11.282378
TGAGATTAGGCCCTAA-1-23,20230607-2_5,primary,N0,5.241838,7.347155
GGGACCCGTATATCTT-1-23,20230607-2_5,primary,N0,1.6907533,2.8275132
GACTCCCAGAATAAGG-1-23,20230607-2_5,primary,N0,6.4951487,7.143131
ACCTAATCGACTTCCT-1-22,20230607-1_1,primary,N0,2.3363788,8.112234
GCAAATATTACGCTTT-1-23,20230607-2_5,primary,N0,5.121643,8.147831
TAATAGTGACGACCAG-1-22,20230607-1_1,primary,N0,4.468799,8.681214
GATCGGCGATAAGTCG-1-6,20221010-1_1,primary,N0,-1.409693,9.84395
CATATAGGTACAGTCA-1-22,20230607-1_1,primary,N0,1.0350105,6.837753
CCTGCCCGTTGTCTAG-1-23,20230607-2_5,primary,N0,5.693695,11.375791
TGACGATGCACTAGAA-1-22,20230607-1_1,primary,N0,4.13447,7.363481
GGGTTAACATTTGAGT-1-23,20230607-2_5,primary,N0,5.261944,8.382821
TGTAGTGATCTATAAT-1-23,20230607-2_5,primary,N0,5.205957,7.737356
ACACGGGAACTTAGGG-1-22,20230607-1_1,primary,N0,5.695797,8.890595
AGGGAAACGAGGTACT-1-23,20230607-2_5,primary,N0,2.1315906,3.073158
AGCGCATAATGAATCG-1-23,20230607-2_5,primary,N0,1.7576777,2.6996787
ACCGACTGAGTCCCAC-1-23,20230607-2_5,primary,N0,1.8049989,3.6075683
GACAACGACCATTGAA-1-22,20230607-1_1,primary,N0,6.1627703,9.175145
CGTGGCCGAATATCTA-1-6,20221010-1_1,primary,N0,-1.2123832,7.0443764
CAGTACCAGTTTACGT-1-22,20230607-1_1,primary,N0,2.1867955,7.131596
CATATTATTTGCCCTA-1-23,20230607-2_5,primary,N0,5.4774356,10.099072
AATGCAACCGGGTACC-1-22,20230607-1_1,primary,N0,8.211586,9.360504
CGATCTGTTGGAGGAC-1-6,20221010-1_1,primary,N0,-0.7035089,10.422964
CAAACGTGGTCTTGCG-1-23,20230607-2_5,primary,N0,5.458515,11.462988
CCCGAAGTTTCGCGAA-1-23,20230607-2_5,primary,N0,5.558829,11.319708
ATGCCGGTCTTGCATA-1-22,20230607-1_1,primary,N0,2.146598,9.127511
ATACCAGGTGAGCGAT-1-17,20221010-3_9,primary,N0,-1.385456,10.385753
ACGTGCGCCTCGTGCA-1-23,20230607-2_5,primary,N0,1.5232006,2.5172334
GATTCCTATACGGCGC-1-23,20230607-2_5,primary,N0,1.8720422,2.789898
AACTGAGGTCAGCGTC-1-23,20230607-2_5,primary,N0,5.615893,10.34739
TCTATTACGCTGGCGA-1-17,20221010-3_9,primary,N0,-0.6859563,10.081407
TAATAGTGACGACCAG-1-23,20230607-2_5,primary,N0,5.066339,7.4054604
TGTGTTCGTATCCAAG-1-22,20230607-1_1,primary,N0,6.209019,9.182319
TGTGCCGGTGCCGGAA-1-10,20221010-2_5,primary,N0,-1.5043843,10.633728
CACTTCGCCACAGGCT-1-22,20230607-1_1,primary,N0,6.9926243,10.577908
GAGCGCTGTTAGGTAA-1-23,20230607-2_5,primary,N0,6.9313064,9.350789
ACAGTAATACAACTTG-1-23,20230607-2_5,primary,N0,5.4669495,11.277924
CCTACGGCTCAGTCGA-1-22,20230607-1_1,primary,N0,1.680616,7.511896
AGTAGCTAGACGCCGA-1-23,20230607-2_5,primary,N0,5.6511602,11.46598
CAGGCCGTTTGGGTGT-1-22,20230607-1_1,primary,N0,2.2836056,7.519788
GCAAGAATTCCTTGGC-1-22,20230607-1_1,primary,N0,2.4288187,6.492555
CCGCGGAATGCGTCAC-1-10,20221010-2_5,primary,N0,-1.5555879,11.03637
TCAACGCAGGAAATAA-1-23,20230607-2_5,primary,N0,5.5525775,10.017616
CACTCCTATGTAAGAT-1-23,20230607-2_5,primary,N0,5.571541,10.912672
GCGATTCTGGAAGCAG-1-23,20230607-2_5,primary,N0,6.011407,10.429673
GTGATTCGCCGCTCAA-1-23,20230607-2_5,primary,N0,5.4636984,9.647289
TGAAAGGACCTGACTC-1-23,20230607-2_5,primary,N0,1.830098,3.6282306
AGAGATCTCTAAAGCG-1-23,20230607-2_5,primary,N0,5.4070745,7.7576647
TGATACATTTAGCCGT-1-23,20230607-2_5,primary,N0,5.4216433,11.141689
TGGGAAATGCCTTTCC-1-23,20230607-2_5,primary,N0,1.0393791,3.5090547
ACCAGACCATAACAAC-1-23,20230607-2_5,primary,N0,9.398617,9.093799
CGCGGCTCAACTTGAA-1-22,20230607-1_1,primary,N0,1.7540301,4.9241047
CACTTCGTCTTATCTC-1-22,20230607-1_1,primary,N0,3.04967,6.608827
AAACCTCATGAAGTTG-1-23,20230607-2_5,primary,N0,5.593745,10.437169
GACACAAGGGAAGAAA-1-23,20230607-2_5,primary,N0,1.8796397,3.6349363
GGGCTGGTTAGTCGCG-1-22,20230607-1_1,primary,N0,2.4450197,8.264254
CGTTGTCGGCAATTGA-1-6,20221010-1_1,primary,N0,-0.8091147,10.255488
GCTCTATGTTACGTGC-1-23,20230607-2_5,primary,N0,2.0732012,3.5616791
GAAAGCCCTTTGGACC-1-23,20230607-2_5,primary,N0,5.461616,11.392184
CGGTGCGCGTTGGTCC-1-23,20230607-2_5,primary,N0,5.5245543,10.550156
TGCACAGTGAAGTTAT-1-23,20230607-2_5,primary,N0,5.405431,7.976312
TCACAAACCGAGGTAC-1-10,20221010-2_5,primary,N0,-1.4577932,8.190052
ATAGGCGGCTATAGAA-1-22,20230607-1_1,primary,N0,2.1199727,6.5712748
TTAACGAACAAGCAGT-1-23,20230607-2_5,primary,N0,5.181731,7.6612306
AGGCATTGTCGTAGGG-1-22,20230607-1_1,primary,N0,2.3263247,5.6905107
TTACAACTACGCATCC-1-22,20230607-1_1,primary,N0,4.964826,9.21327
TACAAGTCTCGTGCAT-1-22,20230607-1_1,primary,N0,4.3046584,9.116327
TCGTATTTCGTCCGGA-1-23,20230607-2_5,primary,N0,6.377064,11.104929
TCGTGTACTATGGATG-1-10,20221010-2_5,primary,N0,-2.0414865,9.028442
ATGCATGATCCAGGAT-1-23,20230607-2_5,primary,N0,2.47929,3.1608582
ATACTAGCATGACCCT-1-23,20230607-2_5,primary,N0,1.7651483,2.8505185
AAACCGGGTAGGTACC-1-6,20221010-1_1,primary,N0,0.47388446,8.7794485
TAGCTCGCCTGATAAC-1-23,20230607-2_5,primary,N0,2.2906008,3.049975
GACTACAAAGCGGTGG-1-22,20230607-1_1,primary,N0,3.209497,7.37335
AGTTAAACACTTGCGA-1-23,20230607-2_5,primary,N0,1.6918917,2.8417792
CACCGCCAGAAGGTTT-1-23,20230607-2_5,primary,N0,6.2138767,7.695078
CGGTGTACTTGATCCC-1-17,20221010-3_9,primary,N0,-0.32544488,11.201152
CAGGCGCACGGTGGTC-1-22,20230607-1_1,primary,N0,1.257486,4.999146
ACAAGCAGTGCCTAGC-1-22,20230607-1_1,primary,N0,5.693572,9.187174
AAGTTCGGCCAACAGG-1-22,20230607-1_1,primary,N0,2.7648985,5.740756
AATAGCTACCGCGTGC-1-23,20230607-2_5,primary,N0,5.0232697,7.3184133
TCCGGAGGAAGGGCTG-1-17,20221010-3_9,primary,N0,-1.1592358,6.2529726
CTGCCAAGGTTGGAAG-1-10,20221010-2_5,primary,N0,-1.283303,6.3969073
TCAGGTTCTTTGAGAA-1-23,20230607-2_5,primary,N0,5.3959904,7.292887
GCCCGCGCGTAAACGG-1-23,20230607-2_5,primary,N0,5.1022806,7.4507513
CAGGGCTAACGAAACC-1-6,20221010-1_1,primary,N0,-0.26852155,8.273524
TCCGAAGTAGTCACCA-1-23,20230607-2_5,primary,N0,5.4233823,11.188648
ACGGATGGTGCGGATA-1-6,20221010-1_1,primary,N0,-0.11859203,9.906685
TAAGTCGCCGAGTATC-1-6,20221010-1_1,primary,N0,-1.1302028,11.54357
GAGGCTATCAAAGTCG-1-10,20221010-2_5,primary,N0,-1.7353814,8.973742
TTGACTACCATATGGT-1-23,20230607-2_5,primary,N0,5.6052833,10.396586
ATATTGCTGTCAAAGT-1-22,20230607-1_1,primary,N0,4.218387,8.814783
TGTCCGTGGCGCCTTT-1-17,20221010-3_9,primary,N0,0.5767106,8.482215
AGAGGGACAATTGTCC-1-23,20230607-2_5,primary,N0,2.3886178,3.1144903
GCCCGACTTCTTCCCG-1-22,20230607-1_1,primary,N0,3.3464649,6.5136576
TGTACTGTGCCAAAGT-1-17,20221010-3_9,primary,N0,-0.99504745,9.187542
AGTAGGAAGGAAGTTG-1-23,20230607-2_5,primary,N0,1.9924954,2.8735971
ACCGATGGTAGCATCG-1-23,20230607-2_5,primary,N0,1.8127741,3.1727474
ATACGGAACGTCGTTT-1-23,20230607-2_5,primary,N0,5.633446,10.80861
GTAGGTGATCCGTGTA-1-23,20230607-2_5,primary,N0,1.7666266,2.9103386
TTGTTTCACATCCAGG-1-10,20221010-2_5,primary,N0,-1.5532802,9.105376
GTGAGGACACTTAAGG-1-22,20230607-1_1,primary,N0,1.3435488,7.8759723
TAGCTAGAAGGCATGA-1-23,20230607-2_5,primary,N0,2.385924,3.0222962
CAAATCTCTCACAAGG-1-22,20230607-1_1,primary,N0,1.163064,7.344737
TCCCGGGTGTGCTGCT-1-23,20230607-2_5,primary,N0,2.5116487,3.1833162
CTTGTTGCTGAGTCAA-1-22,20230607-1_1,primary,N0,1.3464417,7.5695686
CTATGTGAGTCACGGC-1-23,20230607-2_5,primary,N0,5.7896037,11.399166
CGCTTCCACTGAAATC-1-22,20230607-1_1,primary,N0,7.761437,9.43336
TTGCCAAGCAGAACCC-1-22,20230607-1_1,primary,N0,6.46627,9.107978
CCGGGCGGTCTCGTCA-1-23,20230607-2_5,primary,N0,5.5882,10.504568
TCGCTTTAAACGTTTG-1-23,20230607-2_5,primary,N0,5.6439996,10.431251
AACCTTTACGACGTCT-1-23,20230607-2_5,primary,N0,5.133491,7.615053
TGTTCTTCCATTGACT-1-22,20230607-1_1,primary,N0,2.4601128,6.6806583
TATTCCTCCGCCCACT-1-23,20230607-2_5,primary,N0,5.755198,11.2195425
CCAACGATGCACTGAT-1-23,20230607-2_5,primary,N0,1.6526881,2.6549168
AAGAGGCATGGATCGC-1-22,20230607-1_1,primary,N0,2.6631007,7.9739738
AACGCATGATCTGGGT-1-23,20230607-2_5,primary,N0,5.476576,10.996332
TCCTGCGTTGATACTC-1-23,20230607-2_5,primary,N0,5.9246597,9.664959
ACTTACCGGGCGCGCA-1-23,20230607-2_5,primary,N0,5.3833547,8.0403185
TATATCCCTGGGAGGA-1-22,20230607-1_1,primary,N0,3.6156306,7.0471296
GGTGCAGAGCCTATCG-1-23,20230607-2_5,primary,N0,5.4608636,11.225857
TATGCTCCCTACTTAC-1-22,20230607-1_1,primary,N0,7.6279798,9.611538
GCGTCTCTGCATTGGG-1-22,20230607-1_1,primary,N0,1.3388528,6.6548834
TGCAGCTACGTACTTC-1-22,20230607-1_1,primary,N0,3.239711,8.498038
CAGCGCCAACACGATA-1-23,20230607-2_5,primary,N0,7.565536,10.179134
AGGATATAGGGATTTA-1-23,20230607-2_5,primary,N0,1.2462894,2.5263672
CCATGCCTGTTTAGTA-1-22,20230607-1_1,primary,N0,2.6064804,7.604908
TAGTCCGCAGAGAATG-1-22,20230607-1_1,primary,N0,1.4300843,6.8949895
AATATTGGAGTATTGA-1-23,20230607-2_5,primary,N0,2.3398793,3.0495667
TTGTTGTGTGTCAAGA-1-23,20230607-2_5,primary,N0,0.89518964,2.2601867
AACGTGCGAAAGTCTC-1-22,20230607-1_1,primary,N0,2.0397906,7.103221
TGCGACGGCCGAACGT-1-23,20230607-2_5,primary,N0,5.668308,10.615423
CTGGCATCCGAATGAG-1-22,20230607-1_1,primary,N0,3.8708801,6.289143
TCCGATTACATTGCCG-1-22,20230607-1_1,primary,N0,1.7248605,7.063089
GAAGTGATTTATCGTG-1-23,20230607-2_5,primary,N0,2.3386967,3.0625806
ATGTGCATCCGACGCA-1-23,20230607-2_5,primary,N0,5.463576,7.7611957
ATAATAGTGTAGGGAC-1-22,20230607-1_1,primary,N0,4.8058314,10.516253
CGGAAAGCAAATGTGC-1-6,20221010-1_1,primary,N0,-1.6403046,7.367221
GAAATACCTGCTGGCT-1-23,20230607-2_5,primary,N0,5.5311575,11.370659
CGGAACGTAAACATAG-1-23,20230607-2_5,primary,N0,5.3837924,9.5128355
AGCTAACAAGCAATGT-1-23,20230607-2_5,primary,N0,5.4647226,11.351458
GCTTCAGTGGGATTAC-1-23,20230607-2_5,primary,N0,1.7184116,2.642876
CATTTCTAGCAGACTA-1-22,20230607-1_1,primary,N0,2.4952073,7.8558683
GACACTGGAACCCGAT-1-22,20230607-1_1,primary,N0,4.756946,7.379393
TTATGACAAACTGGAT-1-22,20230607-1_1,primary,N0,5.8177776,9.430259
AAAGACCCAAGTCGCG-1-23,20230607-2_5,primary,N0,6.5486956,9.841967
CAGAGTGATTTAACGT-1-23,20230607-2_5,primary,N0,6.602011,11.066962
TCTAGTTATCAGAAGA-1-22,20230607-1_1,primary,N0,0.917718,7.4872727
CAACGGTTCTTGATAC-1-23,20230607-2_5,primary,N0,8.469741,7.0746703
CTCATGGTAATTTGCG-1-22,20230607-1_1,primary,N0,3.5607314,6.3216343
TCAACCATGTTCGGGC-1-22,20230607-1_1,primary,N0,6.0781345,8.771009
ATCCAATGGTACCGAA-1-23,20230607-2_5,primary,N0,6.0563736,10.981386
ACCCTATAGGACTGAG-1-22,20230607-1_1,primary,N0,3.286948,6.78157
AGTCGGCCCAAACGAC-1-23,20230607-2_5,primary,N0,2.397229,3.1998463
CAAACGAGTATCGCAG-1-23,20230607-2_5,primary,N0,1.6772597,2.6903832
TTGCACAATTCAGAAA-1-22,20230607-1_1,primary,N0,0.22839181,6.561524
GGATTAAGCTAAGGTC-1-23,20230607-2_5,primary,N0,5.4152484,11.123543
CCAATGTCACAGCAAG-1-23,20230607-2_5,primary,N0,1.7128701,2.828821
TAAACGTCGTCAATGA-1-22,20230607-1_1,primary,N0,3.0437577,7.056298
TCGTCACACTGTTAGC-1-23,20230607-2_5,primary,N0,5.419176,11.066172
TTCAATACTCTGAATC-1-23,20230607-2_5,primary,N0,2.124133,3.069457
CTCCTGTTCAAGGCAG-1-22,20230607-1_1,primary,N0,5.228541,6.591963
CACAGCACCCACGGCA-1-23,20230607-2_5,primary,N0,5.5900283,10.550068
GATGTAACGAACCACC-1-22,20230607-1_1,primary,N0,3.664105,6.4710493
ATATTCAGTTAAACCT-1-22,20230607-1_1,primary,N0,0.7260128,7.7026825
TGGCATGAAGTTTGGG-1-23,20230607-2_5,primary,N0,5.9837976,9.748107
CATTGCGAAATGGGCG-1-17,20221010-3_9,primary,N0,-1.5598516,9.273175
AGTCAACACCACCATC-1-22,20230607-1_1,primary,N0,0.093152665,6.449386
GGGCGAATTTCTCCAC-1-22,20230607-1_1,primary,N0,1.4029138,6.291792
GTTTCATATCGTCGCT-1-23,20230607-2_5,primary,N0,5.629447,10.699189
CACACGTTTCAATGGG-1-23,20230607-2_5,primary,N0,5.5732417,11.333903
TCGCTGGGCGGATTGT-1-10,20221010-2_5,primary,N0,-2.1471093,6.511411
GTGAAGTCACGACTCG-1-23,20230607-2_5,primary,N0,5.609696,11.422319
TCCTCCTAAGACATTC-1-23,20230607-2_5,primary,N0,5.666818,11.45165
AGTATAATACTAGGCA-1-22,20230607-1_1,primary,N0,7.0110245,9.5288515
ATGGTCGCGTGGTTTC-1-22,20230607-1_1,primary,N0,0.7796491,6.434966
AATATCGAGGGTTCTC-1-23,20230607-2_5,primary,N0,1.5638075,3.0565438
TCCTAGCAAAGAAGCT-1-22,20230607-1_1,primary,N0,1.6506453,6.302188
CCTAAAGGCTGACGCT-1-23,20230607-2_5,primary,N0,1.1551595,2.3662744
GCTCTCGGGTACCGAA-1-23,20230607-2_5,primary,N0,6.477883,7.1272426
GGGAACGGGAGGTTAG-1-23,20230607-2_5,primary,N0,5.189032,10.813944
CGGGCCATAGCCGCAC-1-22,20230607-1_1,primary,N0,1.8235399,7.2122526
TACGATGTTGATCATC-1-22,20230607-1_1,primary,N0,2.0719821,6.2461977
TTAATCAGTACGTCAG-1-23,20230607-2_5,primary,N0,2.3397496,3.0293257
CCGGGTTCGAGGTTAC-1-23,20230607-2_5,primary,N0,5.6774483,9.910826
AATAACAACGCTCGGC-1-23,20230607-2_5,primary,N0,2.3663735,3.0716875
ACAAGGCCTACCAGCC-1-23,20230607-2_5,primary,N0,5.1819973,11.163853
ACATCGTATGCAATGG-1-17,20221010-3_9,primary,N0,-0.97766066,4.2047496
TGACTATAATCCTTTC-1-23,20230607-2_5,primary,N0,1.6031394,2.8670485
TAAACCCAGGAGGGCA-1-10,20221010-2_5,primary,N0,-1.6568121,9.646685
AAACTCGTGATATAAG-1-23,20230607-2_5,primary,N0,5.110173,7.3932896
TGAGTAAATTAGCGTA-1-23,20230607-2_5,primary,N0,1.5238808,2.6757593
GTGGACCAACCCGATT-1-6,20221010-1_1,primary,N0,-1.2987431,8.514525
AAAGACTGGGCGCTTT-1-23,20230607-2_5,primary,N0,5.962183,9.87512
GGATCCGGAATATACT-1-22,20230607-1_1,primary,N0,2.9344304,8.876035
GCTAGTAGAGCTTGTA-1-22,20230607-1_1,primary,N0,0.94435084,7.18563
GACAGATTTCTGGCTC-1-23,20230607-2_5,primary,N0,5.372504,11.332999
TCGCTGGGCGGATTGT-1-22,20230607-1_1,primary,N0,5.659494,8.848018
GGTTCGATGCTGAGTT-1-23,20230607-2_5,primary,N0,5.497371,10.658122
GGTCTCTGAATGGACT-1-23,20230607-2_5,primary,N0,5.516057,11.198603
GCAAGATGTGTTCGCG-1-23,20230607-2_5,primary,N0,5.6339545,7.976212
TTGTTCAGTGTGCTAC-1-23,20230607-2_5,primary,N0,1.2990528,2.3822734
TTGACATGAACGTGGA-1-23,20230607-2_5,primary,N0,1.2651922,2.4291859
CTGGGTAGGCAGTTAA-1-22,20230607-1_1,primary,N0,-0.1885484,6.7449746
CCTGGCTAGACCCGCC-1-22,20230607-1_1,primary,N0,3.5024323,9.352504
GCGCTATGCCGAGGCA-1-10,20221010-2_5,primary,N0,-2.1863403,5.592684
CATTATGCTTGTTGTG-1-23,20230607-2_5,primary,N0,5.5355225,7.6780486
TCCCAGGCTTAGCTAA-1-23,20230607-2_5,primary,N0,4.951379,7.256232
ACAAACCGACAAGGCG-1-23,20230607-2_5,primary,N0,5.47189,11.347974
ATCGGAGACAGACGGC-1-6,20221010-1_1,primary,N0,-2.282382,7.0681515
TGTACTACTCTCACGG-1-23,20230607-2_5,primary,N0,5.181136,7.5748143
CATTGCAAAGCATAAT-1-23,20230607-2_5,primary,N0,5.1683097,11.405207
CCAAGAAAGTGGGCGA-1-23,20230607-2_5,primary,N0,5.634219,9.767074
CTAATTCGCACGCGCT-1-22,20230607-1_1,primary,N0,4.009942,9.163607
TTCTTGTAACCTAATG-1-23,20230607-2_5,primary,N0,1.9713899,2.9876282
TAGCTAAGTCCGGGAG-1-23,20230607-2_5,primary,N0,7.0500393,6.971124
AGTTATTGAAAGGTAA-1-23,20230607-2_5,primary,N0,5.431374,11.439662
TTGAATATGGACTTTC-1-22,20230607-1_1,primary,N0,2.4857202,8.516355
ATTCTTCGTACTTATG-1-23,20230607-2_5,primary,N0,5.5393343,11.455531
AAGAGCTCTTTATCGG-1-22,20230607-1_1,primary,N0,1.9779011,7.1246014
AGCTGAAGTAAACCAA-1-23,20230607-2_5,primary,N0,5.667338,10.512724
GCCCGACTTCTTCCCG-1-6,20221010-1_1,primary,N0,-1.3458259,11.00809
GGTTTAGCCTTTCTTG-1-22,20230607-1_1,primary,N0,2.1343338,7.0607924
ACGCATTCGTGAGTAC-1-23,20230607-2_5,primary,N0,1.6929178,3.9071493
CGCTTATTCCCGGTCG-1-23,20230607-2_5,primary,N0,5.6053243,11.204041
AGATTCAAGCGGGTCG-1-23,20230607-2_5,primary,N0,5.447215,10.807912
GCGTCGAAATGTCGGT-1-23,20230607-2_5,primary,N0,1.7352273,2.866367
CTAGACATATATGTAG-1-23,20230607-2_5,primary,N0,5.2551146,11.094246
TAAATGAATCCGTTTC-1-23,20230607-2_5,primary,N0,2.1029494,3.1855328
TCGAATATCCCGCAGG-1-23,20230607-2_5,primary,N0,5.542087,11.338935
CTCGAATGGAACGTAT-1-23,20230607-2_5,primary,N0,5.6227226,10.374171
CGCTCTCCGTAGATTA-1-22,20230607-1_1,primary,N0,2.6212463,6.331259
CTGGGTTGAGTTAAAG-1-23,20230607-2_5,primary,N0,8.921705,9.345255
GTAATAAAGGGCTCCC-1-22,20230607-1_1,primary,N0,5.1893287,9.20407
AGTGGCGTCTGAAGGT-1-10,20221010-2_5,primary,N0,-1.2103659,10.117272
GTCTCGACTAAGTTTG-1-23,20230607-2_5,primary,N0,2.1391726,3.5278227
TTAAACAGAGTCCCGC-1-18,20221010-4_13,primary,N0,2.2163608,10.950238
GCAGCTATGGACAGGT-1-23,20230607-2_5,primary,N0,5.4777484,10.874739
ACCTGCGTGTCATGTT-1-23,20230607-2_5,primary,N0,5.8227296,11.175408
TGGTCGTGCAAGGCAA-1-22,20230607-1_1,primary,N0,6.9157543,10.0864
GACGGGTTGGCCCGTA-1-23,20230607-2_5,primary,N0,5.1191444,7.552503
TAGGGTGTTTCAAGAG-1-22,20230607-1_1,primary,N0,8.156198,9.516541
TAGGTGAGCCCTACTC-1-23,20230607-2_5,primary,N0,2.0897176,2.9617834
TTGTAACTTCATAGCG-1-23,20230607-2_5,primary,N0,5.4527264,11.427332
TTGGCCATCTTGCGCT-1-18,20221010-4_13,primary,N0,0.94728583,11.490761
CGCGAGAGGGACTTGT-1-23,20230607-2_5,primary,N0,5.521804,10.933013
CATAAGCTCTCCGTCT-1-23,20230607-2_5,primary,N0,5.5738215,11.366052
CCGTAAGTTGGTCCCA-1-22,20230607-1_1,primary,N0,2.231303,6.999708
TCGCTGTGCGTAAATC-1-10,20221010-2_5,primary,N0,-1.7319139,10.39376
GGTTTAATTACCATCG-1-23,20230607-2_5,primary,N0,5.603258,11.430431
CCCAATTTCACAACTT-1-22,20230607-1_1,primary,N0,2.3290446,7.4880896
CTGGAAATGGATGCTT-1-23,20230607-2_5,primary,N0,1.0974708,2.3844807
TTATCCTCAAGGAATA-1-22,20230607-1_1,primary,N0,1.827691,4.963157
AAAGTAGCATTGCTCA-1-22,20230607-1_1,primary,N0,3.386032,5.5817375
AGGTAGGTACAAAGCT-1-23,20230607-2_5,primary,N0,5.6498165,11.263665
TTGGATTGGGTACCAC-1-23,20230607-2_5,primary,N0,1.9068251,3.0531714
GGTCGTAAGCTCGCAC-1-6,20221010-1_1,primary,N0,-1.7579901,9.693612
CGGAGTCCTAACCTGG-1-23,20230607-2_5,primary,N0,5.693731,10.969133
TCACTACGACCAATGC-1-23,20230607-2_5,primary,N0,5.5945396,10.471167
TTGTCGTTCAGTTACC-1-23,20230607-2_5,primary,N0,5.068701,7.483876
TCAAACTTAGATTGTT-1-22,20230607-1_1,primary,N0,3.526142,8.3435135
TTAAACCGGTAGCGAC-1-23,20230607-2_5,primary,N0,5.993164,11.197206
AGCACTACCGGCCTGT-1-22,20230607-1_1,primary,N0,3.6964023,8.9931
TAGAGTCTAAGCGAAC-1-22,20230607-1_1,primary,N0,3.020625,9.006082
TGGTAGAATATATGGG-1-22,20230607-1_1,primary,N0,1.4889628,5.174873
TTACCCTAACAGTCCT-1-23,20230607-2_5,primary,N0,1.8972191,2.8159974
ATTCATATACTGTCCA-1-23,20230607-2_5,primary,N0,1.6252296,2.6138346
CTCGGTCCGTAGCCTG-1-23,20230607-2_5,primary,N0,1.2837713,2.420656
GCTTTCTATCTCAACT-1-23,20230607-2_5,primary,N0,5.586186,10.376656
AAGTGCGTTAGAATCT-1-22,20230607-1_1,primary,N0,2.985395,6.8489113
AGGGCTGCAGTTACAG-1-22,20230607-1_1,primary,N0,2.339359,8.843381
GTGTACCTTGGCTACG-1-23,20230607-2_5,primary,N0,1.7485334,3.4207587
TGCTGTTGAAGAACTC-1-23,20230607-2_5,primary,N0,1.549705,2.7693126
CTATTCATGTGTCCCA-1-10,20221010-2_5,primary,N0,-1.6051908,9.246255
TCGGGATTCAAACATA-1-23,20230607-2_5,primary,N0,5.208887,7.5464225
ACAATAGTCGTACGTT-1-23,20230607-2_5,primary,N0,5.7662563,10.270714
CGACACCGCTTAAGGA-1-23,20230607-2_5,primary,N0,1.6869004,2.679484
CACCGTTAGGGATCAC-1-22,20230607-1_1,primary,N0,0.34837747,6.6374736
CTAATTCTCAGATATT-1-23,20230607-2_5,primary,N0,1.6472735,2.8077576
GCGCCTCCCACTCCGA-1-22,20230607-1_1,primary,N0,4.5708985,7.7677813
GTGGCGGTCCCAGCGT-1-23,20230607-2_5,primary,N0,5.3963866,11.207121
TTAAGCCGACAACTTC-1-23,20230607-2_5,primary,N0,2.3420057,3.010543
ATAGAGTACTGGGACA-1-23,20230607-2_5,primary,N0,5.462335,7.3098564
GAGAGGGCGCGAGGTT-1-22,20230607-1_1,primary,N0,2.5047626,6.5851407
TCGGAGAGTATCGGGA-1-10,20221010-2_5,primary,N0,-0.92368793,8.056031
GATGGCGCACACATTA-1-22,20230607-1_1,primary,N0,5.604006,9.920199
CGCGAGTCTGCCGGGT-1-22,20230607-1_1,primary,N0,1.466264,4.767799
CAAATGTCCTTCCGTG-1-23,20230607-2_5,primary,N0,1.697113,2.7939372
TAAGTAACATCTTGAC-1-23,20230607-2_5,primary,N0,5.6077285,10.507348
CTAGCATAGTATAATG-1-22,20230607-1_1,primary,N0,0.04045351,7.9200954
TGCAACCCATCTGCGG-1-10,20221010-2_5,primary,N0,-1.3585958,10.396211
AGGCCCAGTGACTGGT-1-22,20230607-1_1,primary,N0,0.72045314,6.9418826
GCATACGAGGTCTTTA-1-22,20230607-1_1,primary,N0,5.7877383,8.799916
CCCGGTGTATCGGAAT-1-22,20230607-1_1,primary,N0,1.2485582,4.5876684
GAGTCAGACCAGAATC-1-23,20230607-2_5,primary,N0,5.574079,9.917689
TGCAAGAATGACGTAA-1-23,20230607-2_5,primary,N0,5.4173465,7.8245454
TCAGTGTATACGTCAT-1-23,20230607-2_5,primary,N0,5.603462,10.072403
TCCGAACTTGGCTTAC-1-22,20230607-1_1,primary,N0,4.563655,9.324702
CTCTACACTGGCGATT-1-23,20230607-2_5,primary,N0,5.5468025,11.460881
AGACTGTTACCGGGTC-1-23,20230607-2_5,primary,N0,5.7218876,9.982969
AGTGTGCTAAGATCGC-1-22,20230607-1_1,primary,N0,0.57642245,7.073932
ATATGTGCACAAACCA-1-23,20230607-2_5,primary,N0,2.414607,3.0866911
ATTCAGGATCGCCTCT-1-23,20230607-2_5,primary,N0,5.2264357,11.178531
TCAGTAGGGACTATAA-1-23,20230607-2_5,primary,N0,1.6794133,3.4834504
GGGCAGAGCAATCGTT-1-10,20221010-2_5,primary,N0,-1.4561405,10.383418
TGGTTAAGGGCGCTGG-1-23,20230607-2_5,primary,N0,1.7485979,2.8049555
GATCCGGGAATTAACA-1-22,20230607-1_1,primary,N0,0.28910875,7.222849
CCAGTCTAGACGGCGC-1-23,20230607-2_5,primary,N0,5.6188974,10.300634
AATGCAACCGGGTACC-1-23,20230607-2_5,primary,N0,5.145003,5.4526024
CTCTCACAATCGATGA-1-23,20230607-2_5,primary,N0,1.535596,3.020931
AGGGTTTAGTTCGGGA-1-22,20230607-1_1,primary,N0,1.8329493,7.4759183
ACATCAGCTGGGACGC-1-23,20230607-2_5,primary,N0,5.733322,10.443289
CAGCAGTCTGTGCTGC-1-6,20221010-1_1,primary,N0,-1.2854823,10.66896
CGGGATCAATGTAAGA-1-23,20230607-2_5,primary,N0,5.0262938,5.486828
CCTCGGATGCTACCTG-1-23,20230607-2_5,primary,N0,9.45764,9.217758
CTTGTACTTGTTGACT-1-23,20230607-2_5,primary,N0,1.1811851,2.9313896
TAGCTAGTGATGATGG-1-10,20221010-2_5,primary,N0,-2.0066779,9.107335
GAAACATAGGAAACAG-1-23,20230607-2_5,primary,N0,9.236077,9.219715
AAACGAGACGGTTGAT-1-22,20230607-1_1,primary,N0,2.766663,9.283018
AAGGATCGATCGCTTG-1-22,20230607-1_1,primary,N0,4.4710536,8.84403
TTCTTGCTAGCATCTC-1-22,20230607-1_1,primary,N0,6.2391467,8.892872
ACTCCCATTCCTAAAG-1-23,20230607-2_5,primary,N0,5.4675384,10.058342
TCCACTTTATCTAGGT-1-22,20230607-1_1,primary,N0,2.5570629,7.2311296
TCAACAAAGATAATTC-1-23,20230607-2_5,primary,N0,5.5186853,11.282199
TTGATTAGCTGTTTCT-1-22,20230607-1_1,primary,N0,1.4958093,6.2725954
GGCGTCCTATCCGCTG-1-23,20230607-2_5,primary,N0,2.3172886,3.086508
GTCCGGCTGAATTGCG-1-23,20230607-2_5,primary,N0,4.842183,5.0663505
CTTGACCCGAAAGATA-1-23,20230607-2_5,primary,N0,5.8724713,10.955847
TAGGGAGCTTGGGATG-1-22,20230607-1_1,primary,N0,4.2116823,7.5843954
GCGGACCGCGTTGTGG-1-23,20230607-2_5,primary,N0,5.552729,9.985354
ATGCGACAGTCCCATT-1-22,20230607-1_1,primary,N0,1.4650029,7.7335305
CAAGTGTGGTTGCAAA-1-22,20230607-1_1,primary,N0,3.4201953,6.8879166
CAGCAGCCCGTTCCTT-1-22,20230607-1_1,primary,N0,4.4554644,9.753265
GCGTCGCCAGGGTGAT-1-6,20221010-1_1,primary,N0,-1.5197599,11.018168
CCGGAATGGTTTCAGT-1-23,20230607-2_5,primary,N0,2.077512,3.0377033
TATTCAATTCTAATCC-1-22,20230607-1_1,primary,N0,2.3252647,8.50923
ACAAGGACAAGAGGTT-1-23,20230607-2_5,primary,N0,2.0298853,2.9806242
CAGTACATTCTCTAAA-1-23,20230607-2_5,primary,N0,5.0835943,7.4978476
AGATTATAGGACGTTT-1-23,20230607-2_5,primary,N0,1.6169633,3.4238365
AAACAGGGTCTATATT-1-23,20230607-2_5,primary,N0,5.3496,11.469064
GTTACAATTGGTGACG-1-23,20230607-2_5,primary,N0,5.596168,10.019286
TCGTAAGCTCCGAGGA-1-23,20230607-2_5,primary,N0,5.553391,8.385732
CGCAATTACTTTCGGT-1-23,20230607-2_5,primary,N0,2.279557,3.10754
AAACTAACGTGGCGAC-1-23,20230607-2_5,primary,N0,5.494954,11.272775
AGAGAACCGTCTAGGA-1-22,20230607-1_1,primary,N0,-0.0853006,6.614104
TTAAACAGAGTCCCGC-1-22,20230607-1_1,primary,N0,0.77411634,7.725675
GTATGAAATTTCACTC-1-22,20230607-1_1,primary,N0,3.7285347,6.4637814
AGGCACGTGACTGTCC-1-22,20230607-1_1,primary,N0,4.6615796,7.2314343
AGCGACCAACGATATT-1-22,20230607-1_1,primary,N0,7.6657786,8.501722
GATTGACACTCTGCTC-1-23,20230607-2_5,primary,N0,5.4499683,10.951046
AACGTCAGACTAGTGG-1-23,20230607-2_5,primary,N0,2.089316,3.8246546
TAACTCCATGGAGGCT-1-22,20230607-1_1,primary,N0,4.8466134,7.654836
AAATTTACCGAAATCC-1-23,20230607-2_5,primary,N0,5.6684613,11.462079
ATAGGCGGCTATAGAA-1-23,20230607-2_5,primary,N0,2.3264282,3.0271845
AAGGAGCGGTTGGTGC-1-22,20230607-1_1,primary,N0,6.4602695,9.099104
TTCAGGCGTCAAAGCC-1-22,20230607-1_1,primary,N0,4.3865156,8.870583
CTACTGCCACCTGACC-1-23,20230607-2_5,primary,N0,6.63313,7.4194174
GATGTAACGAACCACC-1-23,20230607-2_5,primary,N0,5.6217065,11.496113
CAACCAGTGGCCTACC-1-22,20230607-1_1,primary,N0,7.413978,8.088011
CCAAGGAACAGAGAGG-1-23,20230607-2_5,primary,N0,2.3543549,3.1019118
ACTCTCTTATACACGA-1-23,20230607-2_5,primary,N0,5.475599,11.432844
GCGTTCGGAGACCGGG-1-23,20230607-2_5,primary,N0,5.1081233,7.3266006
AGAGTAAACTTCACTA-1-22,20230607-1_1,primary,N0,4.5131917,7.51141
GCTGAATCTTCCAATC-1-23,20230607-2_5,primary,N0,9.334749,9.269316
TTCCACATTTCTCGTC-1-23,20230607-2_5,primary,N0,5.275997,11.412368
CGACTCAGGATGTTAT-1-23,20230607-2_5,primary,N0,1.593422,3.1618035
GTAGACGTCGTTACAT-1-17,20221010-3_9,primary,N0,-1.2080709,8.775594
CGGTGCAGATAGAACG-1-23,20230607-2_5,primary,N0,5.392339,10.709324
CCCGCCATGCTCCCGT-1-23,20230607-2_5,primary,N0,1.8189832,2.914925
CGCGCCCGACTTAATA-1-23,20230607-2_5,primary,N0,2.2915423,2.9819355
AAGGGACTATGCATTC-1-23,20230607-2_5,primary,N0,6.635816,10.651816
TGTAATGACCACAATA-1-23,20230607-2_5,primary,N0,6.2593594,10.371004
AGTCTTCTCCTCAAAT-1-23,20230607-2_5,primary,N0,1.8913494,2.8396814
GAATGGGCTTATCGAC-1-23,20230607-2_5,primary,N0,3.8494694,8.852363
TGTGTCGCGAGTTGCA-1-22,20230607-1_1,primary,N0,6.8089814,9.341208
GGAGCACCAAGAACTA-1-22,20230607-1_1,primary,N0,4.6048036,8.957963
TCGGGATTCAAACATA-1-22,20230607-1_1,primary,N0,2.89497,9.389774
AACAGGATGGGCCGCG-1-23,20230607-2_5,primary,N0,1.598376,2.6721826
CGTTTAAGCGGAGCAC-1-23,20230607-2_5,primary,N0,1.6650488,3.1349466
GGCAAATTACTTTACT-1-22,20230607-1_1,primary,N0,0.94573826,5.5727735
ACTTATTAGGATCGGT-1-23,20230607-2_5,primary,N0,1.5250734,2.8900142
TCGGTCCCGACAATAG-1-22,20230607-1_1,primary,N0,0.36434937,6.580164
ATAGCCTCAGTACCCA-1-22,20230607-1_1,primary,N0,3.4068658,6.8812547
TGCTCACACAACAACC-1-23,20230607-2_5,primary,N0,5.5580564,11.223792
TCTGAGCAATTGACTG-1-22,20230607-1_1,primary,N0,4.435358,6.3458753
CCGAACACTGGGCCTC-1-22,20230607-1_1,primary,N0,3.1303325,7.171818
GTGCCTCAGTGTACGG-1-23,20230607-2_5,primary,N0,5.662945,8.141439
ATTTACAGTTTACTGG-1-23,20230607-2_5,primary,N0,1.463515,2.720872
TAGGAACAGCCTCCAG-1-23,20230607-2_5,primary,N0,5.451187,11.404671
TCCCAAACAGACAACG-1-23,20230607-2_5,primary,N0,5.3320394,8.001492
CGGGAATATAGTATAC-1-22,20230607-1_1,primary,N0,4.4230247,7.878902
AGACGGGATTGGTATA-1-23,20230607-2_5,primary,N0,5.3027163,11.47889
AGATTATAGGACGTTT-1-22,20230607-1_1,primary,N0,1.4878796,6.9671793
TATTTGTTACCCTTTA-1-23,20230607-2_5,primary,N0,1.7603031,3.627268
CTTCTTACGTCGTATA-1-23,20230607-2_5,primary,N0,1.9842756,3.37102
CCTTCTTGATCCAGTG-1-23,20230607-2_5,primary,N0,1.4598546,2.592038
GTGACTTCAGTAGTGC-1-23,20230607-2_5,primary,N0,2.5028832,3.1167479
TTGTAAGGACCTAAGT-1-6,20221010-1_1,primary,N0,-0.82991385,10.04323
TCTATCATGCAGTTAC-1-22,20230607-1_1,primary,N0,5.5068097,9.080397
TATCACTTCGAGTAAC-1-23,20230607-2_5,primary,N0,5.46017,11.137798
GTCGCCGTTGTGTGTT-1-23,20230607-2_5,primary,N0,5.624697,10.695525
CATGTAGGAGCGCCAA-1-23,20230607-2_5,primary,N0,5.033184,10.551043
AACTTGCGTTCTCGCG-1-22,20230607-1_1,primary,N0,2.478932,7.611613
TCCGTTTAGCCTTGAA-1-22,20230607-1_1,primary,N0,5.9381967,9.881608
ATACCACGGGCAACTT-1-23,20230607-2_5,primary,N0,5.5733767,10.138869
AATCCATGCAAGGGTG-1-21,20221010-4_16,relapsed,N0,1.6546048,8.957493
AGATTATAGGACGTTT-1-9,20221010-1_4,relapsed,N0,-1.4152423,11.373286
ACAAACCGACAAGGCG-1-9,20221010-1_4,relapsed,N0,-0.94274414,11.432998
CAATATTGGACTAGTG-1-21,20221010-4_16,relapsed,N0,4.6436124,9.692123
TGCGGAGTAAAGGTGC-1-9,20221010-1_4,relapsed,N0,-1.5436085,10.498773
TGGCGGTGTGCGATTG-1-9,20221010-1_4,relapsed,N0,-1.1669501,6.312255
CTAAGGGAATGATTGG-1-9,20221010-1_4,relapsed,N0,-1.0690069,11.713243
GGATTCAGTACGGTGG-1-9,20221010-1_4,relapsed,N0,-1.4048007,11.289266
GGAACTTTGGCGATTA-1-21,20221010-4_16,relapsed,N0,3.6071372,9.367205
AGCTTATAGAGACCTG-1-9,20221010-1_4,relapsed,N0,-1.3662373,6.6641574
ACATGGCTCAATTTAG-1-21,20221010-4_16,relapsed,N0,3.756458,9.767143
ACGGCGGGTTGCCCTG-1-21,20221010-4_16,relapsed,N0,2.3526604,11.250626
AAATGGTCAATGTGCC-1-9,20221010-1_4,relapsed,N0,-1.3818878,9.919135
AGCGTACGAGAGCTAG-1-21,20221010-4_16,relapsed,N0,5.095623,10.727539
ATGCATTCCGTGATGG-1-9,20221010-1_4,relapsed,N0,-1.6163459,7.854045
TGTACTGTGCCAAAGT-1-9,20221010-1_4,relapsed,N0,-0.9975819,11.913394
TACAAATTGCGGAGGT-1-9,20221010-1_4,relapsed,N0,-0.86767995,11.348088
TTATGAATGAAAGGGA-1-9,20221010-1_4,relapsed,N0,-1.1156595,11.402008
TTCATAGCCTTGTAAC-1-21,20221010-4_16,relapsed,N0,3.607177,8.501006
GCTGGCGGCGCATGCT-1-9,20221010-1_4,relapsed,N0,-0.38599896,9.963953
AGGACGCTCGATGTTG-1-9,20221010-1_4,relapsed,N0,-1.3794487,11.350719
GAAAGAACAGCGTTAT-1-9,20221010-1_4,relapsed,N0,-1.5489786,9.381316
TGCGGGTATTGGGATC-1-9,20221010-1_4,relapsed,N0,0.56997323,9.660587
CCTAAACAGGGTCCGT-1-9,20221010-1_4,relapsed,N0,-2.003163,7.919336
CAGGATCCGCCCGACC-1-9,20221010-1_4,relapsed,N0,2.4146461,10.754786
CTAGATGTGAGTGTAA-1-9,20221010-1_4,relapsed,N0,-1.393714,11.215772
GGTTGTATCGTGAAAT-1-9,20221010-1_4,relapsed,N0,-0.16028184,10.381889
AAATTGCGGCGGTTCT-1-21,20221010-4_16,relapsed,N0,3.3706887,9.509889
AGGGTCAGTAACCCTA-1-9,20221010-1_4,relapsed,N0,-0.78978026,9.668257
GGAGGGCTTGGTTGGC-1-9,20221010-1_4,relapsed,N0,-1.4884758,10.961763
CTACGTGTTGCCACCA-1-21,20221010-4_16,relapsed,N0,3.0486605,10.305638
CTGCAAGCACGTTCCG-1-21,20221010-4_16,relapsed,N0,3.1748352,11.301512
AGAGGTATCTCGGTCC-1-9,20221010-1_4,relapsed,N0,-0.9118483,10.628268
CTCGGGCATCGTCGGG-1-9,20221010-1_4,relapsed,N0,-1.3563406,11.005516
TAAAGGAGAAACTAGT-1-9,20221010-1_4,relapsed,N0,-0.5820646,9.522574
TGGTCCCACGCTACGG-1-9,20221010-1_4,relapsed,N0,-1.7106106,6.9355483
CGCGAGAGGGACTTGT-1-9,20221010-1_4,relapsed,N0,-0.47172225,10.641868
GATAAATCGGTGGATG-1-9,20221010-1_4,relapsed,N0,2.6068988,6.8423843
ACGGAATTTAGCAAAT-1-9,20221010-1_4,relapsed,N0,-1.3846964,10.801485
GTGGCGGGCCGTAGCT-1-9,20221010-1_4,relapsed,N0,-1.2873131,10.993866
TCGTGTACTATGGATG-1-9,20221010-1_4,relapsed,N0,-0.48009193,10.540125
GAGTACGGGTATACAA-1-9,20221010-1_4,relapsed,N0,-1.5200077,10.061272
CTTTCTGTGCGGGCTT-1-9,20221010-1_4,relapsed,N0,1.4549367,10.080801
ATAAACCATTGGACGG-1-9,20221010-1_4,relapsed,N0,-0.9181018,11.570556
TCTGACTGTAATGGTT-1-21,20221010-4_16,relapsed,N0,2.1174998,9.333903
CTGCTTGGCGATAGCT-1-9,20221010-1_4,relapsed,N0,-1.2061253,8.284919
TGGAAGAAGGGAACGT-1-9,20221010-1_4,relapsed,N0,-1.134775,11.617202
ACGGCGACGATGGGAA-1-9,20221010-1_4,relapsed,N0,-1.0582029,11.834356
GCTGTCTGTGATCGAC-1-9,20221010-1_4,relapsed,N0,3.452811,10.972346
TGCTCGGCGAAACCCA-1-9,20221010-1_4,relapsed,N0,1.4224495,11.166596
TTCGGCTAGAGATGGT-1-9,20221010-1_4,relapsed,N0,-0.7714631,11.6472645
CGATATTAGCCGCAGG-1-9,20221010-1_4,relapsed,N0,2.9199343,11.631597
ATGGAGCAGGCCGTGA-1-9,20221010-1_4,relapsed,N0,-2.4950173,7.8727074
CTAAAGTCCGAAGCTA-1-21,20221010-4_16,relapsed,N0,2.6049228,10.151424
GCTCGCGGTTCCGCTC-1-21,20221010-4_16,relapsed,N0,2.1016846,7.9132853
CCGAAAGTGGTGAGCA-1-9,20221010-1_4,relapsed,N0,-1.3075523,10.885553
ACGTGGTCGAATGTGC-1-9,20221010-1_4,relapsed,N0,-0.7230871,11.39396
GTTCCAAGACAGCGAC-1-21,20221010-4_16,relapsed,N0,2.4886649,11.233813
GTAGCCAAACATGGGA-1-9,20221010-1_4,relapsed,N0,-0.26428443,10.99917
AGGATAAAGTCGGGAT-1-9,20221010-1_4,relapsed,N0,-1.4094329,11.282702
AACGCGAACGGCAACA-1-21,20221010-4_16,relapsed,N0,3.0498986,9.044558
CCCAAGACAGAGTATG-1-9,20221010-1_4,relapsed,N0,-1.23145,9.992995
AAGAGGATGTACGCGA-1-9,20221010-1_4,relapsed,N0,2.6146538,11.802021
ATATAAATGTAGCTGC-1-9,20221010-1_4,relapsed,N0,2.6446447,10.946333
GAGCTGTCGTCTCGGA-1-9,20221010-1_4,relapsed,N0,0.13616091,11.489365
CAGTAGCGAGGTAGTA-1-21,20221010-4_16,relapsed,N0,2.4979126,9.162212
ACGGCACTTGCTTGGG-1-9,20221010-1_4,relapsed,N0,-1.0771232,10.591307
TGGAAACGGAGTGAAC-1-21,20221010-4_16,relapsed,N0,5.7742844,10.264349
GGAACGGCCTGCAGCC-1-21,20221010-4_16,relapsed,N0,2.5453992,8.044056
CTGGCTCCTGCGGGAT-1-21,20221010-4_16,relapsed,N0,1.2264148,9.164842
GTTTGGGCTTGTGAGC-1-9,20221010-1_4,relapsed,N0,-0.6173482,11.239446
GTATAGTGGCCCATGT-1-9,20221010-1_4,relapsed,N0,0.55762374,11.459979
GGTTTGTGACCTGAGG-1-21,20221010-4_16,relapsed,N0,1.4598248,8.357519
GGCATCAACGAGCACG-1-9,20221010-1_4,relapsed,N0,-1.4978689,8.678225
ATTCGTTTATCGTATT-1-21,20221010-4_16,relapsed,N0,2.359285,10.927688
TCGGAATGCGCTCTGA-1-9,20221010-1_4,relapsed,N0,0.27813876,11.954029
TTAAGACGAACGAACC-1-21,20221010-4_16,relapsed,N0,1.7116703,8.559608
GTATGACGTGGGAAAC-1-21,20221010-4_16,relapsed,N0,2.7787979,9.353646
GCGTGGTACTGGGTTA-1-9,20221010-1_4,relapsed,N0,-1.1253093,11.7785635
TAGCGTCCGGTGTGGT-1-9,20221010-1_4,relapsed,N0,-1.261864,11.663114
GGTTTGAGTGCTGGAA-1-9,20221010-1_4,relapsed,N0,-0.93259495,9.942478
GCTTCCAGCTTAGATT-1-21,20221010-4_16,relapsed,N0,6.6896286,11.015307
TACTGGACAGCTCGGC-1-9,20221010-1_4,relapsed,N0,1.1959666,11.420404
TTGGCCATCTTGCGCT-1-9,20221010-1_4,relapsed,N0,-0.528545,11.568883
CTCCTAAGTTATGTCT-1-9,20221010-1_4,relapsed,N0,2.5009768,10.596072
TCCATTAGTTGGATAG-1-21,20221010-4_16,relapsed,N0,3.8507,10.721844
TCCCACGGAGGGAGCT-1-9,20221010-1_4,relapsed,N0,-0.30954385,11.243402
TGCCAGTACGTGGAGA-1-9,20221010-1_4,relapsed,N0,-0.026434073,11.448209
TTCAGAGTAACCTGAC-1-21,20221010-4_16,relapsed,N0,3.0717266,6.6567407
GAAATGGCGGTGTTAG-1-9,20221010-1_4,relapsed,N0,-1.5469788,10.213636
CGGTGTACTTGATCCC-1-9,20221010-1_4,relapsed,N0,-1.602151,7.5903783
GGGTAATGCTGTGTTT-1-21,20221010-4_16,relapsed,N0,5.883429,10.871538
AACTGGGTTCGAGCCG-1-9,20221010-1_4,relapsed,N0,-0.58793634,11.406365
GTGGACGCATTTGTCC-1-9,20221010-1_4,relapsed,N0,-0.18260768,9.597202
CACGCGGAACTGTTGC-1-9,20221010-1_4,relapsed,N0,-0.5882728,9.357275
AACTTTAGCTGCTGAG-1-9,20221010-1_4,relapsed,N0,-1.6023688,10.603533
CATGCACGTGTTACTG-1-9,20221010-1_4,relapsed,N0,-0.43569875,9.316233
CGTGTGTTAAACCCTG-1-21,20221010-4_16,relapsed,N0,2.9689121,9.537303
GTATATGTTACGGCGG-1-21,20221010-4_16,relapsed,N0,4.6991205,9.753808
TTGAACGAATCCTTTG-1-9,20221010-1_4,relapsed,N0,2.7361624,11.453124
CCATATTGGATCATGA-1-21,20221010-4_16,relapsed,N0,2.9076169,11.659557
AGGCCCAGTGACTGGT-1-21,20221010-4_16,relapsed,N0,2.5911896,11.435674
TTCTTCGCAATAGAGC-1-21,20221010-4_16,relapsed,N0,2.6736069,6.76534
ATGGGAACGGAAGCGG-1-9,20221010-1_4,relapsed,N0,-0.8484945,10.364265
TCGCTGTGCGTAAATC-1-9,20221010-1_4,relapsed,N0,-2.0645022,8.7374735
TTACATCGTGGCCTGG-1-9,20221010-1_4,relapsed,N0,-1.7514594,10.020151
AGGGACAGCACGGCGG-1-9,20221010-1_4,relapsed,N0,-1.1071484,11.404221
GCGGTAACCCAAATGA-1-21,20221010-4_16,relapsed,N0,4.319467,7.7804866
GTCAATTGTACTGAAG-1-9,20221010-1_4,relapsed,N0,-0.8501583,11.456747
TACGCTCGGTATTGGA-1-21,20221010-4_16,relapsed,N0,2.7554603,8.925606
CCTCTGGCCTAGACGG-1-8,20221010-1_3,mrd12,N1,8.488541,7.163094
ATAAACCATTGGACGG-1-20,20221010-4_15,mrd12,N1,10.721078,10.011895
TGGAATTAGACGCTTT-1-8,20221010-1_3,mrd12,N1,12.360577,7.5665274
ACAAGCAGTGCCTAGC-1-8,20221010-1_3,mrd12,N1,9.576526,8.068181
GGGTGTTTCAGCTATG-1-8,20221010-1_3,mrd12,N1,7.6588683,8.382403
GCATCCCTAACTTTGA-1-8,20221010-1_3,mrd12,N1,11.45875,8.310398
TTAGCTCTGTAATCCG-1-8,20221010-1_3,mrd12,N1,10.4523735,9.021017
GAACGTTAGGAAGACG-1-8,20221010-1_3,mrd12,N1,11.351581,7.6101985
TGGCGGTGTGCGATTG-1-20,20221010-4_15,mrd12,N1,10.517548,7.0202565
ACCGAAAGGGCCCTGC-1-8,20221010-1_3,mrd12,N1,11.8631315,7.3767605
TTATGCGTCCCGGTCC-1-20,20221010-4_15,mrd12,N1,10.897475,8.106113
CAGTTCCGCGGGTCGA-1-8,20221010-1_3,mrd12,N1,12.405854,7.8208394
GACTGGGCGCCGCAAC-1-24,20230607-2_8,mrd12,N1,11.126277,6.194269
AGGACATCGCACGTCG-1-8,20221010-1_3,mrd12,N1,11.164319,7.763362
TTCTACTTGCGAGGGC-1-8,20221010-1_3,mrd12,N1,12.938591,7.890375
TAACAAAGGGAGAAGC-1-8,20221010-1_3,mrd12,N1,12.258686,7.4005885
ACGTTTAGTTGTGATC-1-8,20221010-1_3,mrd12,N1,9.521402,8.533892
GCCCGCGCGTTTGACA-1-8,20221010-1_3,mrd12,N1,11.45387,8.072477
ATCGTTCACTTTCGCC-1-24,20230607-2_8,mrd12,N1,9.199241,6.125255
AGAGCGGGCTAATCAT-1-8,20221010-1_3,mrd12,N1,9.538561,8.195883
CACATTTCTTGTCAGA-1-20,20221010-4_15,mrd12,N1,10.360236,8.681558
ACACCCAGCATGCAGC-1-8,20221010-1_3,mrd12,N1,12.412414,7.1904497
GAATCGCCGGACACGG-1-8,20221010-1_3,mrd12,N1,11.489911,7.1518855
GTTAATGTCTATCTTA-1-8,20221010-1_3,mrd12,N1,10.628593,7.191729
TGAGATCAAATACTCA-1-20,20221010-4_15,mrd12,N1,10.904369,8.025682
AGAGCGTACAAGCTCG-1-8,20221010-1_3,mrd12,N1,10.926274,8.714329
CTTCATAGCTCAAGAA-1-8,20221010-1_3,mrd12,N1,12.764579,7.60524
TGGGCACGTTCTATGG-1-8,20221010-1_3,mrd12,N1,8.745297,7.7318296
CTGTTCACTGCCTGTG-1-8,20221010-1_3,mrd12,N1,10.838808,8.187842
ACGTTCCGCGCTCCGT-1-8,20221010-1_3,mrd12,N1,10.750544,8.021561
TAAAGAGCCCGAAACC-1-8,20221010-1_3,mrd12,N1,12.034588,7.114577
CCGACAAAGGGAGTGC-1-8,20221010-1_3,mrd12,N1,9.490304,9.484228
CAAGCACCAAATGCCT-1-8,20221010-1_3,mrd12,N1,7.9212317,8.1829815
GTCATTGCATTGACCC-1-8,20221010-1_3,mrd12,N1,12.198083,8.618762
GGCTCGTGCCACCAGC-1-8,20221010-1_3,mrd12,N1,12.480548,7.0205803
TCCTCTCCAGTTGTCC-1-8,20221010-1_3,mrd12,N1,11.639474,8.837899
TATTTGTTACCCTTTA-1-8,20221010-1_3,mrd12,N1,11.1298485,8.3869505
ACGATGGATCCGATGC-1-8,20221010-1_3,mrd12,N1,7.9376173,8.414241
TAGATTCCTGGTTATT-1-8,20221010-1_3,mrd12,N1,11.118456,8.432007
TGAAACTTATGCAAGC-1-8,20221010-1_3,mrd12,N1,9.052917,7.708031
TATACACGCAAAGTAT-1-8,20221010-1_3,mrd12,N1,12.561006,7.5049186
TTGACGATTCAGCACG-1-8,20221010-1_3,mrd12,N1,11.463253,6.5008197
GGATACTCATGAATTG-1-8,20221010-1_3,mrd12,N1,9.377541,7.6490517
CCAGCTTCCGCCCGCA-1-8,20221010-1_3,mrd12,N1,11.978242,8.50143
TTCCTCGAGGGTGTCT-1-8,20221010-1_3,mrd12,N1,11.392368,8.623296
GCCGGTCGTATCTCTC-1-24,20230607-2_8,mrd12,N1,11.274017,7.3408713
CTGCGGGTGAAATGTT-1-8,20221010-1_3,mrd12,N1,11.238457,8.545512
GCTAAACCTGAGGTGA-1-8,20221010-1_3,mrd12,N1,12.762176,7.694772
TAGATCCGAAGTCGCA-1-8,20221010-1_3,mrd12,N1,9.363569,8.538434
TAACAATATTTGTTGC-1-8,20221010-1_3,mrd12,N1,11.812585,7.952705
TAGGTCCAAGTAAGGA-1-8,20221010-1_3,mrd12,N1,11.394356,8.322779
TCGGTTAGCCATGTAG-1-24,20230607-2_8,mrd12,N1,11.522353,5.3197594
TATCTACAGAGGTAAT-1-8,20221010-1_3,mrd12,N1,11.077769,8.506741
TCGATAGGCTAGTCGC-1-20,20221010-4_15,mrd12,N1,10.075844,8.856382
GATTCCTATACGGCGC-1-8,20221010-1_3,mrd12,N1,12.419288,8.150862
GACCAGGTCATTCATA-1-8,20221010-1_3,mrd12,N1,9.392353,7.1780667
TCCCACGGAGGGAGCT-1-8,20221010-1_3,mrd12,N1,8.7712755,6.7080307
CGCTATTCAATGTATG-1-8,20221010-1_3,mrd12,N1,12.704918,7.897322
ATTACTAGCCTCTTGC-1-8,20221010-1_3,mrd12,N1,11.837854,8.965628
GATATGGATTACGCGG-1-8,20221010-1_3,mrd12,N1,12.183698,7.645143
TCGGCGTACTGCACAA-1-8,20221010-1_3,mrd12,N1,11.23154,7.246417
TCGCTGTGCGTAAATC-1-8,20221010-1_3,mrd12,N1,12.907203,7.782051
GCCCAGTTGGTATGCC-1-8,20221010-1_3,mrd12,N1,9.721661,7.8965073
TGAGCAGTCGTGAAGT-1-20,20221010-4_15,mrd12,N1,9.389043,9.170753
CCGCGTAGGTAAGGGC-1-8,20221010-1_3,mrd12,N1,11.958961,7.9125133
TCATTTAGAAGTGTGA-1-20,20221010-4_15,mrd12,N1,12.615351,6.8332953
GCCGCATTAGTCCGGC-1-8,20221010-1_3,mrd12,N1,10.591402,8.021228
CCTAGTTAGTCGCATG-1-8,20221010-1_3,mrd12,N1,9.644862,6.9822574
CGCTTCCACTGAAATC-1-8,20221010-1_3,mrd12,N1,12.561155,8.046382
AGCCCTAAGCGAAGTT-1-8,20221010-1_3,mrd12,N1,9.100905,8.775442
GCCTAGCGATCTGACC-1-8,20221010-1_3,mrd12,N1,10.140157,8.914128
GGGTGGTCCAGCCTGT-1-8,20221010-1_3,mrd12,N1,8.921723,7.544746
CTAATTTCAACAACAC-1-8,20221010-1_3,mrd12,N1,11.760282,7.771292
AATGACTGTCAGCCGG-1-8,20221010-1_3,mrd12,N1,11.236453,7.5423326
CATAGCCGCCCGGGAT-1-8,20221010-1_3,mrd12,N1,12.296099,7.868093
GCTATCGCGGCGCAAC-1-8,20221010-1_3,mrd12,N1,11.706624,7.329441
GTGCACGAAAGTGACT-1-8,20221010-1_3,mrd12,N1,7.2807703,8.318662
TAATGAAAGACCCTTG-1-8,20221010-1_3,mrd12,N1,12.587736,6.611945
CCCGTCAGCGTCTGAC-1-8,20221010-1_3,mrd12,N1,11.252703,7.856081
GTATTAAGGCGTCTAA-1-8,20221010-1_3,mrd12,N1,12.284173,7.1912665
TTATGTTTGCGATAGA-1-8,20221010-1_3,mrd12,N1,11.836233,7.210008
GTCAGTTTGGTAGTCG-1-8,20221010-1_3,mrd12,N1,12.091235,5.9252567
AGGCTTGCTAGACACC-1-8,20221010-1_3,mrd12,N1,12.392786,7.1788125
ACATCAGCTGGGACGC-1-8,20221010-1_3,mrd12,N1,11.0609865,4.484986
ATATTGCTGTCAAAGT-1-8,20221010-1_3,mrd12,N1,12.819691,7.6449475
AGCATCGTCGATAATT-1-8,20221010-1_3,mrd12,N1,11.294051,7.610487
ATTCCCACATAAACAA-1-8,20221010-1_3,mrd12,N1,11.999452,8.90306
GACAACGCAGCTTACG-1-8,20221010-1_3,mrd12,N1,10.245495,9.075356
GCTAGTTTCATTGAGG-1-8,20221010-1_3,mrd12,N1,13.030779,7.760524
TTAAGGATACGGAGGT-1-20,20221010-4_15,mrd12,N1,9.943921,7.4851127
CACTTCGCCACAGGCT-1-8,20221010-1_3,mrd12,N1,11.889755,8.087045
TGGTATCGCATCCCAA-1-8,20221010-1_3,mrd12,N1,8.8979025,7.8578806
TGGTATCGGTCTGTAT-1-8,20221010-1_3,mrd12,N1,9.48047,7.3609366
CGGCTGCAAGATTAAG-1-8,20221010-1_3,mrd12,N1,8.7584095,7.570809
ATTCAGTAGCAGGGTC-1-8,20221010-1_3,mrd12,N1,12.06652,8.407068
GAGCCACGGTAGTAGG-1-8,20221010-1_3,mrd12,N1,11.127999,7.534709
GTGGACGTGCTGAGAC-1-8,20221010-1_3,mrd12,N1,13.008599,7.5844994
CGTCAAGGCTATAAAT-1-8,20221010-1_3,mrd12,N1,12.238744,7.8082833
GTCAGTTGTGCTCGTT-1-8,20221010-1_3,mrd12,N1,8.873897,8.261264
AGATGACTCGCCCACG-1-8,20221010-1_3,mrd12,N1,10.136851,8.589516
TACCTGCTGCACTGTG-1-8,20221010-1_3,mrd12,N1,11.974083,8.830538
TTACATCGTGGCCTGG-1-8,20221010-1_3,mrd12,N1,12.512853,7.0770817
TGGTGATCGTATTTGT-1-8,20221010-1_3,mrd12,N1,12.52863,7.1237373
AAAGACTGGGCGCTTT-1-8,20221010-1_3,mrd12,N1,12.320016,7.3317676
AAATGGCATGTCTTGT-1-8,20221010-1_3,mrd12,N1,8.974992,8.121699
CGTAGCGAATTGTCAG-1-8,20221010-1_3,mrd12,N1,9.852378,8.3088665
CAATGGTCGGCCTGGG-1-8,20221010-1_3,mrd12,N1,7.750865,8.555211
GACTGCGGCACGTGTA-1-8,20221010-1_3,mrd12,N1,11.701393,7.5191374
GCGATTCTGGAAGCAG-1-8,20221010-1_3,mrd12,N1,9.626868,8.643293
GTCGTCAATTATAAGG-1-8,20221010-1_3,mrd12,N1,11.687894,7.9016714
TCATACTTACAGATCC-1-8,20221010-1_3,mrd12,N1,12.382912,8.924992
GAAACTCGTGCGATGC-1-8,20221010-1_3,mrd12,N1,12.253851,7.9606934
CTGTTCATCTCACGGG-1-8,20221010-1_3,mrd12,N1,12.837897,7.696882
TCAACTAACGTATAAC-1-8,20221010-1_3,mrd12,N1,11.108006,8.976876
TACGTGCACTATGCTG-1-8,20221010-1_3,mrd12,N1,12.86775,7.681481
GACCGACTGAAGCGTC-1-8,20221010-1_3,mrd12,N1,10.519033,8.171086
ATGCTCAGTGTTGCAT-1-8,20221010-1_3,mrd12,N1,12.617188,7.643817
GTCACTCTCCAAATCT-1-8,20221010-1_3,mrd12,N1,12.108541,8.679115
CCATGGCCCTTGTACC-1-8,20221010-1_3,mrd12,N1,10.864307,8.859037
AGACGGGATTGGTATA-1-8,20221010-1_3,mrd12,N1,10.343177,7.1295857
GCTAAGTAAAGGCGAT-1-8,20221010-1_3,mrd12,N1,7.916231,8.29352
TAAAGCTGCAATAGGG-1-20,20221010-4_15,mrd12,N1,9.577174,6.395894
GTACGAGATTGCGACA-1-8,20221010-1_3,mrd12,N1,11.210673,8.680057
AGGTAACCTCCTATTC-1-8,20221010-1_3,mrd12,N1,11.468267,7.4864993
ACACCCGAGAAATCCG-1-8,20221010-1_3,mrd12,N1,12.949973,7.791397
GCCCATGGGTGCAATG-1-24,20230607-2_8,mrd12,N1,9.109414,5.9255247
TGGGAAATGCCTTTCC-1-8,20221010-1_3,mrd12,N1,9.60125,8.522136
AATGGTCCACCGTTCA-1-8,20221010-1_3,mrd12,N1,11.434059,8.443501
AGCACTACCGGCCTGT-1-8,20221010-1_3,mrd12,N1,9.492552,8.281845
GTGGCGGGCCGTAGCT-1-8,20221010-1_3,mrd12,N1,8.821247,7.099538
AATCGGGACACTACGA-1-8,20221010-1_3,mrd12,N1,9.178864,8.551194
GGAGAAGTCATTGGCA-1-8,20221010-1_3,mrd12,N1,11.314957,7.495701
AGGGCGTGATCGGCTA-1-8,20221010-1_3,mrd12,N1,4.349911,7.6999907
TGGCTTTGGGTAGACA-1-8,20221010-1_3,mrd12,N1,11.199272,8.414781
CCCAAGAATGCACGGT-1-8,20221010-1_3,mrd12,N1,9.415666,7.4444685
GGTGAGATGCAGATAA-1-8,20221010-1_3,mrd12,N1,12.70935,8.122576
CTGGTCCTAACTTGGC-1-20,20221010-4_15,mrd12,N1,10.289103,8.770739
TCTCTAATAGCTGGTA-1-8,20221010-1_3,mrd12,N1,10.862937,9.077642
CCTGCGTTCTACGCTT-1-8,20221010-1_3,mrd12,N1,12.842472,7.733904
TGCTGGTTGGACAATT-1-8,20221010-1_3,mrd12,N1,12.105081,7.534274
CCCGGTGGAAGAACCT-1-8,20221010-1_3,mrd12,N1,11.276307,7.77225
CAACGGTTCTTGATAC-1-8,20221010-1_3,mrd12,N1,12.933289,7.679713
TAAGGAACTTGTGGGA-1-8,20221010-1_3,mrd12,N1,12.895831,7.827299
ATTATGCCATAGGGAG-1-8,20221010-1_3,mrd12,N1,9.868335,6.8249245
GGAGGATTGAAAGGAG-1-8,20221010-1_3,mrd12,N1,6.0355396,6.503683
AGAGCAGTTATGAGAC-1-8,20221010-1_3,mrd12,N1,11.534646,7.476169
TCGTCACACTGTTAGC-1-8,20221010-1_3,mrd12,N1,12.3123,7.5769167
TTATCGCCTGCGAAGC-1-8,20221010-1_3,mrd12,N1,12.348373,7.771746
CTGATAGTGTATCTCA-1-8,20221010-1_3,mrd12,N1,12.321768,8.0098295
ATTAGATTGATAGCGG-1-8,20221010-1_3,mrd12,N1,9.29849,9.147053
TTAGCAACATGGATGT-1-8,20221010-1_3,mrd12,N1,12.767414,7.91702
CACACAGGGATAGATT-1-8,20221010-1_3,mrd12,N1,10.825798,8.112727
GAAGAACGGTGCAGGT-1-8,20221010-1_3,mrd12,N1,12.713789,7.986724
TCTGAACCGGTCGGCT-1-8,20221010-1_3,mrd12,N1,12.570131,7.773235
CAACGACCCGTTTACA-1-8,20221010-1_3,mrd12,N1,9.024289,8.788819
GTTGCACGGAGTTTCG-1-8,20221010-1_3,mrd12,N1,12.405426,7.637666
TAGTGTCAGAAACGGC-1-8,20221010-1_3,mrd12,N1,8.055047,7.985161
AAGTAGAAGACCGGGT-1-8,20221010-1_3,mrd12,N1,6.614542,9.695014
GATGGCGCACACATTA-1-8,20221010-1_3,mrd12,N1,12.164514,8.902193
CAGCTCGTGCTTGTGT-1-8,20221010-1_3,mrd12,N1,9.300942,9.581441
GTAGACAACCGATGAA-1-8,20221010-1_3,mrd12,N1,8.22557,7.937151
GATGACGATGATCGCG-1-20,20221010-4_15,mrd12,N1,9.749196,8.682687
TGTGATTCCAGCGCTT-1-24,20230607-2_8,mrd12,N1,9.007868,8.317807
TCACTCAGCGCATTAG-1-20,20221010-4_15,mrd12,N1,10.727405,10.024385
CACGGGATTGAGGGTT-1-8,20221010-1_3,mrd12,N1,11.427982,7.0381474
TATGAAGACAGGTGCG-1-8,20221010-1_3,mrd12,N1,11.781939,8.768007
CTGAAAGAGATCCGAC-1-8,20221010-1_3,mrd12,N1,6.995482,8.54096
ATAATAGTGTAGGGAC-1-8,20221010-1_3,mrd12,N1,11.559641,7.387676
AATTTGGTTCCAAAGA-1-8,20221010-1_3,mrd12,N1,8.450508,7.850095
GCATTCGAAATGAACA-1-8,20221010-1_3,mrd12,N1,10.337853,8.453445
GAAATCGCGCGCAACT-1-8,20221010-1_3,mrd12,N1,7.4573517,8.315043
CTGTATGGTGTAGAAA-1-8,20221010-1_3,mrd12,N1,12.600653,7.1985064
ATTATCTCGACAGATC-1-20,20221010-4_15,mrd12,N1,10.735888,8.358269
GCAACCACCAGACCGG-1-20,20221010-4_15,mrd12,N1,9.314194,6.4622793
CTTTGGCGCTTTATAC-1-8,20221010-1_3,mrd12,N1,11.826313,8.69092
ACAACGGTCCCTGCGA-1-8,20221010-1_3,mrd12,N1,12.778166,7.6515155
ACATCGTTAACCTAGT-1-8,20221010-1_3,mrd12,N1,8.939002,8.13347
CATTGCGAAATGGGCG-1-8,20221010-1_3,mrd12,N1,9.904113,8.667072
TTCGCACTCGCGTGCT-1-8,20221010-1_3,mrd12,N1,10.683641,7.985911
GGTTGTGTAGCCTGGC-1-8,20221010-1_3,mrd12,N1,11.98201,7.0845737
ACGGCCAACATGGACT-1-8,20221010-1_3,mrd12,N1,9.481157,7.2336664
TCACATCTTATCTGAT-1-8,20221010-1_3,mrd12,N1,11.918256,8.443903
CGCAATTACTTTCGGT-1-8,20221010-1_3,mrd12,N1,11.580501,8.189337
TTGTTAGCAAATTCGA-1-8,20221010-1_3,mrd12,N1,11.244409,7.5131726
GTATCAGCTTGGGTTC-1-8,20221010-1_3,mrd12,N1,12.658933,7.337861
TTAATGCGAGGTAACT-1-8,20221010-1_3,mrd12,N1,10.655351,6.8375206
GGTGAAACCGGGAATG-1-20,20221010-4_15,mrd12,N1,10.596027,7.801588
CCCGCCATGCTCCCGT-1-8,20221010-1_3,mrd12,N1,11.874317,8.8767
CAGTAATCCCTCCCAG-1-8,20221010-1_3,mrd12,N1,12.354845,8.633702
GATGTTTGTGCGAGAT-1-8,20221010-1_3,mrd12,N1,12.493429,7.2500806
CACTGTCCAAGTGAGA-1-8,20221010-1_3,mrd12,N1,12.180086,7.638348
TTACCCTAACAGTCCT-1-8,20221010-1_3,mrd12,N1,12.4079,8.568477
TCTATCATGCAGTTAC-1-8,20221010-1_3,mrd12,N1,13.017665,7.7554426
TTACTGTTTCTCTACG-1-8,20221010-1_3,mrd12,N1,8.805199,6.0871916
TGTGTTCGTATCCAAG-1-8,20221010-1_3,mrd12,N1,11.67841,8.844593
GCCTAGCGATCTGACC-1-24,20230607-2_8,mrd12,N1,10.558578,6.8998256
AATATCAAGGTCGGAT-1-20,20221010-4_15,mrd12,N1,10.659991,8.078316
TCCGAACTTGGCTTAC-1-8,20221010-1_3,mrd12,N1,12.173587,7.940057
CATGCGTTAGACAGAA-1-8,20221010-1_3,mrd12,N1,9.220297,8.050296
CACCCACACGTCACCC-1-8,20221010-1_3,mrd12,N1,11.07931,8.491473
CTTGTACTTGTTGACT-1-8,20221010-1_3,mrd12,N1,11.496215,8.834053
AGACCATGGGATACAA-1-8,20221010-1_3,mrd12,N1,9.88557,8.547347
CATAGTAGCATAGTAG-1-8,20221010-1_3,mrd12,N1,10.84609,7.841829
TTCTTAGTGAACGGTG-1-8,20221010-1_3,mrd12,N1,12.590627,7.513163
TATAAGTGAGGATAGC-1-8,20221010-1_3,mrd12,N1,12.566023,6.9653788
CCTGTTCAACCTCGGG-1-24,20230607-2_8,mrd12,N1,10.82776,6.2608404
TGTAATGACCACAATA-1-8,20221010-1_3,mrd12,N1,9.616898,8.7280245
TTACAACTACGCATCC-1-8,20221010-1_3,mrd12,N1,11.471871,7.154405
GGTGCTGATCACAAAG-1-8,20221010-1_3,mrd12,N1,12.629996,7.5455194
ATGTGTAGTTTAGTCA-1-8,20221010-1_3,mrd12,N1,7.377237,7.8486147
TAGGGTGTTTCAAGAG-1-8,20221010-1_3,mrd12,N1,10.969336,8.120199
TCTCGACGTATCGCCG-1-20,20221010-4_15,mrd12,N1,11.178781,6.807295
AAAGGGCAGCTTGAAT-1-8,20221010-1_3,mrd12,N1,11.915224,8.713849
CAGAGTGATTTAACGT-1-8,20221010-1_3,mrd12,N1,9.620601,8.649867
TAACCGCCCGCAGTGC-1-8,20221010-1_3,mrd12,N1,10.868706,8.166828
GGTTAGTTACGGCGCC-1-8,20221010-1_3,mrd12,N1,11.990172,8.495404
TAAGGGCTGGGAGAGG-1-8,20221010-1_3,mrd12,N1,11.274476,7.6297765
GATAAATCGGTGGATG-1-8,20221010-1_3,mrd12,N1,13.05682,7.9651484
GACTAAGATCATGCAC-1-8,20221010-1_3,mrd12,N1,9.740769,8.07321
GCGTTATATTTGGAAC-1-8,20221010-1_3,mrd12,N1,8.327008,9.757161
CTTGACCCGAAAGATA-1-8,20221010-1_3,mrd12,N1,9.790988,8.816006
TTCTGCGAGCGCCCTT-1-8,20221010-1_3,mrd12,N1,11.561604,8.038827
CGCTGTGACGCCGCAC-1-8,20221010-1_3,mrd12,N1,11.263983,7.0977983
GGACACAAGTTTACAC-1-20,20221010-4_15,mrd12,N1,12.382722,7.279441
CCGAGAAGTCGCATAA-1-20,20221010-4_15,mrd12,N1,12.001372,7.4262433
GCTTGATGATAATCAG-1-8,20221010-1_3,mrd12,N1,11.650564,6.6513786
TTCCATCATGCGGTGA-1-24,20230607-2_8,mrd12,N1,11.370314,6.6989126
ACTATTCGTCCGTGGT-1-8,20221010-1_3,mrd12,N1,8.258829,7.518841
TGTCCGTGGCGCCTTT-1-8,20221010-1_3,mrd12,N1,11.197232,8.450155
CGAGCACTTCAAGTTT-1-8,20221010-1_3,mrd12,N1,10.194387,9.106002
GATGTCGGTCAACTGC-1-8,20221010-1_3,mrd12,N1,7.8299704,7.221801
ACCCACCTACATGCTC-1-8,20221010-1_3,mrd12,N1,11.987133,8.947013
GAACACACATCAACCA-1-8,20221010-1_3,mrd12,N1,10.7736225,8.014299
TGGAAGGATAAAGATG-1-8,20221010-1_3,mrd12,N1,7.5005293,8.691036
GAGGTCTTAGTGGGTC-1-8,20221010-1_3,mrd12,N1,9.773843,6.8450603
GCAAACCTTGGCCATA-1-7,20221010-1_2,mrd7,N1,12.589854,7.550033
CTAAGGGAATGATTGG-1-7,20221010-1_2,mrd7,N1,10.952859,7.18513
AGACCATGGGATACAA-1-7,20221010-1_2,mrd7,N1,11.776085,6.743385
GCGGTCCCTAGACGCA-1-7,20221010-1_2,mrd7,N1,12.607423,7.5909004
TTGGCTCGCATGAGAC-1-7,20221010-1_2,mrd7,N1,12.056953,7.1294465
TACGTGCACTATGCTG-1-7,20221010-1_2,mrd7,N1,12.522188,7.4733844
GCGGCTCTGACGTACC-1-19,20221010-4_14,mrd7,N1,11.755345,8.985244
TGAGCCATACAGTCTC-1-19,20221010-4_14,mrd7,N1,12.457333,9.050488
TGGAAACGGAGTGAAC-1-7,20221010-1_2,mrd7,N1,12.776326,7.370552
GGCACTCCACTGGGCA-1-19,20221010-4_14,mrd7,N1,11.804921,8.81799
GTATCGGGACGAGCTG-1-7,20221010-1_2,mrd7,N1,12.043096,5.286195
CATGCTGGCTCCAATT-1-7,20221010-1_2,mrd7,N1,12.227957,7.7201715
TTCGGTACTGTAGAGG-1-19,20221010-4_14,mrd7,N1,13.086129,8.020932
GCATGAGGGACGCGGC-1-7,20221010-1_2,mrd7,N1,11.310371,7.390465
CTATGTCTATTGAAAC-1-7,20221010-1_2,mrd7,N1,12.356732,7.7188454
TATAAGTGAGGATAGC-1-7,20221010-1_2,mrd7,N1,11.234354,6.7468324
ACGGCACTTGCTTGGG-1-7,20221010-1_2,mrd7,N1,9.518463,5.725789
CATAATGAGCGGGCGA-1-7,20221010-1_2,mrd7,N1,11.383981,8.0010395
TAATATTGAAATTCGC-1-7,20221010-1_2,mrd7,N1,12.199521,7.2503757
GAAATTGTCTCTATAA-1-7,20221010-1_2,mrd7,N1,11.95603,7.093226
CAAGAGGGCGGAGTAC-1-7,20221010-1_2,mrd7,N1,9.85789,7.553514
CGTTAGCTCACAACTG-1-19,20221010-4_14,mrd7,N1,12.626785,8.208617
GCGACGGTAGTCTCCT-1-19,20221010-4_14,mrd7,N1,12.9459,7.4905353
TTCATAGCCTTGTAAC-1-7,20221010-1_2,mrd7,N1,12.064135,5.9497023
CCGCCTGCGAATTGGT-1-19,20221010-4_14,mrd7,N1,12.578916,8.501615
AGTCAGCCACCGCCTG-1-7,20221010-1_2,mrd7,N1,12.543967,7.3753653
CTATAAGAGCCAATCG-1-19,20221010-4_14,mrd7,N1,12.788096,8.3208685
TACACAGCCGTGGTGC-1-19,20221010-4_14,mrd7,N1,13.078145,7.672744
TCACGCATTGTAGATC-1-19,20221010-4_14,mrd7,N1,11.83896,8.813605
AACGCATGATCTGGGT-1-19,20221010-4_14,mrd7,N1,12.832946,6.714716
ATATAAATGTAGCTGC-1-7,20221010-1_2,mrd7,N1,10.755669,6.476036
TCTTACCGGAACTCGT-1-19,20221010-4_14,mrd7,N1,12.322419,8.782052
GCACAAGTGTCGGAAG-1-7,20221010-1_2,mrd7,N1,11.086275,7.968527
GCACACAGCTATTACC-1-19,20221010-4_14,mrd7,N1,12.956751,6.9717607
AGATACCGGTGTTCAC-1-7,20221010-1_2,mrd7,N1,12.047348,6.837086
TCACCCTCTTAAGATT-1-7,20221010-1_2,mrd7,N1,10.137361,5.973967
GAGGTACATCCATCTT-1-7,20221010-1_2,mrd7,N1,12.268752,7.425093
TGATGGGACTAAGTCA-1-7,20221010-1_2,mrd7,N1,12.446985,5.783613
GTTCCAGTCTGACCAT-1-7,20221010-1_2,mrd7,N1,9.622156,6.0892987
CAAGCGGCACATAATT-1-7,20221010-1_2,mrd7,N1,9.826397,6.1079984
GCTACGACTTATTGGG-1-7,20221010-1_2,mrd7,N1,10.692946,6.7123933
ATAAGTTACCGCGACG-1-7,20221010-1_2,mrd7,N1,9.064241,5.769743
ACATCGGTCAGCCGCG-1-19,20221010-4_14,mrd7,N1,12.176983,9.0966835
AAACATTTCCCGGATT-1-19,20221010-4_14,mrd7,N1,13.026671,7.1482015
CCTCCTGTTGTGTCGT-1-19,20221010-4_14,mrd7,N1,12.931821,6.805829
CGGTGCAGATAGAACG-1-19,20221010-4_14,mrd7,N1,12.046151,9.151537
TTGAGAGTACTGCTAA-1-19,20221010-4_14,mrd7,N1,12.585445,9.005105
AGTAGGAAGGAAGTTG-1-19,20221010-4_14,mrd7,N1,13.086239,7.3102946
CTCGATATTTGCGAGC-1-19,20221010-4_14,mrd7,N1,12.653193,8.738206
GTGTCGTATAGCGTTC-1-7,20221010-1_2,mrd7,N1,10.015039,6.3095503
CATCCTCTCAAAGATC-1-19,20221010-4_14,mrd7,N1,12.37266,8.549301
AGTGATATGAGTAGTT-1-7,20221010-1_2,mrd7,N1,9.114679,6.055898
TGGGCGATACAATAAG-1-19,20221010-4_14,mrd7,N1,11.155834,9.0155525
CTAGCCGATGTTATGA-1-19,20221010-4_14,mrd7,N1,12.322278,7.2648115
TCGTATAGTGCAATTA-1-7,20221010-1_2,mrd7,N1,12.23446,8.501745
GCTGGGTCCGCTGTTA-1-7,20221010-1_2,mrd7,N1,11.941961,5.78895
CTAGGCGCCCTATCAG-1-19,20221010-4_14,mrd7,N1,12.221031,7.6471753
CCGAAAGTGGTGAGCA-1-7,20221010-1_2,mrd7,N1,12.580108,7.4337835
ACGTTAGATTTGCCCG-1-19,20221010-4_14,mrd7,N1,12.067629,9.111296
ATTTATACTGGTAAAG-1-19,20221010-4_14,mrd7,N1,13.011095,7.4948173
TATAAGTGAGGATAGC-1-19,20221010-4_14,mrd7,N1,12.9273405,7.9062247
GGATCATCCCGTACGC-1-19,20221010-4_14,mrd7,N1,12.207918,7.479451
GGGTTCAGACGAACAA-1-7,20221010-1_2,mrd7,N1,12.410087,6.0526843
TAAATTGTGGGTAAAG-1-19,20221010-4_14,mrd7,N1,12.836242,6.382954
TCATCCCAGAGGGTGG-1-7,20221010-1_2,mrd7,N1,12.329571,6.967961
TGACCAAATCTTAAAC-1-19,20221010-4_14,mrd7,N1,12.319234,9.056084
TAACTATCGAAGGTCC-1-7,20221010-1_2,mrd7,N1,12.007306,6.4548235
CTGCGTTACGATATAA-1-19,20221010-4_14,mrd7,N1,12.766915,8.325278
GTCGTCAATTATAAGG-1-7,20221010-1_2,mrd7,N1,12.504377,7.452027
TGACCCACGTTAGACA-1-19,20221010-4_14,mrd7,N1,11.961094,8.801103
AAATTACACGACTCTG-1-19,20221010-4_14,mrd7,N1,12.50736,8.568439
TTAGACACGATCGTTG-1-19,20221010-4_14,mrd7,N1,12.783737,8.430474
AATCGTGAGCCGAGCA-1-19,20221010-4_14,mrd7,N1,12.94174,8.087922
GGACCAACAGGATAAC-1-7,20221010-1_2,mrd7,N1,9.0385065,6.164889
AAATGGTCAATGTGCC-1-19,20221010-4_14,mrd7,N1,11.51541,8.83805
GCCGATTGGCCAAGCT-1-7,20221010-1_2,mrd7,N1,11.168578,6.754944
ACATGGCTCAATTTAG-1-7,20221010-1_2,mrd7,N1,12.515773,6.7327867
TCTGCCAGAAACTGCA-1-7,20221010-1_2,mrd7,N1,11.372772,7.2695394
TATCACCCAACCGACC-1-19,20221010-4_14,mrd7,N1,13.029339,7.9060802
CGACAGTTCGCGTTAT-1-19,20221010-4_14,mrd7,N1,12.444635,8.967705
GATGAGGAACCTTCGG-1-19,20221010-4_14,mrd7,N1,13.06105,7.8571863
TAACGCTTTGAGAGCG-1-7,20221010-1_2,mrd7,N1,13.059623,7.8829465
TGCCGTGGGACCCAAT-1-19,20221010-4_14,mrd7,N1,13.030786,7.314866
GAGCTCAACATGAGCG-1-19,20221010-4_14,mrd7,N1,13.084544,7.6419826
CAGCTTAGTAGGTAGC-1-7,20221010-1_2,mrd7,N1,12.49378,7.1443305
GAGGTACGCGTGTCCC-1-19,20221010-4_14,mrd7,N1,12.081883,8.715402
CGCTTTCCGCCAAGGT-1-19,20221010-4_14,mrd7,N1,13.061865,7.349254
AGTTACTCTATCGTGG-1-19,20221010-4_14,mrd7,N1,12.372559,9.010295
CCAATAGTGCCGTCGA-1-19,20221010-4_14,mrd7,N1,12.4223175,7.535108
ACGGAATTTAGCAAAT-1-7,20221010-1_2,mrd7,N1,11.921584,6.4093223
GAACGACCGAATGATA-1-7,20221010-1_2,mrd7,N1,10.35335,7.0997868
ACACATTTCCGTAGAC-1-19,20221010-4_14,mrd7,N1,12.276145,6.9635315
TCAGCGCACGCCGTTT-1-19,20221010-4_14,mrd7,N1,13.057152,7.782465
TGGAAGACGAACACCA-1-7,20221010-1_2,mrd7,N1,11.729055,6.175673
GATGTTTGTGCGAGAT-1-7,20221010-1_2,mrd7,N1,11.946478,5.9819674
AACCTTTACGACGTCT-1-19,20221010-4_14,mrd7,N1,12.406938,8.966876
GTCAAGCGGACTCGGG-1-7,20221010-1_2,mrd7,N1,11.941875,7.2133746
GTTGTAGATTTATGAG-1-19,20221010-4_14,mrd7,N1,13.0659075,7.4143777
AGTGTATTGCGCATTG-1-19,20221010-4_14,mrd7,N1,12.223477,8.704258
CATACGGGTGCATGAT-1-7,20221010-1_2,mrd7,N1,12.860568,7.7497034
AGGACGACCCATTAGA-1-7,20221010-1_2,mrd7,N1,11.718491,6.934156
CATTTAGCGGACCATG-1-7,20221010-1_2,mrd7,N1,11.741332,8.277743
CACTTCGCCACAGGCT-1-7,20221010-1_2,mrd7,N1,9.876373,5.898916
CGGCAAACATCGTGCG-1-7,20221010-1_2,mrd7,N1,11.164917,6.5531206
TGCCAGTACGTGGAGA-1-7,20221010-1_2,mrd7,N1,9.300454,6.57642
TCCGCTTATCCCATTA-1-7,20221010-1_2,mrd7,N1,9.528629,6.063446
ATGCCGGTTGATGGGA-1-7,20221010-1_2,mrd7,N1,11.619339,8.473361
GGAAAGGGAATTGAGC-1-19,20221010-4_14,mrd7,N1,13.056206,7.323929
GTTGTCGTGTTAGTTG-1-7,20221010-1_2,mrd7,N1,12.232289,7.0720444
CGGTTGGGCAGGGTCC-1-19,20221010-4_14,mrd7,N1,13.012468,7.1211376
TCCTAGCAAAGAAGCT-1-7,20221010-1_2,mrd7,N1,12.799122,7.660677
CTTGTCAACATTCGAG-1-7,20221010-1_2,mrd7,N1,9.097311,6.1838017
TCCCGGGTGTGCTGCT-1-7,20221010-1_2,mrd7,N1,12.88284,7.8286524
TGCTGGTTGGACAATT-1-7,20221010-1_2,mrd7,N1,11.131713,6.8754525
TAAAGCGTTAGGAGAA-1-7,20221010-1_2,mrd7,N1,10.639317,9.080257
TCGCCGACATATTCGC-1-19,20221010-4_14,mrd7,N1,11.933031,8.693597
TAAAGCTGCAATAGGG-1-19,20221010-4_14,mrd7,N1,12.822613,8.281963
GCTGAGGCGTGAGTAT-1-7,20221010-1_2,mrd7,N1,9.274503,7.781989
CGCTATTCAATGTATG-1-7,20221010-1_2,mrd7,N1,11.318519,6.3016233
TGGTTCAACGGGTAAT-1-7,20221010-1_2,mrd7,N1,9.926444,6.2892413
ATTGCTGCTCCTCCAT-1-19,20221010-4_14,mrd7,N1,12.056905,8.99701
GCTTGATGATAATCAG-1-7,20221010-1_2,mrd7,N1,11.004173,6.8635464
CACTCCTCTCGGTCGG-1-19,20221010-4_14,mrd7,N1,12.566802,8.898877
CAATTTGACCGGGAAG-1-7,20221010-1_2,mrd7,N1,12.325185,6.6683755
TTCGGCAACCCGCTGA-1-19,20221010-4_14,mrd7,N1,12.46743,9.090123
GGGCAGTCAACGCCAA-1-19,20221010-4_14,mrd7,N1,13.124754,7.6705675
TCTTACAGAGGTACCG-1-7,20221010-1_2,mrd7,N1,12.479281,6.7656364
GCAAATATTACGCTTT-1-19,20221010-4_14,mrd7,N1,12.353648,7.491129
AATATCGAGGGTTCTC-1-19,20221010-4_14,mrd7,N1,12.82105,8.339685
AACTTGCCCGTATGCA-1-7,20221010-1_2,mrd7,N1,12.112069,6.972285
TAAGTAACATCTTGAC-1-7,20221010-1_2,mrd7,N1,12.419738,7.0275397
GAACAACTGGGATGAA-1-19,20221010-4_14,mrd7,N1,12.928084,6.9423904
CTATTTGCTTGGAGGA-1-19,20221010-4_14,mrd7,N1,12.627294,7.2243357
TAACTCATCCGCGCGG-1-7,20221010-1_2,mrd7,N1,12.332907,6.906645
CCAAGGAACAGAGAGG-1-7,20221010-1_2,mrd7,N1,12.360477,7.2916164
GAGGTCCCAAAGATCT-1-7,20221010-1_2,mrd7,N1,11.521781,6.430815
GTTGGATTCAGTGGCT-1-19,20221010-4_14,mrd7,N1,12.499515,8.959056
GAGAGGGCGCGAGGTT-1-19,20221010-4_14,mrd7,N1,12.045405,9.034789
AGGAAAGCCTCTGATG-1-7,20221010-1_2,mrd7,N1,12.50287,7.057157
TTGAAGAATTCCCAGG-1-19,20221010-4_14,mrd7,N1,11.664787,8.913317
GCGTCGTAACATGGTC-1-19,20221010-4_14,mrd7,N1,13.128533,7.934129
CACCATCGGAGGAGAC-1-7,20221010-1_2,mrd7,N1,11.576232,7.926776
TATCACTTCGAGTAAC-1-19,20221010-4_14,mrd7,N1,13.090347,7.7760406
ACCCATCTTGAGGGTA-1-7,20221010-1_2,mrd7,N1,12.474451,6.996659
TGCGGTGAAATTTCAT-1-7,20221010-1_2,mrd7,N1,11.657294,8.286424
CATAGTAGCATAGTAG-1-7,20221010-1_2,mrd7,N1,8.830238,5.947044
AGATACCGGTGTTCAC-1-19,20221010-4_14,mrd7,N1,12.212145,9.105444
CTTAGATGTTTCATCC-1-19,20221010-4_14,mrd7,N1,13.081373,7.890465
AAATAACCATACGGGA-1-19,20221010-4_14,mrd7,N1,12.247223,8.671193
GATACGATGGGAGTCA-1-7,20221010-1_2,mrd7,N1,11.786785,6.9479666
TTCTTGTAACCTAATG-1-7,20221010-1_2,mrd7,N1,10.391332,5.8587637
TGTCTACAGTTTCTGT-1-7,20221010-1_2,mrd7,N1,12.364642,7.7574067
TCCAAGCCTAGACACA-1-19,20221010-4_14,mrd7,N1,13.040258,7.966618
GCAACCACCAGACCGG-1-19,20221010-4_14,mrd7,N1,12.153741,8.603847
GCGCCGTTCCACGATA-1-7,20221010-1_2,mrd7,N1,10.553262,7.2721434
GCAGGTAGAGTATGGT-1-19,20221010-4_14,mrd7,N1,12.5584755,8.821823
GATGGCGCACACATTA-1-7,20221010-1_2,mrd7,N1,12.786779,7.6168213
CTAACCGCGCGCCCGT-1-7,20221010-1_2,mrd7,N1,11.589177,6.5207825
CCGTTACGTTAGAACA-1-19,20221010-4_14,mrd7,N1,12.0084305,8.721169
ATGTACGATGACGTCG-1-19,20221010-4_14,mrd7,N1,12.412948,9.056483
CGCAATTCTACAATAA-1-7,20221010-1_2,mrd7,N1,11.607936,6.5316133
TGCGTTTGTTGACACT-1-7,20221010-1_2,mrd7,N1,11.113744,6.379542
AGTCCCGCCTTTAATT-1-19,20221010-4_14,mrd7,N1,11.939038,8.715806
ATTCCCACATAAACAA-1-7,20221010-1_2,mrd7,N1,12.60841,7.4775105
GATTACTGAATTTGGG-1-19,20221010-4_14,mrd7,N1,12.3996315,9.066932
TCAAATTGTTGTGCCG-1-19,20221010-4_14,mrd7,N1,12.682892,7.9508033
GGGTACCCACGGTCCT-1-7,20221010-1_2,mrd7,N1,11.297747,7.6285734
CGAACGCCCAGTGCCG-1-7,20221010-1_2,mrd7,N1,11.925805,8.670334
GTATCAAGGTACTTCC-1-19,20221010-4_14,mrd7,N1,11.728539,6.9477525
CTGTCAAATGGCTCGG-1-7,20221010-1_2,mrd7,N1,11.803137,8.205583
GTTTGGGCTTGTGAGC-1-7,20221010-1_2,mrd7,N1,11.204859,6.68615
GCAAGAATTCCTTGGC-1-19,20221010-4_14,mrd7,N1,12.468356,8.929496
CACGTTTCGTACACAC-1-19,20221010-4_14,mrd7,N1,12.064705,8.67821
CGTCGTCCTTCGCGAA-1-7,20221010-1_2,mrd7,N1,12.1115265,7.212519
AATGATGCGACTCCTG-1-19,20221010-4_14,mrd7,N1,13.038944,7.874797
CGTTCAGACCCGCGAA-1-19,20221010-4_14,mrd7,N1,12.645574,8.432674
ACCATCGTATATGGTA-1-7,20221010-1_2,mrd7,N1,10.002259,6.117043
TAGATATGGACTGGAA-1-7,20221010-1_2,mrd7,N1,11.089373,6.6638284
GAAACAGCCATGCAGT-1-7,20221010-1_2,mrd7,N1,11.825284,8.54647
TTCGACAGAGCCCGTG-1-7,20221010-1_2,mrd7,N1,9.35759,6.263068
TCCTAAAGATTCAGAC-1-19,20221010-4_14,mrd7,N1,12.515712,6.990513
GCCGAAATTCCTACGT-1-19,20221010-4_14,mrd7,N1,12.347551,8.628553
TGACATGTAACGTGAC-1-19,20221010-4_14,mrd7,N1,13.065933,8.043718
CTTGAGGTTATCCCGA-1-7,20221010-1_2,mrd7,N1,11.359266,6.602835
CAGCCTCTCCTCAAGA-1-19,20221010-4_14,mrd7,N1,12.704507,8.382122
GGGAACGGGAGGTTAG-1-7,20221010-1_2,mrd7,N1,12.568273,7.3207426
CATGGGTCGGGTGTGG-1-7,20221010-1_2,mrd7,N1,10.784072,9.065248
TGGAACCACTGACACA-1-19,20221010-4_14,mrd7,N1,12.6917925,6.926824
ACGTTAGATTTGCCCG-1-7,20221010-1_2,mrd7,N1,12.443081,7.342171
CCTTCGTATAGAATCC-1-19,20221010-4_14,mrd7,N1,13.010599,8.061653
GTTCAGTCGCCAAATG-1-19,20221010-4_14,mrd7,N1,12.814649,7.284456
TCAGACGCTATAGAAG-1-7,20221010-1_2,mrd7,N1,9.814551,6.2961316
GTTACTTTGGGCCTAG-1-7,20221010-1_2,mrd7,N1,12.031143,6.661877
GGTTTCAATCGGTCAG-1-7,20221010-1_2,mrd7,N1,9.077649,7.7987776
TCACAAACCGAGGTAC-1-19,20221010-4_14,mrd7,N1,12.006193,7.55216
TCGCCGAAGTTGCGTC-1-19,20221010-4_14,mrd7,N1,12.006869,8.9359665
GTGGTGGCCAAGTGAA-1-7,20221010-1_2,mrd7,N1,9.973659,6.5523386
AGAAGGTTGCCGAATT-1-7,20221010-1_2,mrd7,N1,12.466556,7.4195275
AGGCAGATGCGTAAAC-1-7,20221010-1_2,mrd7,N1,11.284699,7.8765955
GACACTGAGTTCAGTG-1-7,20221010-1_2,mrd7,N1,9.789113,6.339407
TACAAGGGCTTCTTTA-1-19,20221010-4_14,mrd7,N1,12.781553,7.3847322
TTATGAATGAAAGGGA-1-7,20221010-1_2,mrd7,N1,12.157739,7.348375
AGTTTCGCAGGTCGGA-1-7,20221010-1_2,mrd7,N1,11.742811,8.0402355
CCAATTACGGGTCGAG-1-19,20221010-4_14,mrd7,N1,12.495835,8.914961
GCGGCTCTGACGTACC-1-7,20221010-1_2,mrd7,N1,12.818275,7.7144723
TATCCTATCAACTGGT-1-19,20221010-4_14,mrd7,N1,13.009606,8.176635
TTCGTACTCCAGAACG-1-7,20221010-1_2,mrd7,N1,12.542016,6.9314823
GGCCTGCTCTGATGTT-1-19,20221010-4_14,mrd7,N1,12.986972,7.531408
TCGCTGCCAATGCTGT-1-19,20221010-4_14,mrd7,N1,13.15979,7.9936395
GATATCTCATGCAATA-1-7,20221010-1_2,mrd7,N1,12.193921,7.448668
GAAAGTGACTAACTGC-1-7,20221010-1_2,mrd7,N1,12.419335,7.116211
TAGTACCTTAGTGGTC-1-7,20221010-1_2,mrd7,N1,13.007666,7.8692083
CTTGCCCAGGCTCTAC-1-7,20221010-1_2,mrd7,N1,9.141473,5.910696
GGTATAGTGACACATA-1-19,20221010-4_14,mrd7,N1,12.889498,6.9328175
CGGGCGATGGATCACG-1-19,20221010-4_14,mrd7,N1,12.148114,7.2453914
GGTGTAAATCGATTGT-1-19,20221010-4_14,mrd7,N1,13.116921,7.852299
GACTAGGCCGTTAGGT-1-19,20221010-4_14,mrd7,N1,12.171396,8.303211
AGGCTATGGTTAGCTT-1-7,20221010-1_2,mrd7,N1,11.862455,6.738285
GCGTCTCTGCATTGGG-1-19,20221010-4_14,mrd7,N1,12.435357,9.07041
TATGTCAAGACCGACT-1-19,20221010-4_14,mrd7,N1,11.991836,9.008265
GTGCCTGAGACCAAAC-1-19,20221010-4_14,mrd7,N1,12.231342,6.734863
CCTCACCTGAGGGAGC-1-19,20221010-4_14,mrd7,N1,12.678217,7.4154954
GAATCTGAACATTCTC-1-7,20221010-1_2,mrd7,N1,11.029997,7.9881215
GTCCTACGAATAGTCT-1-19,20221010-4_14,mrd7,N1,12.131868,8.639005
CTTATGTTGACTACCA-1-7,20221010-1_2,mrd7,N1,11.858992,8.4563265
GTGCGGGTCTCCAAAT-1-7,20221010-1_2,mrd7,N1,9.747867,6.526009
ATGATGCAATGGTACA-1-7,20221010-1_2,mrd7,N1,11.733649,6.9136786
GAAGGACTAAATTGAA-1-7,20221010-1_2,mrd7,N1,12.55282,7.2914968
GCGAATGGACTAGCGA-1-19,20221010-4_14,mrd7,N1,13.080656,7.616038
CAAATTGTCAGCAAGC-1-19,20221010-4_14,mrd7,N1,11.737866,7.8430166
TTCGGGTTGCCACGGG-1-19,20221010-4_14,mrd7,N1,11.075318,6.1447606
GAAGGGTCATTAAGAC-1-19,20221010-4_14,mrd7,N1,12.72616,6.6469007
GAGATCTGCTTGGCAT-1-19,20221010-4_14,mrd7,N1,11.8327055,9.052452
TGTGGCAAAGCGTATG-1-7,20221010-1_2,mrd7,N1,11.319217,8.810023
CCATCGCAGTTAAACT-1-7,20221010-1_2,mrd7,N1,9.390126,5.919169
ATTATCGGAATGTACG-1-19,20221010-4_14,mrd7,N1,12.811127,8.346802
TCACTCGTGCAACGGC-1-19,20221010-4_14,mrd7,N1,12.4620495,8.902581
TGAGATTAGGCCCTAA-1-19,20221010-4_14,mrd7,N1,12.329948,9.130112
ACAACGGTCCCTGCGA-1-7,20221010-1_2,mrd7,N1,12.147698,7.2662783
CTTGTGAGGACAGCGG-1-7,20221010-1_2,mrd7,N1,13.056493,7.818639
ACTCCCGAATTCGTTT-1-19,20221010-4_14,mrd7,N1,12.651393,7.485422
TTATCCGGGATCTATA-1-7,20221010-1_2,mrd7,N1,10.383595,6.1742806
AGTAGAAGGCGCCTCA-1-19,20221010-4_14,mrd7,N1,13.141388,7.96038
TACGATGTTGATCATC-1-7,20221010-1_2,mrd7,N1,11.607974,6.934005
TAACTCCATGGAGGCT-1-7,20221010-1_2,mrd7,N1,12.557774,7.074701
TCTGACTGTAATGGTT-1-7,20221010-1_2,mrd7,N1,11.2506895,8.263341
GTGAGTGGTACAACGC-1-7,20221010-1_2,mrd7,N1,11.865304,6.60205
GCCTACGTTCTGTGCA-1-19,20221010-4_14,mrd7,N1,13.097822,7.950524
GCGTCGCCAGGGTGAT-1-7,20221010-1_2,mrd7,N1,11.093887,6.6075315
GGGCGGGTTCCCTACG-1-19,20221010-4_14,mrd7,N1,12.463426,9.023573
GGATTAATCATGGACC-1-19,20221010-4_14,mrd7,N1,13.023249,7.046174
TGCCGATGTCATCAAT-1-7,20221010-1_2,mrd7,N1,12.60389,7.014193
TTGGGAAGACGAGCCG-1-19,20221010-4_14,mrd7,N1,13.028842,6.993707
ATCGCACGATTGTTCA-1-7,20221010-1_2,mrd7,N1,12.607228,6.9443116
GAATGTATGGCAGGTC-1-19,20221010-4_14,mrd7,N1,12.930058,8.173774
GCGCTATGCCGAGGCA-1-7,20221010-1_2,mrd7,N1,12.189703,7.2061014
TAGGTCCAAGTAAGGA-1-7,20221010-1_2,mrd7,N1,11.933746,5.956697
TACAAGTCTCGTGCAT-1-7,20221010-1_2,mrd7,N1,12.510416,7.1178455
AAAGTAGCATTGCTCA-1-17,20221010-3_9,primary,N1,4.997079,8.0916605
GTTCGGAGCACTCAAC-1-22,20230607-1_1,primary,N1,11.977237,6.197257
ACGCATAAATGACATG-1-6,20221010-1_1,primary,N1,11.714184,5.8839984
TAATCAACCAAATGGG-1-22,20230607-1_1,primary,N1,12.391093,7.6303496
AGGAACGAACGACTTC-1-22,20230607-1_1,primary,N1,13.062941,7.8979425
AAATAGGGTGCTATTG-1-17,20221010-3_9,primary,N1,0.2236361,2.333112
CAGAATATTCGTTATC-1-22,20230607-1_1,primary,N1,9.340736,8.002581
AGAGGCTTCGGAAACC-1-6,20221010-1_1,primary,N1,9.531779,8.438077
TTAACCAACCCTCCCT-1-22,20230607-1_1,primary,N1,9.909654,8.8093815
CTATTGTGTTTGGTCA-1-10,20221010-2_5,primary,N1,9.678218,3.1931567
AGTGAACAAACTTCTC-1-6,20221010-1_1,primary,N1,11.776802,7.2246394
ATGTTCGTCGACCCAC-1-22,20230607-1_1,primary,N1,10.976051,7.7797256
GGCAGAGAGATCGGGA-1-22,20230607-1_1,primary,N1,8.744082,8.674018
CGAAGCTATAAATTCA-1-6,20221010-1_1,primary,N1,10.677594,7.1629877
TTCTTTGGTCGCGACG-1-6,20221010-1_1,primary,N1,9.69363,3.0311894
TTGGATTGGGTACCAC-1-22,20230607-1_1,primary,N1,8.442255,9.271976
TAAAGACAACCCTTTA-1-22,20230607-1_1,primary,N1,9.758471,7.7215843
TATGAAGAATTAAGGT-1-22,20230607-1_1,primary,N1,10.710983,6.9644756
AACATCGATACGTCTA-1-23,20230607-2_5,primary,N1,9.794667,8.946485
TGATCTACGCTGATCT-1-10,20221010-2_5,primary,N1,9.575412,3.1364741
GCAAACCCTACATTAT-1-17,20221010-3_9,primary,N1,8.4994335,2.6831517
CCAACTTGATAGATCC-1-22,20230607-1_1,primary,N1,8.856405,8.583106
TATCCATATCATGCGA-1-22,20230607-1_1,primary,N1,8.413745,8.402742
GATATTGAGATTGGCG-1-10,20221010-2_5,primary,N1,8.062702,2.557846
TAGTTAAGATAGGATA-1-21,20221010-4_16,relapsed,N1,11.025195,8.764833
GTCCTTCTAGTGGGTT-1-21,20221010-4_16,relapsed,N1,10.247637,8.907949
TCCTCTGGCCCATTAG-1-21,20221010-4_16,relapsed,N1,9.9881935,8.470044
AACGTGATGAAGGACA-1-21,20221010-4_16,relapsed,N1,9.775062,8.561015
CAAACGTGGTCTTGCG-1-21,20221010-4_16,relapsed,N1,9.120122,8.700193
CTAGTATTCGGAATTA-1-21,20221010-4_16,relapsed,N1,10.898354,8.606051
AGTAACGTTCATCCTG-1-21,20221010-4_16,relapsed,N1,10.485813,8.865636
GAAATACCTGCTGGCT-1-21,20221010-4_16,relapsed,N1,7.9703045,6.2165213
CGAGGCCAGGCATTGG-1-9,20221010-1_4,relapsed,N1,9.645777,9.14188
CGGAGCTTATAACACC-1-21,20221010-4_16,relapsed,N1,11.000661,8.877398
ACAAACCGACAAGGCG-1-21,20221010-4_16,relapsed,N1,11.828406,8.796117
GTTTGGTAGGGTCAAC-1-9,20221010-1_4,relapsed,N1,10.385431,8.534017
TCGTATTTCGTCCGGA-1-21,20221010-4_16,relapsed,N1,9.143454,8.954303
GAAAGCCCTTTGGACC-1-9,20221010-1_4,relapsed,N1,11.205991,7.1267843
TCGGCTAACTTCCCTT-1-21,20221010-4_16,relapsed,N1,10.637462,9.176267
CGGTTGACCTGGCATA-1-9,20221010-1_4,relapsed,N1,9.904379,9.068989
GACTACAATTGCTCGT-1-21,20221010-4_16,relapsed,N1,11.241842,8.7886305
GAATCTATACTCGGAC-1-21,20221010-4_16,relapsed,N1,8.754928,9.401607
AGTGAGGGTTTCTGAC-1-21,20221010-4_16,relapsed,N1,10.641545,8.874025
TCGGTCCCTGACTCCA-1-21,20221010-4_16,relapsed,N1,10.071685,8.739892
ACGTGGTCGAATGTGC-1-21,20221010-4_16,relapsed,N1,11.964866,8.655675
TATACTCATGCGGCAA-1-9,20221010-1_4,relapsed,N1,10.972294,8.3052845
ACTCTCTTATACACGA-1-21,20221010-4_16,relapsed,N1,11.17933,8.799818
CACCGATACACCGAGC-1-21,20221010-4_16,relapsed,N1,10.848822,8.866183
TATGATAAATCTAACG-1-21,20221010-4_16,relapsed,N1,11.303745,8.751608
CACACGTTTCAATGGG-1-21,20221010-4_16,relapsed,N1,11.124677,8.833705
AACCTAAAGCCGTCCG-1-21,20221010-4_16,relapsed,N1,11.372668,8.76332
AACCGCTAAGGGATGC-1-9,20221010-1_4,relapsed,N1,7.293683,10.057058
TCAGGGTGCACGAAAC-1-21,20221010-4_16,relapsed,N1,9.870236,9.131862
CATTTATCGTTCAAGA-1-21,20221010-4_16,relapsed,N1,9.707535,9.040715
GACCGTCAGGTCGTGA-1-21,20221010-4_16,relapsed,N1,11.609399,8.777396
CTACGACTAGCTATAA-1-9,20221010-1_4,relapsed,N1,8.874256,9.282864
CGCATCATGGCTTCAG-1-21,20221010-4_16,relapsed,N1,10.97759,8.805779
GATCCTCTTGCGCTTA-1-21,20221010-4_16,relapsed,N1,11.276069,8.663567
AACGTACTGTGGGTAC-1-9,20221010-1_4,relapsed,N1,9.519642,9.271157
ATTACAACTACCGGCC-1-21,20221010-4_16,relapsed,N1,10.308232,8.839411
AGCACTACCGGCCTGT-1-9,20221010-1_4,relapsed,N1,10.905632,8.612456
GGAAGCTCGCTTACAG-1-21,20221010-4_16,relapsed,N1,11.12652,8.813373
GACTAACACAGCACCT-1-21,20221010-4_16,relapsed,N1,8.208323,9.74282
ATTCTTCGTACTTATG-1-21,20221010-4_16,relapsed,N1,10.367161,8.872237
GTGGTCAGCGAAGTAT-1-21,20221010-4_16,relapsed,N1,9.940436,9.099125
TGCGAGAATATTACCC-1-9,20221010-1_4,relapsed,N1,7.1618176,9.931449
ATTCTGAGTATGAACT-1-21,20221010-4_16,relapsed,N1,6.6298137,5.7276177
AGTACGTGGCCTGTCT-1-21,20221010-4_16,relapsed,N1,11.21751,8.655723
TTCCACATTTCTCGTC-1-21,20221010-4_16,relapsed,N1,11.205692,8.815623
ATATCGTGCCAGACCC-1-21,20221010-4_16,relapsed,N1,10.099404,8.554858
GGGCGGCAAATGAATT-1-9,20221010-1_4,relapsed,N1,9.211918,9.281558
TAGAAACCACTAAGTA-1-21,20221010-4_16,relapsed,N1,11.204443,8.58273
ACCACAACTCAGAACA-1-21,20221010-4_16,relapsed,N1,11.322072,8.666955
CCAACGCTTGCCAGGG-1-21,20221010-4_16,relapsed,N1,9.460146,8.801875
GCCAGGCGTTCGCATG-1-21,20221010-4_16,relapsed,N1,11.057585,8.783751
TTGTTGTGTGTCAAGA-1-20,20221010-4_15,mrd12,N10,-0.82005775,6.6255746
TGGTCCCACGCTACGG-1-8,20221010-1_3,mrd12,N10,8.945562,4.962312
ATCGACCCAATACAGA-1-24,20230607-2_8,mrd12,N10,5.036515,7.642728
TCGCTCGATATATTCC-1-24,20230607-2_8,mrd12,N10,5.3134327,8.848111
GCCTTCAGCCCTACCG-1-20,20221010-4_15,mrd12,N10,-1.6522133,2.345127
GGCAAAGGCGCCAATA-1-8,20221010-1_3,mrd12,N10,8.97708,4.3934455
GTAGAAACGGGTGGAG-1-20,20221010-4_15,mrd12,N10,-1.7990654,7.8177466
GTGAGCGTGCTGCACT-1-20,20221010-4_15,mrd12,N10,-1.7242386,6.242325
GTACTCCCTTATCGCT-1-20,20221010-4_15,mrd12,N10,-0.16137394,6.7656336
CGTGCAGACTGGGACA-1-24,20230607-2_8,mrd12,N10,5.716682,8.246235
GAGATGGGAGTCGACA-1-8,20221010-1_3,mrd12,N10,8.567864,5.778473
AGACAGCTCAGAATCC-1-20,20221010-4_15,mrd12,N10,-1.7435429,7.965459
CTTTCTGTGCGGGCTT-1-8,20221010-1_3,mrd12,N10,5.949653,9.097958
CCAGCTTCCGCCCGCA-1-20,20221010-4_15,mrd12,N10,0.2544087,7.14054
GCCCGATCTGTGGTCG-1-8,20221010-1_3,mrd12,N10,6.9228673,7.4112616
GGGCTGCCTAGGGCGA-1-8,20221010-1_3,mrd12,N10,6.4144554,7.379677
TGTGGCAAAGCGTATG-1-20,20221010-4_15,mrd12,N10,-1.5024557,7.1984544
TCAGTACTGACCCGCG-1-20,20221010-4_15,mrd12,N10,-1.4107703,7.6120667
GGGTCATGCGTACCAT-1-20,20221010-4_15,mrd12,N10,-0.64863366,7.4512053
CAGTAATCCCTCCCAG-1-20,20221010-4_15,mrd12,N10,-0.7249947,7.960324
GCGCCGTTCCACGATA-1-24,20230607-2_8,mrd12,N10,5.055966,7.7032547
GACGACGATCCGCGTT-1-8,20221010-1_3,mrd12,N10,5.5365415,7.816469
CCGGGACCCGCAGAGA-1-8,20221010-1_3,mrd12,N10,1.2556934,9.176637
AGTGAGACTTCCAGTA-1-8,20221010-1_3,mrd12,N10,2.7337976,10.091375
GGTAGAAGACCGCCTG-1-8,20221010-1_3,mrd12,N10,5.9342756,8.976772
GAACGTCTCATGGTCG-1-20,20221010-4_15,mrd12,N10,-1.4002191,7.002587
AATAACAACGCTCGGC-1-20,20221010-4_15,mrd12,N10,-0.8785667,6.71277
CGCCTCCCTCCTCTAT-1-24,20230607-2_8,mrd12,N10,4.8614063,10.494111
TTAGTAGGGCGGCGGG-1-20,20221010-4_15,mrd12,N10,-2.5254745,3.3857872
CTATGTCACTAGCCCA-1-24,20230607-2_8,mrd12,N10,5.1730294,7.881143
CTATCGGGTCTCAACA-1-24,20230607-2_8,mrd12,N10,5.5988445,7.6250796
CGCTTTCTTGCATTCG-1-20,20221010-4_15,mrd12,N10,-1.0001459,7.6882043
CCTGAATATTTACATA-1-24,20230607-2_8,mrd12,N10,5.529817,7.554968
ACTCTTGTATAGTAAC-1-20,20221010-4_15,mrd12,N10,0.83640814,7.0472555
TTATCGCCTGCGAAGC-1-20,20221010-4_15,mrd12,N10,-1.5673252,7.21149
GAGGCTATCAAAGTCG-1-20,20221010-4_15,mrd12,N10,-0.4673157,6.5568438
TAAGGCAACATAAGAT-1-24,20230607-2_8,mrd12,N10,5.5175333,9.268205
TGAGCGGAAAGTGTTC-1-8,20221010-1_3,mrd12,N10,6.60079,7.6563315
CATACCCGTACCCAGT-1-20,20221010-4_15,mrd12,N10,0.40710983,7.623465
TGGTCTGTTGGGCGTA-1-20,20221010-4_15,mrd12,N10,-0.75507057,7.2789717
GCGTCGCCAGGGTGAT-1-8,20221010-1_3,mrd12,N10,6.695545,7.451621
CATGATGCACAATTCT-1-24,20230607-2_8,mrd12,N10,7.4009557,8.811055
CTGGTCATTCCAATCC-1-20,20221010-4_15,mrd12,N10,0.031468995,6.6183386
GCAGATTAGGGATATC-1-24,20230607-2_8,mrd12,N10,5.6028266,8.855466
GTGCCATCACACGGTG-1-8,20221010-1_3,mrd12,N10,3.0958486,6.4293294
CGTCTGGAAGGGCCCG-1-20,20221010-4_15,mrd12,N10,-0.7618626,7.4115205
GATTCGACGGTTCACG-1-8,20221010-1_3,mrd12,N10,-0.49567878,7.7195096
AGGGCTGCAGTTACAG-1-24,20230607-2_8,mrd12,N10,5.371281,7.623187
CGTGCCCTCCCGAAGA-1-24,20230607-2_8,mrd12,N10,5.5488653,10.871939
CCGACGGGCATGAGGT-1-8,20221010-1_3,mrd12,N10,7.421074,8.066036
CTTTGGCGCTTTATAC-1-20,20221010-4_15,mrd12,N10,-0.8159402,6.7727003
CCACAATGTACGTCTT-1-20,20221010-4_15,mrd12,N10,-1.7172428,7.4135857
TGTGTTCGTATCCAAG-1-20,20221010-4_15,mrd12,N10,-1.6079884,4.212878
GCTGCTAAGTAGTCGA-1-8,20221010-1_3,mrd12,N10,9.327385,5.4139137
GATGCCAGCAGAAGGC-1-20,20221010-4_15,mrd12,N10,-1.4095172,7.3730154
TTATGACAAACTGGAT-1-20,20221010-4_15,mrd12,N10,-2.374355,6.3192897
TCTTCGAATAGACGTT-1-8,20221010-1_3,mrd12,N10,1.8407451,10.65142
ACTCAATAAAGGCACG-1-8,20221010-1_3,mrd12,N10,2.6031835,10.466797
GGTAGACCGTTGGGCG-1-8,20221010-1_3,mrd12,N10,9.61929,4.4348974
AGTAGGTAACATACAT-1-20,20221010-4_15,mrd12,N10,-1.7508059,8.159381
GCGTCGAAATGTCGGT-1-24,20230607-2_8,mrd12,N10,6.8715334,6.6573167
CAGTTCCGCGGGTCGA-1-20,20221010-4_15,mrd12,N10,-2.0813572,6.525167
GAAAGCAGTGCACTTT-1-8,20221010-1_3,mrd12,N10,5.669334,7.9175525
TTACCATTGATTACCC-1-20,20221010-4_15,mrd12,N10,-0.6170353,4.6167464
ATGCGACAGTCCCATT-1-8,20221010-1_3,mrd12,N10,2.5464458,10.805911
TCAGGGCGCAAACTCG-1-20,20221010-4_15,mrd12,N10,-1.5147485,7.1296105
TAGGTTCGAGTTCGTC-1-20,20221010-4_15,mrd12,N10,-2.4895623,7.3935857
AAAGGCTCTCGCGCCG-1-8,20221010-1_3,mrd12,N10,6.9028125,8.014494
TCGTAAGACGACATTG-1-20,20221010-4_15,mrd12,N10,-1.8535024,8.106384
ATCAATCTGGGCTGCA-1-20,20221010-4_15,mrd12,N10,-2.2866514,6.4050117
TGCCAGTACGTGGAGA-1-8,20221010-1_3,mrd12,N10,7.957829,6.519956
GAATTATAGTGAAAGG-1-20,20221010-4_15,mrd12,N10,-1.341473,7.3180385
GCTGGCGGCGCATGCT-1-8,20221010-1_3,mrd12,N10,6.605149,7.5615373
TCCAGAGCACCGGTTC-1-8,20221010-1_3,mrd12,N10,1.2337064,9.281803
CTAGTTGGGCCCGGTA-1-24,20230607-2_8,mrd12,N10,5.7984476,7.533726
GCCTATAGTGTCAGGG-1-8,20221010-1_3,mrd12,N10,5.346051,9.07069
GCCATCGAGCTGCGTG-1-8,20221010-1_3,mrd12,N10,7.1194634,7.6613955
TCCCTGGCTCGCTGGA-1-20,20221010-4_15,mrd12,N10,-2.0880716,6.958101
TAAACCCAGGAGGGCA-1-8,20221010-1_3,mrd12,N10,8.603732,6.033462
GATATGGATTACGCGG-1-20,20221010-4_15,mrd12,N10,-1.4177425,5.0841446
TAATGAAAGACCCTTG-1-20,20221010-4_15,mrd12,N10,-0.92809945,8.185087
GGCTCTGCTCCAACGC-1-24,20230607-2_8,mrd12,N10,4.991286,7.4484797
ACTTTCCTATAGCTTC-1-24,20230607-2_8,mrd12,N10,5.6139817,9.735735
TTGGATTGGGTACCAC-1-8,20221010-1_3,mrd12,N10,1.9813334,10.875898
TCGTCACACTGTTAGC-1-20,20221010-4_15,mrd12,N10,-1.3208455,7.188937
AGTTACCGCACATGGT-1-20,20221010-4_15,mrd12,N10,-0.5266489,7.9468374
CCGGGACCCGCAGAGA-1-20,20221010-4_15,mrd12,N10,-0.98167294,8.13635
GGTCGGTCGTCCACAG-1-8,20221010-1_3,mrd12,N10,8.91635,5.1056366
TATCCATATCATGCGA-1-20,20221010-4_15,mrd12,N10,-0.05138329,6.5851455
TCCGAACTTGGCTTAC-1-20,20221010-4_15,mrd12,N10,-0.9128329,7.938673
TGTATGGCGCAGACAG-1-20,20221010-4_15,mrd12,N10,-2.0227444,5.56088
ATACCACGGGCAACTT-1-20,20221010-4_15,mrd12,N10,-0.50251585,6.578306
GTAAGGATTTGTCGGA-1-20,20221010-4_15,mrd12,N10,-2.1807578,6.3683844
GTATTAAGGCGTCTAA-1-20,20221010-4_15,mrd12,N10,0.7450347,7.8075128
ACCCAACGCCCGTGGC-1-20,20221010-4_15,mrd12,N10,0.28877974,9.045422
ACTTATTAGGATCGGT-1-8,20221010-1_3,mrd12,N10,3.485129,11.174925
TCATACTTACAGATCC-1-20,20221010-4_15,mrd12,N10,-0.69620895,7.408201
TGGTGATCGTATTTGT-1-20,20221010-4_15,mrd12,N10,-1.2056218,7.777346
AAAGACTGGGCGCTTT-1-20,20221010-4_15,mrd12,N10,-0.41618934,5.4110546
GTAGAAACGGGTGGAG-1-8,20221010-1_3,mrd12,N10,6.98984,7.1817617
GAAATATCACCATCAG-1-20,20221010-4_15,mrd12,N10,0.1066053,5.486768
CTAGCATAGTATAATG-1-20,20221010-4_15,mrd12,N10,-1.7854993,8.246121
GGTGCGGATAAGTGGC-1-8,20221010-1_3,mrd12,N10,-0.6358984,11.25689
TTCCCGGCGCCAATAG-1-8,20221010-1_3,mrd12,N10,0.5825623,10.167569
AGCAGCCAGATGAATA-1-8,20221010-1_3,mrd12,N10,6.203383,7.5592766
TGCAGATCGTCCTAGG-1-8,20221010-1_3,mrd12,N10,3.1143227,8.01557
CCATGGCCCTTGTACC-1-20,20221010-4_15,mrd12,N10,-1.3052875,6.4374967
GATCGGTGGCCATAAC-1-24,20230607-2_8,mrd12,N10,5.0095606,7.4949703
GGAACGGCCTGCAGCC-1-20,20221010-4_15,mrd12,N10,0.29007515,7.545893
GACTGCGGCACGTGTA-1-20,20221010-4_15,mrd12,N10,-1.3279366,7.2308335
CTAAAGGGAAATAGGA-1-24,20230607-2_8,mrd12,N10,2.5902073,3.1911304
CTACTGCCACCTGACC-1-24,20230607-2_8,mrd12,N10,5.190105,8.797394
GCATTCGAAATGAACA-1-20,20221010-4_15,mrd12,N10,-0.60558236,7.4568696
AGGATAAAGTCGGGAT-1-8,20221010-1_3,mrd12,N10,8.361224,6.4151983
TCCTCTCCAGTTGTCC-1-20,20221010-4_15,mrd12,N10,-1.606892,5.415934
CGGAGCAATTTAATCG-1-8,20221010-1_3,mrd12,N10,6.5481424,7.742146
AGGTAGGTACAAAGCT-1-20,20221010-4_15,mrd12,N10,0.61000645,6.997217
CAGGATATATCGTTGT-1-24,20230607-2_8,mrd12,N10,5.4586287,7.781113
ACGGCGACGATGGGAA-1-8,20221010-1_3,mrd12,N10,6.1078553,7.534233
GAAGTCTCCCTAGCGA-1-8,20221010-1_3,mrd12,N10,6.1587944,8.695859
GTTGTCGTGTTAGTTG-1-8,20221010-1_3,mrd12,N10,-1.068878,11.823128
CCGACAAAGGGAGTGC-1-20,20221010-4_15,mrd12,N10,-0.8538393,6.71273
CGAGACCCTAGAGTGT-1-24,20230607-2_8,mrd12,N10,5.1083307,8.038341
AGAAGAGCGCCGTTCC-1-8,20221010-1_3,mrd12,N10,6.411605,8.170476
ACTTGACTCCCTCTTT-1-24,20230607-2_8,mrd12,N10,2.8844242,9.321387
TAACAATATTTGTTGC-1-20,20221010-4_15,mrd12,N10,0.34319654,6.829619
AACTAGGCTTGGGTGT-1-8,20221010-1_3,mrd12,N10,6.1918125,7.3849874
TGTCCGTGGCGCCTTT-1-20,20221010-4_15,mrd12,N10,-0.67590684,6.5473766
ATAGAGTTATCAACTT-1-20,20221010-4_15,mrd12,N10,1.5759797,8.792856
ACGAAATGGGCGGCAC-1-20,20221010-4_15,mrd12,N10,-1.0509799,6.8920627
TCACATCTTATCTGAT-1-20,20221010-4_15,mrd12,N10,0.02410496,7.0114136
AAGGTGATAAACCAGC-1-20,20221010-4_15,mrd12,N10,-2.3118918,5.4415765
TCCCGCGTACTCCTGG-1-24,20230607-2_8,mrd12,N10,5.6790576,8.044239
AGCAACATATCTTATT-1-20,20221010-4_15,mrd12,N10,-0.2403803,7.595952
TTGTGTATGCCACCAA-1-8,20221010-1_3,mrd12,N10,9.345764,7.772875
GCAGATCCTCGCAAAT-1-20,20221010-4_15,mrd12,N10,-1.1260756,7.70297
GATGCTACAAGCGCCT-1-8,20221010-1_3,mrd12,N10,4.340121,10.100485
AGAGCAGTTATGAGAC-1-20,20221010-4_15,mrd12,N10,-0.5302212,7.4468474
GCTACGACTTATTGGG-1-24,20230607-2_8,mrd12,N10,5.1373043,8.301477
AACCGAGCTTGGTCAT-1-24,20230607-2_8,mrd12,N10,5.55852,7.3364735
GTGGAGTCGGCGGTTG-1-8,20221010-1_3,mrd12,N10,6.86084,7.715876
GATCGTGACTGATATC-1-24,20230607-2_8,mrd12,N10,5.1383295,7.8189497
AACGATAGAAGGGCCG-1-8,20221010-1_3,mrd12,N10,-1.3228656,9.298286
AATGGTCCACCGTTCA-1-20,20221010-4_15,mrd12,N10,0.87980515,7.895854
ACATCGATCGTTTACC-1-24,20230607-2_8,mrd12,N10,4.5209146,7.755243
TAGATTCCTGGTTATT-1-20,20221010-4_15,mrd12,N10,-0.9819486,4.2735014
GTTCTTCCCTCGATGT-1-20,20221010-4_15,mrd12,N10,-1.8146371,7.849246
TGGAATTAGACGCTTT-1-20,20221010-4_15,mrd12,N10,-1.3735281,7.362643
GATGCTACAAGCGCCT-1-20,20221010-4_15,mrd12,N10,-2.5897644,5.5880837
CGCGGGAATTAGGCAG-1-20,20221010-4_15,mrd12,N10,-1.4126062,7.83896
TGTCCTAAGTCACCGC-1-20,20221010-4_15,mrd12,N10,-0.60096014,7.6470447
TTATATTTGGCAATCC-1-24,20230607-2_8,mrd12,N10,5.271321,7.7853723
GAGTAAGGCCACGGGA-1-8,20221010-1_3,mrd12,N10,6.279104,10.73203
CCCTGCGCTACGCATA-1-20,20221010-4_15,mrd12,N10,-2.107134,6.3995285
TCAACTAACGTATAAC-1-20,20221010-4_15,mrd12,N10,-0.5984838,4.58435
CTGCACCTGGAACCGC-1-8,20221010-1_3,mrd12,N10,1.5274192,8.851338
GGATTTCACTTCTATA-1-20,20221010-4_15,mrd12,N10,1.6398499,7.6441836
TAGAAAGGTGGCGCTA-1-20,20221010-4_15,mrd12,N10,-0.47126454,6.46841
AAGGTGATAAACCAGC-1-7,20221010-1_2,mrd7,N10,3.7710505,6.3366795
TAGAGTCTAAGCGAAC-1-19,20221010-4_14,mrd7,N10,0.76623344,5.900493
GCTCTTTCCGCTAGTG-1-19,20221010-4_14,mrd7,N10,0.055114426,5.596225
ACACACCAGGACCAGT-1-7,20221010-1_2,mrd7,N10,2.7294695,6.2786255
AGGATATAGGGATTTA-1-19,20221010-4_14,mrd7,N10,1.4117185,6.0868163
GAGTGTGCGGTACCCA-1-7,20221010-1_2,mrd7,N10,5.987686,6.745455
GAAAGAACAGCGTTAT-1-19,20221010-4_14,mrd7,N10,0.82951146,5.963165
CCGCGGGTACGAAGAA-1-7,20221010-1_2,mrd7,N10,11.391021,4.09316
TAGCTAAGTCCGGGAG-1-19,20221010-4_14,mrd7,N10,3.6149752,8.218532
TACCGGTCGTTTCCAT-1-19,20221010-4_14,mrd7,N10,9.746045,7.5529213
GATCATTCCAAACATT-1-19,20221010-4_14,mrd7,N10,4.3163543,7.440476
AGGTAGGTACAAAGCT-1-7,20221010-1_2,mrd7,N10,7.6706176,5.6957703
CGCATTAGCTAATAGG-1-19,20221010-4_14,mrd7,N10,1.2446274,5.5093584
TCTAGTGATATCGTGG-1-19,20221010-4_14,mrd7,N10,0.9079269,5.5682497
CGTGCAGACTGGGACA-1-7,20221010-1_2,mrd7,N10,6.716113,5.3630652
GAGACTGATGGGTAGA-1-19,20221010-4_14,mrd7,N10,0.7298077,5.692472
ACCACAAGTTTCTATC-1-19,20221010-4_14,mrd7,N10,4.290481,8.451357
CGTGACCAGTCCTCTG-1-19,20221010-4_14,mrd7,N10,0.13831125,6.4431977
GCATCGGCCGTGTAGG-1-19,20221010-4_14,mrd7,N10,6.1544437,6.395814
GTGCCCGTTCGGATTC-1-7,20221010-1_2,mrd7,N10,1.2015089,4.7250667
GCGACGATAGTTGTAC-1-22,20230607-1_1,primary,N10,-0.8366688,3.716275
TCCGGTTCGTCCGGTC-1-22,20230607-1_1,primary,N10,-1.0638528,3.1986995
TAACTATCGAAGGTCC-1-17,20221010-3_9,primary,N10,-2.4040828,3.7021408
TTGACCGTGTTAATGA-1-17,20221010-3_9,primary,N10,-1.0209877,4.3694205
TATCACAGCACGGGCA-1-6,20221010-1_1,primary,N10,-1.4012699,2.1940641
AGGCAGATGCGTAAAC-1-10,20221010-2_5,primary,N10,-0.8885913,1.6499673
ATGTACGATGACGTCG-1-22,20230607-1_1,primary,N10,-0.7138975,3.2611601
GCTTCCGTCCCTAGAC-1-10,20221010-2_5,primary,N10,-1.2721832,2.0519545
ACAAGCAGTGCCTAGC-1-18,20221010-4_13,primary,N10,-1.2134752,1.670244
TATATCCCTGGGAGGA-1-6,20221010-1_1,primary,N10,-1.2527812,4.1314626
TTCATGGCGCAACAGG-1-6,20221010-1_1,primary,N10,-1.1624188,3.223644
GCGAAACGATCGGGAG-1-22,20230607-1_1,primary,N10,0.85814226,4.452928
ACTATTTCCGGGCCCA-1-22,20230607-1_1,primary,N10,-0.71412534,3.5626228
CCTGTAAGACATGATA-1-17,20221010-3_9,primary,N10,-1.7924459,5.593374
AGCGGCGGTTAGCGGT-1-18,20221010-4_13,primary,N10,-1.8164598,3.9670486
TTCTTAGTGGCTCAGA-1-18,20221010-4_13,primary,N10,-2.1311429,4.1160574
ATACGGGTTTCGATTG-1-6,20221010-1_1,primary,N10,-1.084057,1.9215192
GTGCACGAAAGTGACT-1-10,20221010-2_5,primary,N10,-2.2530324,6.0394044
AGTAGCTAGACGCCGA-1-10,20221010-2_5,primary,N10,-0.8580472,2.5549686
CCTATGGGTTACCGTC-1-6,20221010-1_1,primary,N10,-1.2676834,3.6882172
ATTTACTAAGTCCATT-1-23,20230607-2_5,primary,N10,1.145022,2.4285688
CACTCCTCTCGGTCGG-1-6,20221010-1_1,primary,N10,-0.1441531,5.3788505
GACATCGATTTATAAC-1-22,20230607-1_1,primary,N10,-1.4287449,4.400002
TTGCCGGTGATCCCTC-1-10,20221010-2_5,primary,N10,-0.7852301,1.362388
CCGGAGCGTACTTTCT-1-23,20230607-2_5,primary,N10,1.6014452,2.643276
CGGTTGACCTGGCATA-1-18,20221010-4_13,primary,N10,-0.36090457,3.1057768
GGCAAATTACTTTACT-1-6,20221010-1_1,primary,N10,-1.510824,2.6682823
TGTGTCGCGAGTTGCA-1-6,20221010-1_1,primary,N10,-1.826332,2.8373318
CAAAGATTATTGGGCC-1-22,20230607-1_1,primary,N10,0.12609817,3.9594715
AGGGACAGCACGGCGG-1-6,20221010-1_1,primary,N10,-1.4558313,2.8208609
TTGCGGCATCAGAAAG-1-22,20230607-1_1,primary,N10,-1.5029393,4.3931456
CGCCTGGCCTACGTAA-1-17,20221010-3_9,primary,N10,-1.1769838,1.6443747
GGCGCAGGACATCTTC-1-18,20221010-4_13,primary,N10,-1.0775688,1.835926
TACTCTTTCGTCTTCA-1-22,20230607-1_1,primary,N10,-0.36891258,3.1547525
GCAGCACACAGCCCAG-1-17,20221010-3_9,primary,N10,-1.8980647,5.447814
TGCAAGAATGACGTAA-1-17,20221010-3_9,primary,N10,-0.7775092,1.8576264
CATGCGACCAGTTTAA-1-6,20221010-1_1,primary,N10,-1.1543162,2.5473917
CCGGCCGCGAGCATAT-1-18,20221010-4_13,primary,N10,-1.5110999,1.7431312
TTAACACCTCGAACAT-1-18,20221010-4_13,primary,N10,-1.3131648,2.6833303
CTTATGTTGACTACCA-1-10,20221010-2_5,primary,N10,-0.78911144,1.228442
GGTTTACAATCTCAAT-1-23,20230607-2_5,primary,N10,0.8618535,2.3346076
TAGGTGACGATAACCT-1-22,20230607-1_1,primary,N10,0.69190574,4.1891823
ATAGATTTGCAGTCGG-1-6,20221010-1_1,primary,N10,-1.8377248,5.0499864
GCGACATGTAAACATC-1-23,20230607-2_5,primary,N10,0.6573181,2.2478757
GCTCGCTCATGTCCAA-1-10,20221010-2_5,primary,N10,-1.5866333,1.9264308
TAATTACGTCAGTAGA-1-22,20230607-1_1,primary,N10,1.2445954,4.5836067
GCCCGATCTGTGGTCG-1-23,20230607-2_5,primary,N10,1.0043371,2.3292196
AACCCGACAACCCGTG-1-18,20221010-4_13,primary,N10,0.109997645,2.2254663
AAGCTAGATCGAGTAA-1-22,20230607-1_1,primary,N10,-0.41572714,4.9353857
CATCATTACCCTGAGG-1-22,20230607-1_1,primary,N10,1.4234965,5.4325533
TTAGCTAATACGATCT-1-17,20221010-3_9,primary,N10,-1.5473754,1.9586606
AAACGAAGATGGAGTA-1-18,20221010-4_13,primary,N10,-1.1727121,1.7061878
TAATCGATCCGTACGT-1-18,20221010-4_13,primary,N10,-2.179307,3.1221235
TATGATCTTCTCTTTA-1-22,20230607-1_1,primary,N10,0.88963294,4.3817506
GATCATTCCAAACATT-1-6,20221010-1_1,primary,N10,-1.3253884,3.4750967
CAGCCTCCTGCAGAGG-1-10,20221010-2_5,primary,N10,-0.5830343,3.000716
ACTATTCGTCCGTGGT-1-10,20221010-2_5,primary,N10,-0.85628504,1.3334332
GGCTGGCTAGCTTAAA-1-10,20221010-2_5,primary,N10,-1.3877147,3.3660595
CGGCCCAGGTATATCC-1-10,20221010-2_5,primary,N10,-1.8484515,3.4690456
AAGATGGCACCGGACC-1-22,20230607-1_1,primary,N10,-0.73274595,3.5154111
TGGCAGATTACGATCA-1-23,20230607-2_5,primary,N10,2.0659304,2.9690707
TGGGCCCATACTAATT-1-22,20230607-1_1,primary,N10,1.4164497,5.27818
TATAGGGTACTCATGA-1-18,20221010-4_13,primary,N10,-2.686085,5.11966
CTAAATCCTATTCCGG-1-10,20221010-2_5,primary,N10,-1.240546,2.272349
GACTAGGCCGTTAGGT-1-22,20230607-1_1,primary,N10,0.24092135,3.6422353
CTCTTCTGGAAGTTAG-1-17,20221010-3_9,primary,N10,-1.2537986,1.7942244
TGGTTCAACGGGTAAT-1-6,20221010-1_1,primary,N10,-2.0065606,4.5453725
TCCTAGCAAAGAAGCT-1-17,20221010-3_9,primary,N10,-1.6058146,1.8649703
CTGGTTTCGAGCAAGA-1-22,20230607-1_1,primary,N10,1.0845598,6.149629
GCGAAACTTAACTGGA-1-17,20221010-3_9,primary,N10,-1.403874,3.584203
ACGAGTACGGATGCCC-1-23,20230607-2_5,primary,N10,0.6014076,2.3587034
TTATCTGACATTAGGA-1-18,20221010-4_13,primary,N10,-0.59849733,5.756486
CACATCGTGCACGCGC-1-17,20221010-3_9,primary,N10,-1.639486,1.8901452
CCACGAGAAGAGAATC-1-6,20221010-1_1,primary,N10,-1.7964246,4.8484554
GCAAGCTGGAAACCGC-1-18,20221010-4_13,primary,N10,-1.0944927,3.9817786
GGGAACGGTTTCAGAT-1-17,20221010-3_9,primary,N10,-1.1816454,1.4601073
TGGTCCCACGCTACGG-1-22,20230607-1_1,primary,N10,0.29952946,4.000573
CGAGTGAAGGTACCAG-1-17,20221010-3_9,primary,N10,-1.8038967,3.2646434
GCTTGATGATAATCAG-1-6,20221010-1_1,primary,N10,-1.5397499,1.7821949
TCCAGGCAGGACGATC-1-17,20221010-3_9,primary,N10,-1.2342476,2.0334473
CTTTAGTGCTATTATT-1-22,20230607-1_1,primary,N10,-0.36967826,5.7281547
CAGAGGCGATGCATGA-1-22,20230607-1_1,primary,N10,-1.4088745,3.9793005
GTGGACGTGCTGAGAC-1-10,20221010-2_5,primary,N10,-2.534542,5.1144757
TTAGAAGAACATGACT-1-22,20230607-1_1,primary,N10,0.5822807,4.8201413
GCCTATAGTGTCAGGG-1-17,20221010-3_9,primary,N10,-0.9952255,2.253028
TTGGTCACACTCGTAA-1-22,20230607-1_1,primary,N10,-1.1853596,4.9288907
TGTGGAGGAAGCTTAA-1-6,20221010-1_1,primary,N10,-1.0299145,2.1237087
CTGAGCAAGTAACAAG-1-10,20221010-2_5,primary,N10,-1.5873758,5.5693955
TTGGCCATCTTGCGCT-1-10,20221010-2_5,primary,N10,-1.1169096,4.690377
CATAGCGTTGCCCACC-1-17,20221010-3_9,primary,N10,-1.6429267,3.6495628
TCCCGTGTGCAATTTG-1-22,20230607-1_1,primary,N10,0.12658516,6.737584
ACAAATCGCACCGAAT-1-22,20230607-1_1,primary,N10,1.21293,5.337637
TCAGCAGTAGGCCCTG-1-17,20221010-3_9,primary,N10,-1.0458448,1.3957101
CTAACTGATAATCGCC-1-22,20230607-1_1,primary,N10,0.92346054,4.708851
ATAAAGGCTCGGTCGT-1-6,20221010-1_1,primary,N10,-1.2301645,2.8511407
TCCCAAACATCCTCTA-1-17,20221010-3_9,primary,N10,-1.9470105,5.3001785
TTACCCTAACAGTCCT-1-18,20221010-4_13,primary,N10,-0.85578424,5.921401
TCTCCAACGTAGGTTA-1-17,20221010-3_9,primary,N10,-1.2057959,2.442501
CCCTAGTGTCAGGTGT-1-22,20230607-1_1,primary,N10,1.7290471,6.3926344
ACAGCATAGAGCCAGT-1-6,20221010-1_1,primary,N10,-1.5724452,2.0964956
TTGTTTCATTAGTCTA-1-22,20230607-1_1,primary,N10,0.7340933,3.7610712
GCGCTGATCCAGACTC-1-10,20221010-2_5,primary,N10,-0.46209478,2.2268255
TATCCTATCAACTGGT-1-17,20221010-3_9,primary,N10,-1.5776869,3.4170814
GCTTAATGTAACTAAC-1-22,20230607-1_1,primary,N10,2.008014,6.9135156
ACATCCCGGCCATACG-1-22,20230607-1_1,primary,N10,0.30498242,3.8569715
CTCAGTCACGACAAAT-1-23,20230607-2_5,primary,N10,1.2969514,2.4937956
TATAAGTGAGGATAGC-1-6,20221010-1_1,primary,N10,-1.0440265,2.0182567
GTTCACAGGAGTCTAG-1-18,20221010-4_13,primary,N10,-0.41797107,2.365823
CCGCTATCAGCACCAG-1-6,20221010-1_1,primary,N10,-0.8339763,1.4905038
TTAAACTCGAATTCAT-1-6,20221010-1_1,primary,N10,-1.2913859,3.518777
GCAAAGGGCGTTAGCC-1-18,20221010-4_13,primary,N10,-1.391459,4.478834
TTGTTGTGTGTCAAGA-1-6,20221010-1_1,primary,N10,-1.0401008,1.9347359
TCCGCTTATCCCATTA-1-22,20230607-1_1,primary,N10,-0.45756117,4.9174724
GAACCTCGACCTACAC-1-18,20221010-4_13,primary,N10,-0.95091516,4.233003
GCCCGTAATACCTTCT-1-10,20221010-2_5,primary,N10,-0.78584325,1.2610818
AGGCAGGGAGCGTACT-1-18,20221010-4_13,primary,N10,-0.25582546,1.9569064
CTTTGGCTTTAGTAAA-1-17,20221010-3_9,primary,N10,-1.5044836,3.7238026
TCACGCATTGTAGATC-1-18,20221010-4_13,primary,N10,-0.64953196,4.320999
CACTTCGCCACAGGCT-1-10,20221010-2_5,primary,N10,-2.7935028,3.4791436
AAGTTCGGCCAACAGG-1-23,20230607-2_5,primary,N10,0.8748154,2.2817402
GGTTTGACAAGAAGCT-1-17,20221010-3_9,primary,N10,-1.9794537,5.4486275
TATGGGTACGTATCGT-1-10,20221010-2_5,primary,N10,-2.6947446,5.0980964
TGCCGGATGTACGAGC-1-22,20230607-1_1,primary,N10,1.0072879,4.255762
GTGGGCTTAGACACAC-1-17,20221010-3_9,primary,N10,-1.2953589,1.489853
TCACAAACCGAGGTAC-1-22,20230607-1_1,primary,N10,1.0382828,4.513823
GCCCGCGCGTTTGACA-1-10,20221010-2_5,primary,N10,-0.9822847,1.3310734
TCTTGATGCGTAGCGA-1-17,20221010-3_9,primary,N10,-0.36026257,1.9431683
GAATAGTGCTCGATTA-1-17,20221010-3_9,primary,N10,-1.738976,3.3080559
TACCGGCTCACTGCCC-1-22,20230607-1_1,primary,N10,-0.5450206,5.268795
GGCGGTAGGATCATTG-1-17,20221010-3_9,primary,N10,-0.8760448,2.3641357
CCATAGGTTGGCGTGG-1-18,20221010-4_13,primary,N10,-1.829578,2.198261
CAGCTCACTGAGACAT-1-10,20221010-2_5,primary,N10,-1.3935752,2.6918073
GTTCGTCTAAAGAACT-1-22,20230607-1_1,primary,N10,1.2958347,5.0868316
CATGATGCACAATTCT-1-6,20221010-1_1,primary,N10,-1.1354777,3.0212545
GTATCAGCTTGGGTTC-1-6,20221010-1_1,primary,N10,-1.6888038,2.8405123
AAGAAGGATCAGTTAG-1-10,20221010-2_5,primary,N10,-1.6137545,3.6732337
GAATAGCCCTGCGGTC-1-17,20221010-3_9,primary,N10,-1.3819667,2.6366491
CTTTACCGAATAGTAG-1-6,20221010-1_1,primary,N10,-2.0147767,2.9688132
CATGTCTCATTTATGG-1-22,20230607-1_1,primary,N10,1.2161477,5.423703
GACGCCGTAAAGGCTA-1-6,20221010-1_1,primary,N10,-1.4934272,1.9580926
GGGAGTTAATGAGGCG-1-6,20221010-1_1,primary,N10,-1.9558847,4.653496
TACGACTGCCTCTTAG-1-6,20221010-1_1,primary,N10,-2.0729432,2.6732953
GGGAACGGGAGGTTAG-1-17,20221010-3_9,primary,N10,-2.7069266,3.591753
TCTCTTACCGCGAACC-1-22,20230607-1_1,primary,N10,0.18728232,2.4954922
CAGCAGCCCGTTCCTT-1-10,20221010-2_5,primary,N10,-0.97825134,1.5067432
CCAATCGGTAGATCGA-1-23,20230607-2_5,primary,N10,0.8434955,2.266964
AATTCTAGAGTTAGGC-1-22,20230607-1_1,primary,N10,-0.08417088,5.4377103
TATATTCGCGTCGATA-1-6,20221010-1_1,primary,N10,-0.99657494,2.3786159
GCGACGATAGTTGTAC-1-6,20221010-1_1,primary,N10,-2.4681592,3.0723875
CGTTTAAGCGGAGCAC-1-18,20221010-4_13,primary,N10,-2.2712812,3.0141118
GTTGTCGTGTTAGTTG-1-6,20221010-1_1,primary,N10,-2.4375377,5.3386188
TGGTTCAACGGGTAAT-1-22,20230607-1_1,primary,N10,-0.09346365,5.2106724
GGCGGTAGGATCATTG-1-6,20221010-1_1,primary,N10,-0.95016897,7.5202622
ATGGACTGCTTAGTTG-1-17,20221010-3_9,primary,N10,-1.1920007,1.4446428
TTAATGTAGACCAGGT-1-23,20230607-2_5,primary,N10,0.75649685,2.2793336
TCACGGCCCAAGAGAG-1-18,20221010-4_13,primary,N10,-0.851113,1.6900066
GGGAATGAGCCCTCAC-1-17,20221010-3_9,primary,N10,-1.2408514,1.436231
TAACCTACCGTCCGAG-1-10,20221010-2_5,primary,N10,-0.96516573,1.9835232
GGCACTCCACTGGGCA-1-18,20221010-4_13,primary,N10,-0.5127182,2.3581293
GCGCTGATCCAGACTC-1-6,20221010-1_1,primary,N10,-1.0362191,1.4328384
GTCGTTATTCGCTTAT-1-22,20230607-1_1,primary,N10,-0.34041414,5.127303
ACATTAGTTTATATCC-1-22,20230607-1_1,primary,N10,0.09679812,6.4247026
CTGCACAACTACATAT-1-22,20230607-1_1,primary,N10,-0.08407622,5.059911
GGGTACCCACGGTCCT-1-10,20221010-2_5,primary,N10,-1.415521,2.5901265
AACTTGCCCGTATGCA-1-18,20221010-4_13,primary,N10,-1.6638424,4.6000743
ACAGAACTGAGAACAA-1-17,20221010-3_9,primary,N10,-1.8543447,5.230457
TTCTTGGAGTAATGAG-1-10,20221010-2_5,primary,N10,-1.3392404,2.2077358
GTGAGCGTGCTGCACT-1-18,20221010-4_13,primary,N10,-1.6084858,3.1823668
GCGACCCAACCATCTG-1-22,20230607-1_1,primary,N10,0.6801821,3.8541865
TAAAGCGGTATTTCCA-1-17,20221010-3_9,primary,N10,-1.794325,5.1351285
TGGGCACGTTCTATGG-1-10,20221010-2_5,primary,N10,-1.9233576,7.777231
CTGGGATAAATAATGG-1-10,20221010-2_5,primary,N10,-2.5906851,3.8827145
AATTAGCGCTGCAGCG-1-6,20221010-1_1,primary,N10,-1.4678464,2.7291327
TCTAGTTATCAGAAGA-1-6,20221010-1_1,primary,N10,-1.0420691,2.0863557
AGTCCCGCCTTTAATT-1-6,20221010-1_1,primary,N10,-0.7396572,1.3910129
GAAACCTATACAAATG-1-22,20230607-1_1,primary,N10,-0.36636704,2.7761629
GCGCTGCTTTGCATTT-1-18,20221010-4_13,primary,N10,-1.3248528,3.0469158
CTTGCCCAGGCTCTAC-1-22,20230607-1_1,primary,N10,-0.8705219,3.942674
CATAGTACATTGAGAG-1-18,20221010-4_13,primary,N10,-1.5624843,4.2800775
CTGGCTGGTTGTCAGT-1-22,20230607-1_1,primary,N10,0.53479326,4.293803
GATCTTGGAGGGCATA-1-6,20221010-1_1,primary,N10,-1.984288,4.1566224
ACTATTTCCGGGCCCA-1-17,20221010-3_9,primary,N10,-0.8718805,1.2312691
CCTTTGAATTATGGCT-1-18,20221010-4_13,primary,N10,-1.338022,2.3310404
TACGCCTCCATTCCGA-1-6,20221010-1_1,primary,N10,-1.5868676,1.832548
TTATTAGAGCGTGTTC-1-22,20230607-1_1,primary,N10,-0.48600677,5.6024776
CGCGCATGTTTGATTG-1-22,20230607-1_1,primary,N10,-1.1995779,2.312832
CAGACGAACCTGATAC-1-6,20221010-1_1,primary,N10,-2.445427,4.717708
ACTCTCTGACTTAGGT-1-22,20230607-1_1,primary,N10,-0.56119496,6.001641
GCGAGGCCCGAGCAGA-1-23,20230607-2_5,primary,N10,0.9026931,2.3149207
ATTGAAGATCTTAGTG-1-17,20221010-3_9,primary,N10,-1.5224969,1.9002678
TGTAATGACCACAATA-1-18,20221010-4_13,primary,N10,-1.5702809,2.0120401
TGGAGTGATGCGATGA-1-17,20221010-3_9,primary,N10,-1.7215406,1.8604406
AGTGCTAAACACAGCA-1-22,20230607-1_1,primary,N10,0.86655396,4.226016
TATGGTTAGTGGGAGA-1-10,20221010-2_5,primary,N10,-0.96369505,4.132549
GCTGCTCTCCGGACAC-1-6,20221010-1_1,primary,N10,-1.2316083,2.1680708
TTGCGTGAACGCTTAG-1-10,20221010-2_5,primary,N10,-0.2800086,2.3977885
CCCAATGAGATTTGCA-1-17,20221010-3_9,primary,N10,-0.97579145,1.4034445
GATAACTCGCACTGTG-1-10,20221010-2_5,primary,N10,-1.1193683,2.1979065
GGTATTGCCGAGTTTA-1-17,20221010-3_9,primary,N10,-0.70078105,2.4918425
CATTTCTAGCAGACTA-1-6,20221010-1_1,primary,N10,-1.1126138,1.450254
TGGGATGCACTCATTC-1-10,20221010-2_5,primary,N10,-2.583486,4.467112
GGCGCGTTCGAGTTTA-1-22,20230607-1_1,primary,N10,-0.1050654,5.1333256
CAACCTACCGAGCAGT-1-22,20230607-1_1,primary,N10,1.2970719,4.6065884
GGTTTGAGTGCTGGAA-1-10,20221010-2_5,primary,N10,-0.9645527,4.4942045
ATCGGCAAGCAGTCCA-1-10,20221010-2_5,primary,N10,-0.6596733,1.8746258
TACGTTTACCGGCAAT-1-17,20221010-3_9,primary,N10,-1.9147844,2.2033062
AGGCCACCCGTTATGA-1-10,20221010-2_5,primary,N10,-2.7007322,3.8119526
TTAATCAGTACGTCAG-1-6,20221010-1_1,primary,N10,-1.4637088,3.1528947
AAGAGGATGTACGCGA-1-17,20221010-3_9,primary,N10,-2.5857797,3.820745
GGGCGGTCCTATTGTC-1-6,20221010-1_1,primary,N10,-1.782855,2.7676983
CTCTCACAATCGATGA-1-6,20221010-1_1,primary,N10,-1.2979183,2.3357534
TTGTGGCCCTGACAGT-1-18,20221010-4_13,primary,N10,-0.88195723,1.3569099
GAGATCGATCTTACTC-1-18,20221010-4_13,primary,N10,-1.5077689,4.8357854
GAAATATCACCATCAG-1-18,20221010-4_13,primary,N10,-0.8538041,1.9999305
AACTCTCAGTGTGCTC-1-17,20221010-3_9,primary,N10,-1.9898537,3.4300637
TCTGTGCCATCATAGT-1-18,20221010-4_13,primary,N10,-0.24039651,2.0472903
ATGAGGAGTGTTAATC-1-6,20221010-1_1,primary,N10,-1.52084,2.600361
ACATCGTATGCAATGG-1-22,20230607-1_1,primary,N10,0.5872626,6.958703
ATGCGACAATTGGTCC-1-17,20221010-3_9,primary,N10,-1.8724525,6.9326715
ACCAGTGCCCGGTCAA-1-6,20221010-1_1,primary,N10,-0.846147,1.9691346
CTCGCATTGCATAGCC-1-18,20221010-4_13,primary,N10,-1.9169735,2.892552
CTTTGCATCGCTCTTG-1-22,20230607-1_1,primary,N10,0.7977667,4.250237
ACTGAATGGCGAAAGT-1-22,20230607-1_1,primary,N10,0.9797434,4.950137
CGGTCAAGTGGGAACC-1-10,20221010-2_5,primary,N10,-1.0528498,1.4721326
CCCAACCACACTAACA-1-6,20221010-1_1,primary,N10,-0.79092294,1.2670851
CCGTAGGAAATCCCTG-1-22,20230607-1_1,primary,N10,1.3011569,4.841944
TGGTATCGGTCTGTAT-1-6,20221010-1_1,primary,N10,-2.6139648,3.8635836
CGTTGAGTAATTGCGT-1-6,20221010-1_1,primary,N10,-0.55461067,2.1020687
GAGGAGTAATTCCTAC-1-6,20221010-1_1,primary,N10,-1.6032118,3.4463003
TGAGTAAATTAGCGTA-1-6,20221010-1_1,primary,N10,-1.7334929,2.6701534
TGGCCAAACTGAAGTA-1-10,20221010-2_5,primary,N10,-1.2769713,6.1544704
GGAGTGCCGCCCTGGA-1-23,20230607-2_5,primary,N10,0.56942946,2.3689356
CGAAGTTGCTCTGTGT-1-18,20221010-4_13,primary,N10,-1.036333,2.7481036
AGACGAAGTGCCGGTC-1-6,20221010-1_1,primary,N10,-1.7240487,3.6991951
CCCTAGGCAACAAGAG-1-18,20221010-4_13,primary,N10,-2.238405,4.6728024
ACAAGGGCAGGCTCTG-1-22,20230607-1_1,primary,N10,-0.21421285,6.67205
GGGCGGTCCTATTGTC-1-10,20221010-2_5,primary,N10,-1.1060499,2.157817
ATGTCTTGTTTGACTC-1-17,20221010-3_9,primary,N10,-1.7379489,3.9922476
AGTGAGACTTCCAGTA-1-23,20230607-2_5,primary,N10,1.4474928,3.007926
GTGGGCTTAGACACAC-1-18,20221010-4_13,primary,N10,-1.1796255,4.709557
ACGGCCAACATGGACT-1-22,20230607-1_1,primary,N10,-1.0409956,3.8741052
GCTGAATCTTCCAATC-1-22,20230607-1_1,primary,N10,1.4475349,4.3371396
CTGGCGCACAGGTCTG-1-23,20230607-2_5,primary,N10,1.4815902,2.6059513
AGAAGAGCGCCGTTCC-1-10,20221010-2_5,primary,N10,-1.5728226,2.746003
TCACATCTTATCTGAT-1-18,20221010-4_13,primary,N10,-1.2108507,3.2654202
TGCATGGATCGGATCT-1-18,20221010-4_13,primary,N10,-1.6348416,2.6831036
GATTCGACGGTTCACG-1-6,20221010-1_1,primary,N10,-1.6478381,3.9322546
CTTTAATATTGGTCGA-1-22,20230607-1_1,primary,N10,0.017342176,5.108393
GCATGAGGGACGCGGC-1-23,20230607-2_5,primary,N10,0.8704391,2.442178
TTCGTAATCCCAGCGG-1-17,20221010-3_9,primary,N10,-1.495696,3.642229
ACGGAGCGCAAATTAC-1-17,20221010-3_9,primary,N10,-0.9023676,2.7205305
TTGACAGGAGCTCCCG-1-6,20221010-1_1,primary,N10,-1.0171878,4.511002
CATGAGTCCATCACGG-1-17,20221010-3_9,primary,N10,-2.2574549,3.7022026
TAATAAACAAGGAGAT-1-23,20230607-2_5,primary,N10,0.8324677,2.2745755
GCAAGTGCACAGAGAA-1-6,20221010-1_1,primary,N10,-1.5156436,2.794165
TCCAGAGCACCGGTTC-1-6,20221010-1_1,primary,N10,-1.6666827,2.2782896
GATGACAAGTAGGGCA-1-22,20230607-1_1,primary,N10,-0.3955634,3.5253313
AGGGTTTAGTTCGGGA-1-6,20221010-1_1,primary,N10,-0.2868918,8.116547
GTACGACGGCGCTGCG-1-6,20221010-1_1,primary,N10,-1.1005672,2.055941
ACTGCCGTCGTAACTC-1-10,20221010-2_5,primary,N10,-1.0504361,1.9245814
ATAGGGATATCCTTGA-1-6,20221010-1_1,primary,N10,-1.0464704,2.6060293
CGTGCAGACTGGGACA-1-6,20221010-1_1,primary,N10,-2.1648264,6.9517474
AGTTCCTACAGAATTA-1-18,20221010-4_13,primary,N10,-1.7296928,4.200761
TTCGCGCGCCATACGA-1-18,20221010-4_13,primary,N10,9.314578,2.6887062
GGAGCACCAAGAACTA-1-10,20221010-2_5,primary,N10,-2.2753894,4.4257784
GGACCAACAGGATAAC-1-22,20230607-1_1,primary,N10,0.072805494,4.9722476
GAAGCGTGAGGAATTT-1-10,20221010-2_5,primary,N10,-1.3171438,2.783561
CGAGTTCTGTCCCACC-1-10,20221010-2_5,primary,N10,-0.9033588,1.9055612
ACTGTACGATACACAT-1-6,20221010-1_1,primary,N10,-0.8322769,2.023049
GATTACTGAATTTGGG-1-17,20221010-3_9,primary,N10,-2.2030518,5.001721
ATCGACTCTTTCCGTT-1-18,20221010-4_13,primary,N10,-0.7039767,2.4570153
TCACAGGGAATCGCAA-1-17,20221010-3_9,primary,N10,-0.6458421,4.557923
ATCCAGAGCAACAACC-1-6,20221010-1_1,primary,N10,-1.6734427,2.589817
CTAGTGAAGGACAGGA-1-23,20230607-2_5,primary,N10,0.82899505,2.2790568
AAGACCCAACTGAACA-1-22,20230607-1_1,primary,N10,0.071760155,3.7458618
GATCGCGGGCTCTCCA-1-10,20221010-2_5,primary,N10,-1.2794502,5.2565765
AGCGCTTATGGGCAAG-1-10,20221010-2_5,primary,N10,-1.787173,4.565987
CTTGTTTATGTAGCCA-1-10,20221010-2_5,primary,N10,-2.5931232,3.5887396
TCGCTCGATATATTCC-1-23,20230607-2_5,primary,N10,0.9010074,2.4942725
CTGGGCCTGCTATATC-1-17,20221010-3_9,primary,N10,-1.1105919,4.8149076
ACATCGATCGTTTACC-1-6,20221010-1_1,primary,N10,-1.9461573,2.6871746
AGTCTAAAGTATACTC-1-23,20230607-2_5,primary,N10,1.4628005,2.5694897
TAGTGCCCTCCAGAGT-1-18,20221010-4_13,primary,N10,-0.7815422,4.3446126
CATCCTCTCAAAGATC-1-22,20230607-1_1,primary,N10,0.550604,4.259637
AGTCGAAACGATTCAG-1-18,20221010-4_13,primary,N10,-1.9786203,3.638001
CAGAGCATGAGCTTGC-1-10,20221010-2_5,primary,N10,-2.2013788,4.039536
GCGAGGCCCGAGCAGA-1-17,20221010-3_9,primary,N10,-1.0629088,4.507972
CCGCTATCAGCACCAG-1-22,20230607-1_1,primary,N10,-1.036969,3.6241832
CGGAAAGAATCAAACG-1-22,20230607-1_1,primary,N10,-0.13115455,4.949785
CACTAAAGTTGCCTAT-1-10,20221010-2_5,primary,N10,-1.0870993,1.372624
CGTGCTTCTACCTAAA-1-22,20230607-1_1,primary,N10,1.253636,4.059251
ACTGAATGGCGAAAGT-1-6,20221010-1_1,primary,N10,-1.2571284,1.8939928
ACTTTGGTCGTGCTCC-1-18,20221010-4_13,primary,N10,-1.2665174,3.8586714
CTAGGCGGCAGAGAAT-1-6,20221010-1_1,primary,N10,-1.9905466,3.0186172
CTATTTGGTTACGGAT-1-10,20221010-2_5,primary,N10,-2.4059942,4.1197166
CACCAATCATCCGTCT-1-18,20221010-4_13,primary,N10,-0.9955549,1.9128237
GAATTCACCCGGGTGT-1-23,20230607-2_5,primary,N10,1.573887,2.6678634
GATGGCGCACACATTA-1-10,20221010-2_5,primary,N10,-2.0641668,2.6583729
GTGCTCAAGTACTGTC-1-10,20221010-2_5,primary,N10,-1.4779127,2.9613762
TGGAAGAAGGGAACGT-1-17,20221010-3_9,primary,N10,-2.5613914,3.6657135
TTATAGATGCACATTA-1-6,20221010-1_1,primary,N10,-1.6667053,3.324747
CTGTCACGCCAGGCGC-1-10,20221010-2_5,primary,N10,-2.7820985,3.7693496
CTACTATCTTTCAGAG-1-17,20221010-3_9,primary,N10,-1.45013,3.5015824
TACTGGACAGCTCGGC-1-18,20221010-4_13,primary,N10,-1.2447395,3.5360034
GGCGGTAGGATCATTG-1-10,20221010-2_5,primary,N10,-2.2120314,5.0706224
TATGAAGACAGGTGCG-1-18,20221010-4_13,primary,N10,-1.3992106,2.4402115
CTTACACGGTATTCCA-1-6,20221010-1_1,primary,N10,-1.1166248,2.8110206
GTGCACCAGCTTCAAC-1-17,20221010-3_9,primary,N10,-1.5369047,3.6626601
CCGACAAAGGGAGTGC-1-18,20221010-4_13,primary,N10,-1.5031637,4.8723445
ATTCTCGTCTCTTTAG-1-10,20221010-2_5,primary,N10,-0.97928894,1.3404647
GGCTGAAATAGCAAAG-1-17,20221010-3_9,primary,N10,-0.5486047,3.939842
TATTCCGAGCTGTTAT-1-22,20230607-1_1,primary,N10,1.3023744,5.138284
TTCCGCAGAGAAATAT-1-17,20221010-3_9,primary,N10,-0.5983097,1.8039134
CTGTAGCCATCTCACT-1-22,20230607-1_1,primary,N10,-1.1611768,2.9675863
GCCATCGATGCTGCAT-1-23,20230607-2_5,primary,N10,0.8526195,2.2567317
GCCAGGAGTAACCGAT-1-23,20230607-2_5,primary,N10,1.2996726,2.423483
TCTTACCGGAACTCGT-1-18,20221010-4_13,primary,N10,-1.2915071,3.5126448
CCTTCAGTTAAAGTGA-1-18,20221010-4_13,primary,N10,-0.08484292,2.1231995
CACTCAAGAGCTATGG-1-10,20221010-2_5,primary,N10,-1.5494533,4.526001
TAGTCCGCAGAGAATG-1-17,20221010-3_9,primary,N10,-1.5811524,3.2031653
CTTTGGGATTGTTGCA-1-22,20230607-1_1,primary,N10,-0.11697135,2.7593791
CCATTTCTACCTATTA-1-6,20221010-1_1,primary,N10,-1.4017675,1.7160288
CGACACGCTCCGACAG-1-10,20221010-2_5,primary,N10,-2.7708688,3.5399325
CGCTCTCCGTAGATTA-1-18,20221010-4_13,primary,N10,-0.9207824,2.2156854
CCTAACTAAGGCTCTA-1-10,20221010-2_5,primary,N10,-0.5183063,1.7485532
TATAGAGTCGCTTGAA-1-17,20221010-3_9,primary,N10,-2.040588,8.425267
TTACAGACCTAAATGA-1-6,20221010-1_1,primary,N10,-0.7434644,1.3167795
AGTATAATACTAGGCA-1-10,20221010-2_5,primary,N10,-1.5314522,1.6658535
TTCACTCGAGCACCTA-1-6,20221010-1_1,primary,N10,-2.1036856,3.2858086
GACAACGACCATTGAA-1-6,20221010-1_1,primary,N10,-1.0560464,2.4443219
CTGCACAACTACATAT-1-10,20221010-2_5,primary,N10,-1.9772092,2.3691835
GGGATGGACCCGCGTC-1-18,20221010-4_13,primary,N10,-2.2560441,3.1189315
GTGACGCAGGTTTCAT-1-22,20230607-1_1,primary,N10,0.14858212,2.203901
TCGCGTCCAGAAGGTC-1-6,20221010-1_1,primary,N10,-1.2995563,5.236807
CTGTTGTTCAGTCGTA-1-18,20221010-4_13,primary,N10,-1.005246,2.043145
GGTGGACCACGTGTTA-1-6,20221010-1_1,primary,N10,-0.68683374,2.4590902
AGCTCTTTACTCAGTT-1-17,20221010-3_9,primary,N10,-1.1582049,1.3714342
ATAATAGTGTAGGGAC-1-6,20221010-1_1,primary,N10,-1.4404624,3.1858969
GTGGTTTCCGCCTTTC-1-17,20221010-3_9,primary,N10,-2.0272887,3.408358
GTCCTACTCTACGGGC-1-18,20221010-4_13,primary,N10,-0.80123425,1.8536949
GATGCTACCTTCGATG-1-17,20221010-3_9,primary,N10,-1.5019412,2.8044348
CGGAGCTTATAACACC-1-10,20221010-2_5,primary,N10,-0.20196965,2.1191566
AGGACATCGCACGTCG-1-10,20221010-2_5,primary,N10,-1.2305769,2.1319187
AACGATAATGCCGTAG-1-22,20230607-1_1,primary,N10,-1.0156215,3.2586672
ACTCTCTGACTTAGGT-1-10,20221010-2_5,primary,N10,-2.1702664,2.8210945
TACCAATAAAGTACCA-1-17,20221010-3_9,primary,N10,-1.1273487,2.6763399
AACCTCGCTTTAGCCC-1-22,20230607-1_1,primary,N10,-0.19843572,2.5960388
TTGTTTGTGTAAATTC-1-6,20221010-1_1,primary,N10,-1.616098,2.729584
TCGTTGCTATCCGGTC-1-22,20230607-1_1,primary,N10,-1.4832836,3.288941
TTGTATCACACAGAAT-1-10,20221010-2_5,primary,N10,-0.9915572,2.08952
GGGTCACCGTGACGGT-1-17,20221010-3_9,primary,N10,-1.6275637,3.0735068
GCCAAGAATACTTCTG-1-18,20221010-4_13,primary,N10,-1.4241463,2.8840659
TATACACAGACGCCTT-1-22,20230607-1_1,primary,N10,0.34713617,5.9809346
CTAAAGGGAAATAGGA-1-22,20230607-1_1,primary,N10,-1.2717963,5.1188226
GCGTCCCTAAGACATA-1-22,20230607-1_1,primary,N10,-0.14953697,2.1962404
CGGTACGGCAAACCCA-1-18,20221010-4_13,primary,N10,-1.4528921,2.6449792
CCTATGTCCACTCCAC-1-22,20230607-1_1,primary,N10,0.6543305,3.735681
CGGTGTACTTGATCCC-1-10,20221010-2_5,primary,N10,-0.79631245,1.2348455
TCAAACTTAGATTGTT-1-10,20221010-2_5,primary,N10,-1.5443757,3.465172
GGTCTGAGAATCTGGA-1-10,20221010-2_5,primary,N10,-1.4692702,1.6992105
CTCGAGGTCGAACAGT-1-17,20221010-3_9,primary,N10,-2.357674,3.8307085
GGTCGGTAATTAGACA-1-6,20221010-1_1,primary,N10,-1.4913971,1.696142
GCCGGTCGTATCTCTC-1-17,20221010-3_9,primary,N10,-1.1264316,2.126598
GGAAAGTGCCCATGCC-1-6,20221010-1_1,primary,N10,-0.7704952,1.3328664
ATAGCAACTAGGGAAG-1-22,20230607-1_1,primary,N10,1.2234299,4.5497336
GTTTCATATCGTCGCT-1-18,20221010-4_13,primary,N10,-0.66779,1.9863867
TAACTATTACGCCAAA-1-23,20230607-2_5,primary,N10,1.4569937,3.0495026
TGAATACCGACGCGTA-1-22,20230607-1_1,primary,N10,0.5059991,4.095885
CGATGGACCCTACGCC-1-10,20221010-2_5,primary,N10,-0.506275,1.8219717
TTATGCGTCCCGGTCC-1-6,20221010-1_1,primary,N10,-0.797448,1.1977485
TGACCCACGTTAGACA-1-18,20221010-4_13,primary,N10,-0.023223046,5.8497314
GGACTCGTGAGTGGTC-1-17,20221010-3_9,primary,N10,-2.6069849,3.5679686
TTCCAATCAGAGCTAG-1-23,20230607-2_5,primary,N10,0.9136104,2.3790658
ATCAGGTCGCCATTGC-1-10,20221010-2_5,primary,N10,-0.9241734,2.0129223
TGGCTATGTGACATAC-1-22,20230607-1_1,primary,N10,0.5354877,3.6453755
ATAGGAATCTAAGCTT-1-6,20221010-1_1,primary,N10,-0.4016102,2.59426
TTCTGACCGGGCTCAA-1-22,20230607-1_1,primary,N10,1.4140846,5.317663
GGTAGAAGACCGCCTG-1-6,20221010-1_1,primary,N10,-1.4234197,4.256259
AGATCTCAGGTGTGAT-1-6,20221010-1_1,primary,N10,-0.8750781,1.5322906
ATCCACATCGACAGAA-1-22,20230607-1_1,primary,N10,0.6753056,4.1728783
CAAGCGGCACATAATT-1-10,20221010-2_5,primary,N10,-2.7905014,4.372763
AATAGAACAGAGTGGC-1-22,20230607-1_1,primary,N10,-1.285938,3.2921674
TGCACAGTGAAGTTAT-1-6,20221010-1_1,primary,N10,-0.59926426,1.9060472
TCGCCGCACCGCGTGA-1-18,20221010-4_13,primary,N10,-0.7129168,6.0476847
GTTAGCCGTAAATCAA-1-23,20230607-2_5,primary,N10,0.8951631,2.2920787
GGTTTACAATCTCAAT-1-10,20221010-2_5,primary,N10,-1.9788185,2.3588288
AGCCACTCCCGTGCTT-1-10,20221010-2_5,primary,N10,-0.80383444,1.2015733
GATCATTCCAAACATT-1-17,20221010-3_9,primary,N10,-1.6850784,3.2821991
AACGATATGTCAACTG-1-23,20230607-2_5,primary,N10,0.9282062,2.3560088
GATTGGGAAAGGTTGT-1-22,20230607-1_1,primary,N10,0.61269677,4.069993
GTGATCATAGATCTGC-1-22,20230607-1_1,primary,N10,-0.31003985,5.642535
CTAGGTCTGAAGGAAT-1-10,20221010-2_5,primary,N10,-1.3912075,3.5117981
GGTCTCCGTCCAGGTT-1-22,20230607-1_1,primary,N10,0.07733758,2.4153333
ACCGTGACCACGTGGG-1-22,20230607-1_1,primary,N10,-0.5867466,3.2965643
GGGCGTCCACTGGCTC-1-23,20230607-2_5,primary,N10,1.6364003,2.5914812
TCGCTAAACCGCTATC-1-23,20230607-2_5,primary,N10,1.2999332,2.8374796
GCGCTAATTGAATAGA-1-23,20230607-2_5,primary,N10,0.9605589,2.542745
GACATCCGTCGAACTG-1-22,20230607-1_1,primary,N10,-0.37320852,2.5533996
AAGTAGTGACGCGAGG-1-10,20221010-2_5,primary,N10,-1.7991159,4.9305863
CGCCACAGGTCGCGAT-1-18,20221010-4_13,primary,N10,-1.1062351,4.6640472
GAAGCGTGAGGAATTT-1-6,20221010-1_1,primary,N10,-1.6412585,3.2550168
TACGAACACGACTTCA-1-17,20221010-3_9,primary,N10,-1.7279023,3.7347486
ATCCAATGGTACCGAA-1-18,20221010-4_13,primary,N10,-1.5039445,2.1191595
GCGATTGTTAACGTTA-1-10,20221010-2_5,primary,N10,-1.7758986,2.0017126
AGTATAATACTAGGCA-1-17,20221010-3_9,primary,N10,-2.5584972,5.6038475
CCTGCTATTTGAGAAG-1-18,20221010-4_13,primary,N10,-1.150742,4.1098967
ACATCGATCGTTTACC-1-22,20230607-1_1,primary,N10,-0.11597539,5.2826276
CGAACGCCCAGTGCCG-1-6,20221010-1_1,primary,N10,-1.4753174,2.9461267
AAAGGCTCTCGCGCCG-1-6,20221010-1_1,primary,N10,-1.5356729,1.7627162
AAAGGGATGTAGCAAG-1-18,20221010-4_13,primary,N10,-1.0742977,2.047082
AGATGATGGAGTCTGG-1-23,20230607-2_5,primary,N10,1.4756898,2.6148756
AGTCGTCGACCACCAA-1-22,20230607-1_1,primary,N10,0.7991184,4.3753366
TGGCAGATTACGATCA-1-6,20221010-1_1,primary,N10,-1.7251173,3.3434927
GCTGCTACTGCGTAGC-1-10,20221010-2_5,primary,N10,-2.0154257,2.5717952
ACTTTGACTGCATCCT-1-18,20221010-4_13,primary,N10,-1.4103727,3.462855
GCAAACCCTACATTAT-1-22,20230607-1_1,primary,N10,0.61991453,5.0772696
CATGATGCACAATTCT-1-10,20221010-2_5,primary,N10,-0.5173998,2.07976
TAGTGCCCTCCAGAGT-1-17,20221010-3_9,primary,N10,-0.80748683,1.2018337
GCTGGGAGCGCGTCAA-1-17,20221010-3_9,primary,N10,-0.8660374,1.2842518
GGCTACTATACACTCC-1-22,20230607-1_1,primary,N10,-0.007783198,2.5184405
GTACGTTTGCCCGTCA-1-6,20221010-1_1,primary,N10,-1.3827205,2.6483805
CTTAAATAAGACCCAT-1-6,20221010-1_1,primary,N10,-1.440819,2.6177793
GAATATTCGGAGTCCC-1-17,20221010-3_9,primary,N10,-1.9690717,5.2128067
GGATCATCCCGTACGC-1-6,20221010-1_1,primary,N10,-1.1411177,2.3906746
CATACTTCTTTCTCCG-1-17,20221010-3_9,primary,N10,-1.68467,3.2388778
ACTACCAGCTCTCTGG-1-17,20221010-3_9,primary,N10,-1.789768,4.9798417
TAACAGCGTTTGTGCT-1-22,20230607-1_1,primary,N10,-0.1288573,3.2805529
ACCCGTGTCATCAGTA-1-17,20221010-3_9,primary,N10,-1.3770272,6.509764
CTCCGCCCACATGAGG-1-17,20221010-3_9,primary,N10,-1.6534014,3.684263
CTGCACTCCAGTACAG-1-22,20230607-1_1,primary,N10,0.020061957,5.02646
ATACTCTCGCCACTCT-1-22,20230607-1_1,primary,N10,0.66772777,7.4512177
ACTCTCTTATACACGA-1-10,20221010-2_5,primary,N10,-0.31426898,1.9026082
GTAGCGCTGTTGTAGT-1-6,20221010-1_1,primary,N10,-1.6715468,4.1057496
TTCAATACTCTGAATC-1-10,20221010-2_5,primary,N10,-1.7354413,3.3255072
AGTGGCGTCTGAAGGT-1-22,20230607-1_1,primary,N10,-0.26003602,2.0661201
ACGGCGACGATGGGAA-1-22,20230607-1_1,primary,N10,0.1347011,4.9636726
GGCCCTCACCCACTTA-1-6,20221010-1_1,primary,N10,-0.950069,4.811553
ACTCGATGTATTTCAT-1-10,20221010-2_5,primary,N10,-1.8479825,3.9043472
GCAGGTAGAGTATGGT-1-10,20221010-2_5,primary,N10,-0.24133033,1.9537036
GTCCCAACGTAAAGTA-1-18,20221010-4_13,primary,N10,0.4509958,2.2987828
AGACCCACCGCTGATC-1-22,20230607-1_1,primary,N10,-0.045471918,5.3236437
TATTTATACCGAGTAG-1-6,20221010-1_1,primary,N10,-0.90264076,2.521372
TTGGGCGGCGGTTGCC-1-6,20221010-1_1,primary,N10,-1.0932521,2.9668374
ATTGTACAACTCGGCT-1-10,20221010-2_5,primary,N10,-1.2837131,3.8033462
AGCACTACCTCACCAG-1-10,20221010-2_5,primary,N10,-1.7129098,2.1509535
CATGACTTCGCTGAAT-1-10,20221010-2_5,primary,N10,-0.95415795,2.0200167
GGTAAATGTGCGTTAC-1-17,20221010-3_9,primary,N10,-1.7322044,3.7043405
AATGTGCCCGAGGTGT-1-17,20221010-3_9,primary,N10,-1.3952513,2.5439122
TTACATGCCACAACTA-1-23,20230607-2_5,primary,N10,0.7256332,2.2484844
ACCGCGGTGGAAGTCG-1-10,20221010-2_5,primary,N10,-1.0996803,6.171352
TAGACTCAGTTGGCCT-1-21,20221010-4_16,relapsed,N10,0.39256835,7.083753
ATGTGTAGTTTAGTCA-1-9,20221010-1_4,relapsed,N10,-2.374834,6.8429904
ACGTAGGAGAGTCGCT-1-21,20221010-4_16,relapsed,N10,-1.9069167,5.461678
GCCAGGAGTAACCGAT-1-9,20221010-1_4,relapsed,N10,-2.6183767,4.016905
AGTTGCGGTCCTCAAC-1-21,20221010-4_16,relapsed,N10,0.9271869,6.6689167
GTCGTCAATTATAAGG-1-9,20221010-1_4,relapsed,N10,-2.4479551,7.2354126
GAAATCGCGCGCAACT-1-9,20221010-1_4,relapsed,N10,-2.9409747,3.7012177
AGTATAATACTAGGCA-1-9,20221010-1_4,relapsed,N10,-2.739603,3.4143286
AGCGCGGGTGCCAATG-1-21,20221010-4_16,relapsed,N10,0.5866386,6.2745714
AACCGTTGTGTTTGCT-1-9,20221010-1_4,relapsed,N10,-1.4368058,2.2309139
CCGCCTGCGAATTGGT-1-9,20221010-1_4,relapsed,N10,-2.150821,6.1715946
GTACTTGGGCACTTCT-1-9,20221010-1_4,relapsed,N10,-0.9391538,1.8237112
TGCGGTGAAATTTCAT-1-9,20221010-1_4,relapsed,N10,-2.2575834,4.689133
GGGTGTTTCAGCTATG-1-9,20221010-1_4,relapsed,N10,-2.5942764,4.573734
CCCGACCATAGTCCGC-1-9,20221010-1_4,relapsed,N10,-2.2671444,2.813249
AAACTTAATTGCACGC-1-21,20221010-4_16,relapsed,N10,0.18433766,7.5235877
TAAGTGAATAGTCTAC-1-21,20221010-4_16,relapsed,N10,-2.438317,3.5812845
ACGTACAGATTTCTCT-1-9,20221010-1_4,relapsed,N10,-2.117347,4.2538877
CTCCGGCCTAATATGC-1-9,20221010-1_4,relapsed,N10,-1.9674525,2.4625533
TTCTACCTCAATCGGT-1-21,20221010-4_16,relapsed,N10,-0.35404503,6.6103992
GGTTCCGTACGACTAA-1-21,20221010-4_16,relapsed,N10,0.42394367,7.1675215
TTGTTTGTGTAAATTC-1-9,20221010-1_4,relapsed,N10,-1.7159806,2.627736
TTGAACGACGTGCTGA-1-21,20221010-4_16,relapsed,N10,-1.151729,6.4571896
ATGTGCATCCGACGCA-1-9,20221010-1_4,relapsed,N10,-2.6377048,5.336937
ATACTAGCATGACCCT-1-9,20221010-1_4,relapsed,N10,-2.737617,4.6279607
CATGGCAGGAAGATCG-1-9,20221010-1_4,relapsed,N10,-1.3962486,11.146169
CTGATCCCTTTATGCA-1-21,20221010-4_16,relapsed,N10,-2.4139547,3.6643162
TGTACCCGACCCTAAT-1-21,20221010-4_16,relapsed,N10,0.97907925,6.877688
CAACGACCCGTTTACA-1-9,20221010-1_4,relapsed,N10,-2.692999,3.4538198
ATCGACTCTTTCCGTT-1-9,20221010-1_4,relapsed,N10,-1.6947439,1.8846802
GTCGTACCTACGATTG-1-21,20221010-4_16,relapsed,N10,-1.4363713,5.034462
ATTATGCCATAGGGAG-1-9,20221010-1_4,relapsed,N10,-2.5937545,5.446139
CTGAAAGAGATCCGAC-1-9,20221010-1_4,relapsed,N10,-2.9146523,5.0966797
AAAGGGCAGCTTGAAT-1-9,20221010-1_4,relapsed,N10,-2.5299058,7.8256354
AGTCTCACAAGACTAC-1-21,20221010-4_16,relapsed,N10,-0.24508351,6.5604067
CAAGCACCAAATGCCT-1-9,20221010-1_4,relapsed,N10,-1.74669,2.8495224
GTGCACGAAAGTGACT-1-9,20221010-1_4,relapsed,N10,-2.5081794,7.8887897
GCTCTAAACCCTGACG-1-9,20221010-1_4,relapsed,N10,-2.745248,4.8851976
TCAAATTGTTGTGCCG-1-21,20221010-4_16,relapsed,N10,-1.0914837,6.9336615
ACTCATGGCAGCCTTC-1-21,20221010-4_16,relapsed,N10,-0.16165209,7.017919
GTAACTTGCGGCAGTC-1-9,20221010-1_4,relapsed,N10,-2.5934646,7.511809
GTCCGTTAGAGGGCCT-1-21,20221010-4_16,relapsed,N10,-1.7295429,3.8926868
ACTATTCGTCCGTGGT-1-9,20221010-1_4,relapsed,N10,-1.2182205,4.5624924
ACTTTGGTCGTGCTCC-1-21,20221010-4_16,relapsed,N10,-0.8341928,5.864668
AAAGACCCAAGTCGCG-1-9,20221010-1_4,relapsed,N10,-1.2591878,2.4649262
AACGATAGAAGGGCCG-1-9,20221010-1_4,relapsed,N10,-2.488923,7.8882284
TTAGCCATAGGGCTCG-1-21,20221010-4_16,relapsed,N10,-1.6693063,6.5251327
GCACAAGTGTCGGAAG-1-9,20221010-1_4,relapsed,N10,-2.7444983,5.0557375
CACCATCGGAGGAGAC-1-9,20221010-1_4,relapsed,N10,-2.0322483,4.13214
TATCCATATCATGCGA-1-9,20221010-1_4,relapsed,N10,-2.8791282,3.5487285
GGAACTCGTGAATACG-1-21,20221010-4_16,relapsed,N10,-0.5138615,6.439594
AGGTGTATCGCCATGA-1-21,20221010-4_16,relapsed,N10,-0.7915509,7.854648
CTACGACTAGCTATAA-1-21,20221010-4_16,relapsed,N10,-0.77682567,7.674499
CGAGCTGGGCTTTAGG-1-9,20221010-1_4,relapsed,N10,-2.6476536,5.6904306
AATTTGGGACATAGTA-1-9,20221010-1_4,relapsed,N10,-1.6851809,3.3675559
GAGCGCTGTTAGGTAA-1-21,20221010-4_16,relapsed,N10,-1.7380617,4.4181757
GCCCTAAGTGCAGGAT-1-21,20221010-4_16,relapsed,N10,-1.8840715,4.880587
TTGAAGAATTCCCAGG-1-21,20221010-4_16,relapsed,N10,-1.2749715,7.9346714
TCTGTCATACAAGAGC-1-9,20221010-1_4,relapsed,N10,-2.0434086,4.486284
TTCCATCATGCGGTGA-1-9,20221010-1_4,relapsed,N10,-2.412632,3.5263965
CGTCGCTTGGTTATAC-1-21,20221010-4_16,relapsed,N10,-0.8339666,7.163731
AGAGCGGGCTAATCAT-1-9,20221010-1_4,relapsed,N10,-2.17475,8.348684
TAAGGCATAACATCAA-1-21,20221010-4_16,relapsed,N10,-1.3289033,6.7979064
TTATCTGTATCATAAC-1-9,20221010-1_4,relapsed,N10,-0.8060263,2.6057513
TCCAAGCCTAGACACA-1-21,20221010-4_16,relapsed,N10,-2.2627466,6.7186003
CTTTAACTTTCAAAGG-1-9,20221010-1_4,relapsed,N10,-2.712038,3.9195545
CACCGGTAGAGACATT-1-21,20221010-4_16,relapsed,N10,-0.33421174,5.719874
ATGATCGGGAATAGAC-1-9,20221010-1_4,relapsed,N10,-1.8875283,2.1622913
TTCTTAGTGAACGGTG-1-9,20221010-1_4,relapsed,N10,-2.8652332,5.1406984
TGCACGAGTCGGCAGC-1-9,20221010-1_4,relapsed,N10,-2.1746886,4.6084237
TTCTCTTACAGGTGAT-1-21,20221010-4_16,relapsed,N10,-0.5434379,8.111956
CGTCTGGAAGGGCCCG-1-9,20221010-1_4,relapsed,N10,-1.4555247,7.362766
CAGTGAATAAATGACT-1-9,20221010-1_4,relapsed,N10,-2.61077,3.5196698
ATGACGCCGGCTCTAA-1-9,20221010-1_4,relapsed,N10,-1.8160926,5.459126
TTCTTGGACGATCTGC-1-21,20221010-4_16,relapsed,N10,-1.6069517,5.3625174
TGAGAATGCTTTACCG-1-9,20221010-1_4,relapsed,N10,-1.7098554,1.9380156
TCACTCGTGCAACGGC-1-9,20221010-1_4,relapsed,N10,-2.313695,7.143085
CAACTTGTAGTGGGCA-1-9,20221010-1_4,relapsed,N10,-2.8083916,3.5479681
CAATGGATCTCTACCA-1-9,20221010-1_4,relapsed,N10,-2.1923237,2.7270756
TCCGATAATTGCCATA-1-9,20221010-1_4,relapsed,N10,-2.7143028,4.9817524
AGCCCGGCATTAGAGG-1-21,20221010-4_16,relapsed,N10,-1.2289299,7.7299113
TGTTTCTGAAGCGTGC-1-21,20221010-4_16,relapsed,N10,-0.38213885,7.368948
CGTCAGTGCGCACAAG-1-9,20221010-1_4,relapsed,N10,-1.4609706,2.139764
GTGGCCGGTTTCTCGG-1-21,20221010-4_16,relapsed,N10,0.07305851,7.530247
CGTAAAGCAAGAAATC-1-21,20221010-4_16,relapsed,N10,-1.8512874,7.4885874
CGGGATCAATGTAAGA-1-9,20221010-1_4,relapsed,N10,-2.677742,3.7029996
GGCGCTTCATTCCCTG-1-21,20221010-4_16,relapsed,N10,-1.6817102,5.755445
GGCCTTTGCAACTGGC-1-21,20221010-4_16,relapsed,N10,-1.9459085,5.3498917
CGGTCTATCAACCCGT-1-9,20221010-1_4,relapsed,N10,-1.6354101,5.29476
TTAATTTCAGACGCGG-1-9,20221010-1_4,relapsed,N10,-2.68847,3.3366673
ATTGCCTATTAGACCG-1-21,20221010-4_16,relapsed,N10,-0.18501781,6.6756024
CACCCTTTCCTCGCTC-1-9,20221010-1_4,relapsed,N10,-1.1509838,1.6396111
ATTAGATTGATAGCGG-1-9,20221010-1_4,relapsed,N10,-2.313085,5.6438518
GTAGTTTAAGCACACG-1-21,20221010-4_16,relapsed,N10,-2.6956928,5.354887
AAGGGACAGATTCTGT-1-9,20221010-1_4,relapsed,N10,-1.7828077,4.028002
GATCGCTGTGGTGCGT-1-21,20221010-4_16,relapsed,N10,-0.62611455,6.694944
CGGTATGGGCACTCTG-1-21,20221010-4_16,relapsed,N10,-1.8605019,4.6537066
ACACAAAGACGGGTGG-1-9,20221010-1_4,relapsed,N10,-2.1793475,5.2713537
TCCGAATGGTCCTGAG-1-21,20221010-4_16,relapsed,N10,0.25864178,7.197012
GTCTACTCAATTACAA-1-21,20221010-4_16,relapsed,N10,0.59070545,8.337413
AGTCGGCCCAAACGAC-1-9,20221010-1_4,relapsed,N10,-2.8011994,4.6934185
CAGTGTTAATCTCTCA-1-21,20221010-4_16,relapsed,N10,-1.4299862,4.577395
TAGCCGGCGGTCAGCG-1-9,20221010-1_4,relapsed,N10,-2.8225555,5.1272607
CCCTCGATAATACACA-1-21,20221010-4_16,relapsed,N10,-2.6539817,5.4547534
TTAAGATACCCAGAGA-1-21,20221010-4_16,relapsed,N10,-2.695892,4.813607
AGATGCAAGACGTGCA-1-21,20221010-4_16,relapsed,N10,-0.23131941,6.782141
GCTGAATCTTCCAATC-1-21,20221010-4_16,relapsed,N10,-1.0169914,7.0631046
TGTCGTTATCACATAT-1-21,20221010-4_16,relapsed,N10,0.24282414,7.398589
ACCCTTCATCTGCGAA-1-9,20221010-1_4,relapsed,N10,-2.5113795,3.7163005
TATGGATGTGCTACGC-1-9,20221010-1_4,relapsed,N10,-2.7006147,3.3733559
GCGTTCGGAGACCGGG-1-9,20221010-1_4,relapsed,N10,0.31708938,10.592896
CTGCGTTACGATATAA-1-21,20221010-4_16,relapsed,N10,-1.1253695,4.1588364
GAAACAGCCATGCAGT-1-9,20221010-1_4,relapsed,N10,-2.5705118,3.8115587
AGCCACTCCCGTGCTT-1-9,20221010-1_4,relapsed,N10,-2.5263956,3.4871047
CATGATACGGTGAAAC-1-21,20221010-4_16,relapsed,N10,-1.8686439,2.688991
GTCGCCGTTGTGTGTT-1-21,20221010-4_16,relapsed,N10,-2.390697,4.777042
TTCTTAGTGGCTCAGA-1-9,20221010-1_4,relapsed,N10,-2.5344498,7.716908
TGCTCGGTGGGTCACC-1-21,20221010-4_16,relapsed,N10,-1.0447063,6.4030013
TTGACGATTCAGCACG-1-9,20221010-1_4,relapsed,N10,-1.7278256,3.057474
TAATTGGAATCGGGAA-1-9,20221010-1_4,relapsed,N10,-1.681416,6.9815965
GCCGACCCACGACTGC-1-21,20221010-4_16,relapsed,N10,-2.0232759,2.589753
GATTCGACGGTTCACG-1-21,20221010-4_16,relapsed,N10,0.6057268,6.852704
AGCTAACAAGCAATGT-1-21,20221010-4_16,relapsed,N10,-2.3126297,3.0304785
ACAGCATAGAGCCAGT-1-9,20221010-1_4,relapsed,N10,-2.552176,4.712603
AGGCGGTTTGTCCCGC-1-21,20221010-4_16,relapsed,N10,-0.68891406,6.409483
AGCTATTTAATCCAAC-1-9,20221010-1_4,relapsed,N10,-2.1459374,4.157765
ACGTGCGCCTCGTGCA-1-9,20221010-1_4,relapsed,N10,-2.1893587,6.7929068
CCTCTAATCTGCCAAG-1-9,20221010-1_4,relapsed,N10,-2.9489074,4.681811
AGTGGTTGCGTATAGG-1-21,20221010-4_16,relapsed,N10,-0.9963756,7.2432942
AATCGCGCAGAGGACT-1-21,20221010-4_16,relapsed,N10,0.050050363,7.8431835
ACAAACCATGCGTCCT-1-21,20221010-4_16,relapsed,N10,-0.08453187,6.7682376
AGTCTTCTCCTCAAAT-1-9,20221010-1_4,relapsed,N10,-2.949788,4.983632
TTAATCAGTACGTCAG-1-9,20221010-1_4,relapsed,N10,-2.372508,5.7480993
ACCAAGAACGCGTGTC-1-9,20221010-1_4,relapsed,N10,-0.8838438,2.7828476
AATATCAAGGTCGGAT-1-9,20221010-1_4,relapsed,N10,-2.6007922,3.2683089
GCAAGTGCACAGAGAA-1-9,20221010-1_4,relapsed,N10,-1.7403041,6.9473
ATATTGCTGTCAAAGT-1-9,20221010-1_4,relapsed,N10,-2.1130025,3.0448976
GATGACAAGTAGGGCA-1-21,20221010-4_16,relapsed,N10,-0.8181056,4.6161103
GCCCGAGAGTCTAAAT-1-21,20221010-4_16,relapsed,N10,0.66315407,6.891002
CATTACGTCGGCCCGT-1-9,20221010-1_4,relapsed,N10,-2.1779296,2.8809907
CTTACACTGGGAAATA-1-9,20221010-1_4,relapsed,N10,-2.2111402,3.0780687
TTCACGGTCGTCACGT-1-21,20221010-4_16,relapsed,N10,-0.9161505,7.553027
ACATCTCAACGCGTAA-1-9,20221010-1_4,relapsed,N10,-1.7738477,6.161228
CCAAGCGTAACTCGTA-1-21,20221010-4_16,relapsed,N10,0.18536796,7.4463534
GCATACGAGGTCTTTA-1-21,20221010-4_16,relapsed,N10,-0.7599112,6.5371633
GGTGAAACCGGGAATG-1-9,20221010-1_4,relapsed,N10,-0.8149346,4.531298
AAATTACACGACTCTG-1-9,20221010-1_4,relapsed,N10,-2.7154353,5.008033
CGACTCAGGATGTTAT-1-9,20221010-1_4,relapsed,N10,-1.9375619,6.437065
AGCGGGAAGGGTCCAT-1-9,20221010-1_4,relapsed,N10,-0.94633496,4.3478107
AAGTTTACTAATGGCA-1-9,20221010-1_4,relapsed,N10,-1.925907,3.940228
TAGTCCTGCACTAAGC-1-21,20221010-4_16,relapsed,N10,-1.0604928,7.6464577
CATCCAATATAGTTTG-1-21,20221010-4_16,relapsed,N10,-0.38441077,5.458284
AAAGTCACTGATGTAA-1-9,20221010-1_4,relapsed,N10,-2.166269,5.3015122
GTGGACGTGCTGAGAC-1-9,20221010-1_4,relapsed,N10,-1.5957087,3.4329755
ATTACTTACTGGGCAT-1-21,20221010-4_16,relapsed,N10,0.457264,6.545976
AGTTTCGCAGGTCGGA-1-9,20221010-1_4,relapsed,N10,-1.3873376,1.6862992
CCTAAAGGCTGACGCT-1-9,20221010-1_4,relapsed,N10,-0.4308853,5.940071
GTATCTCAGTCTTGAC-1-21,20221010-4_16,relapsed,N10,-1.477155,4.8852654
CCTATGGCTCCTAGTG-1-21,20221010-4_16,relapsed,N10,-1.7804974,4.3542457
ACGCCAGATGATTTCT-1-9,20221010-1_4,relapsed,N10,-2.8124948,3.6495812
CCAAATCAAAGGGCAA-1-21,20221010-4_16,relapsed,N10,-0.76562953,7.986231
GCTTGATGATAATCAG-1-9,20221010-1_4,relapsed,N10,-1.8526689,4.1627603
ACCGAAAGGGCCCTGC-1-9,20221010-1_4,relapsed,N10,-0.79189575,1.5067534
AACCCTGGTGGAACCA-1-9,20221010-1_4,relapsed,N10,-1.7571205,4.904635
TAAGCGCGAATCAAAT-1-21,20221010-4_16,relapsed,N10,-1.1752481,6.7110214
CCGTACCCAAGCGCCA-1-9,20221010-1_4,relapsed,N10,-0.06938787,5.965666
AGACATAGATCCTTCC-1-9,20221010-1_4,relapsed,N10,-1.5646579,2.1883628
GAAGTGCTGGATAGCT-1-9,20221010-1_4,relapsed,N10,-2.0411053,8.606766
TATGTAGAAACCCGGC-1-21,20221010-4_16,relapsed,N10,-0.44501364,6.7273602
CGCAAACACGAGTTAC-1-9,20221010-1_4,relapsed,N10,-2.9511395,3.824148
CCTTCTTGATCCAGTG-1-9,20221010-1_4,relapsed,N10,-2.7071662,3.731529
GCTAGTTTCATTGAGG-1-9,20221010-1_4,relapsed,N10,-2.2459407,6.7455745
GCCCACCAAGGCTGTC-1-9,20221010-1_4,relapsed,N10,-2.6505454,5.434213
CTGGGATCGCCCAGAT-1-9,20221010-1_4,relapsed,N10,-1.1774707,6.9708953
CCGCTCCGGATAAGCT-1-21,20221010-4_16,relapsed,N10,-0.039972834,7.217445
CGAATGAAGTCATTGC-1-21,20221010-4_16,relapsed,N10,-0.38888055,6.2396374
GCCCGATGCCCAGTTC-1-21,20221010-4_16,relapsed,N10,-1.3482307,6.9711757
GTGCGGGTCTCCAAAT-1-9,20221010-1_4,relapsed,N10,-1.6060953,1.9718431
GTGGAACCTACATGCG-1-9,20221010-1_4,relapsed,N10,-1.4653661,3.3070095
GTGACAGCTTCCCACT-1-21,20221010-4_16,relapsed,N10,0.28374335,6.747547
CTGCCAAGGTTGGAAG-1-9,20221010-1_4,relapsed,N10,-2.0652628,8.851772
CCCTCAGATCGAGAAC-1-21,20221010-4_16,relapsed,N10,-2.352488,3.2874646
ATCACTTCATCCTCGC-1-9,20221010-1_4,relapsed,N10,-1.654996,1.794418
GTCGGATGTAGCGCGC-1-9,20221010-1_4,relapsed,N10,-0.855187,6.900323
GATATGCGGTAGCCAA-1-9,20221010-1_4,relapsed,N10,-2.0680206,2.6462657
CCTCTACAAGGATTGG-1-21,20221010-4_16,relapsed,N10,-0.20338693,6.88731
GCTTTATTAAGTTACC-1-21,20221010-4_16,relapsed,N10,-0.92372113,2.122252
TTAACCAACCCTCCCT-1-9,20221010-1_4,relapsed,N10,-1.869014,2.49353
CCGTTACGTTAGAACA-1-9,20221010-1_4,relapsed,N10,-0.9091776,1.3847623
GTAACAGGTTAACGGC-1-21,20221010-4_16,relapsed,N10,-1.0281545,7.00689
CTGTCAAATGGCTCGG-1-9,20221010-1_4,relapsed,N10,-1.3791592,6.29466
CATGCGTTAGACAGAA-1-9,20221010-1_4,relapsed,N10,-1.7298945,3.757757
CTTGTACTTGTTGACT-1-9,20221010-1_4,relapsed,N10,-2.2726624,4.2318196
GAAACATAGGAAACAG-1-21,20221010-4_16,relapsed,N10,-0.33726925,6.908966
TTGATGTGTAGTCCCG-1-9,20221010-1_4,relapsed,N10,-2.497314,3.8761716
CACAGCTAGGGAGTGA-1-9,20221010-1_4,relapsed,N10,-2.4428709,4.420782
TCGGGTGAAACTGCTA-1-9,20221010-1_4,relapsed,N10,-1.6343546,2.694444
GAGCGAGGGAGTACCG-1-9,20221010-1_4,relapsed,N10,-1.440896,5.481064
TGGCCAAACTGAAGTA-1-9,20221010-1_4,relapsed,N10,-2.967308,4.789187
TATGTCAAGACCGACT-1-9,20221010-1_4,relapsed,N10,-1.4994487,2.0909338
ATTAATACTACGCGGG-1-9,20221010-1_4,relapsed,N10,-2.8817189,5.0767074
ACCCGAGCGAAATTAC-1-21,20221010-4_16,relapsed,N10,-1.5157521,1.9028782
CGACCGTTGGTATTCG-1-21,20221010-4_16,relapsed,N10,-0.6888388,7.169531
GTTGGTCATGCTATCC-1-21,20221010-4_16,relapsed,N10,-1.4678228,4.828374
CGCAATTACTTTCGGT-1-9,20221010-1_4,relapsed,N10,-2.690525,4.9627213
GCGACGGTAGTCTCCT-1-21,20221010-4_16,relapsed,N10,-1.4894202,6.9856234
AAGGGACTATGCATTC-1-21,20221010-4_16,relapsed,N10,-0.6204665,6.660518
TGCATGGATCGGATCT-1-9,20221010-1_4,relapsed,N10,-1.68292,1.7737873
CAGATCCTGGTTTGAA-1-21,20221010-4_16,relapsed,N10,-0.3838474,7.0142736
CTTACATAGATTTCTT-1-21,20221010-4_16,relapsed,N10,-0.35290456,6.5344815
TAATACACAGTAGTAT-1-9,20221010-1_4,relapsed,N10,-2.637231,3.996179
TGCCTGATCAAACGAT-1-9,20221010-1_4,relapsed,N10,-2.9391394,5.163469
TATGCTCCCTACTTAC-1-9,20221010-1_4,relapsed,N10,-2.8089862,3.5744038
CGACTTGCCGGGAAAT-1-21,20221010-4_16,relapsed,N10,-2.4512703,3.4759011
TTCAAGCCGAGCTGAG-1-9,20221010-1_4,relapsed,N10,-1.574742,5.8951526
AGAAGAGCGCCGTTCC-1-9,20221010-1_4,relapsed,N10,-1.5021918,11.009055
GTAAGCGGGCAGTCAG-1-9,20221010-1_4,relapsed,N10,-2.0061336,4.0558906
CTCTGCGAAGCAAGCA-1-9,20221010-1_4,relapsed,N10,-2.5444436,5.2234855
GCGTCGTAACATGGTC-1-21,20221010-4_16,relapsed,N10,-1.1984293,5.6675835
TCGCCGGTCGATCCGT-1-9,20221010-1_4,relapsed,N10,-2.8233502,3.8558803
ACCTCGAACTTATGCT-1-21,20221010-4_16,relapsed,N10,-0.34370303,6.6004076
AGAATAAATCTTCAGG-1-21,20221010-4_16,relapsed,N10,-0.11004954,7.476768
AGTTACTCTATCGTGG-1-9,20221010-1_4,relapsed,N10,-0.8892513,1.512751
CCTAACTAAGGCTCTA-1-9,20221010-1_4,relapsed,N10,-1.7220101,3.137087
TGGTATCGGTCTGTAT-1-9,20221010-1_4,relapsed,N10,-1.8263931,5.426589
TTAAACCGGTAGCGAC-1-9,20221010-1_4,relapsed,N10,-1.5701025,2.6170788
AACAGGATGGGCCGCG-1-9,20221010-1_4,relapsed,N10,-2.2613268,7.2644877
CATTGCGAAATGGGCG-1-21,20221010-4_16,relapsed,N10,0.32643464,7.5744634
ATTATTATGTCCGTCA-1-21,20221010-4_16,relapsed,N10,-2.9028661,5.1954317
ATCCAATGGTACCGAA-1-21,20221010-4_16,relapsed,N10,-1.5881563,5.733575
GAATATTCGGAGTCCC-1-9,20221010-1_4,relapsed,N10,-1.0132082,6.1421223
CTTCTTACGTCGTATA-1-9,20221010-1_4,relapsed,N10,-2.6571867,4.775738
GCCCGCGCGTTTGACA-1-9,20221010-1_4,relapsed,N10,-0.8522968,1.7248243
CTCGAGGCAAGTTTCA-1-21,20221010-4_16,relapsed,N10,-2.6485863,4.5604787
GCTTCCGTCCCTAGAC-1-9,20221010-1_4,relapsed,N10,-2.7980871,5.184116
TTGCGTGAACGCTTAG-1-9,20221010-1_4,relapsed,N10,-2.024139,4.284992
AACCTTTACGACGTCT-1-9,20221010-1_4,relapsed,N10,-1.9478174,2.4682426
CGAATGGTAGGTCGTC-1-21,20221010-4_16,relapsed,N10,-1.3589138,7.9232397
CCGCCGGTCAACACAC-1-9,20221010-1_4,relapsed,N10,-2.2192993,5.450902
CAATAAACCTTGGCCC-1-9,20221010-1_4,relapsed,N10,-2.929708,4.751793
AGACCCGCCCTCCTCG-1-9,20221010-1_4,relapsed,N10,-1.6200236,1.9347026
ACTACATCCCGACAAG-1-21,20221010-4_16,relapsed,N10,1.5327315,7.191409
GATATCTCATGCAATA-1-9,20221010-1_4,relapsed,N10,-1.0071872,1.44623
TCATGAAGCGCTGCAT-1-21,20221010-4_16,relapsed,N10,-1.6824883,5.849428
TCGACATAGCGTAGCG-1-21,20221010-4_16,relapsed,N10,-2.0703118,2.7639568
AAAGGCCCTATAATAC-1-21,20221010-4_16,relapsed,N10,-0.17992975,7.707565
GTACTAAGATTTGGAG-1-9,20221010-1_4,relapsed,N10,-2.4578738,3.3106582
AAGATGGCACCGGACC-1-21,20221010-4_16,relapsed,N10,-2.4113436,3.2439828
TTGCCTAATCCAAAGT-1-21,20221010-4_16,relapsed,N10,-1.9409559,4.161753
TCATCGATGGTCCCAA-1-21,20221010-4_16,relapsed,N10,-0.89640486,6.869688
GGTGCGGATAAGTGGC-1-9,20221010-1_4,relapsed,N10,-2.4869564,7.8600693
CAGAGTGATTTAACGT-1-9,20221010-1_4,relapsed,N10,-2.5587082,3.1439607
CTGTTCACTGCCTGTG-1-9,20221010-1_4,relapsed,N10,-1.067319,1.3791035
GACTAAGATCATGCAC-1-9,20221010-1_4,relapsed,N10,-2.57881,3.5593488
TCTTAGAGTGAACTCT-1-21,20221010-4_16,relapsed,N10,-0.05337005,7.153961
GCGGTGAACTGCGCTC-1-21,20221010-4_16,relapsed,N10,-2.025593,6.7111278
CTTAACTTCGAAGTAC-1-9,20221010-1_4,relapsed,N10,-1.5095508,1.7310535
TTGTCGTTCAGTTACC-1-9,20221010-1_4,relapsed,N10,-2.675327,4.6509943
CGGCTTTGTATGATAA-1-9,20221010-1_4,relapsed,N10,-1.2680446,3.815462
TAAGAGGGACAGGGAC-1-21,20221010-4_16,relapsed,N10,-0.9249618,4.744691
CCAATCGGTAGATCGA-1-9,20221010-1_4,relapsed,N10,-1.7674893,4.841086
CTGGCGACATAAGTCC-1-9,20221010-1_4,relapsed,N10,-1.473396,2.1943367
TCGTATAGTGCAATTA-1-9,20221010-1_4,relapsed,N10,-2.416428,3.4455733
GAGGGTAGTAACAAAG-1-21,20221010-4_16,relapsed,N10,-1.1105136,5.8907056
CCAATTACGGGTCGAG-1-9,20221010-1_4,relapsed,N10,-2.813106,3.4743614
GGTCCACGTCTATTTG-1-21,20221010-4_16,relapsed,N10,-2.4184184,3.1675851
CGCGCCCGACTTAATA-1-9,20221010-1_4,relapsed,N10,-2.6316009,3.5944088
GCTCTCGGGTACCGAA-1-9,20221010-1_4,relapsed,N10,-2.512549,3.8266127
GTATAGGACTCAGTAG-1-9,20221010-1_4,relapsed,N10,-2.53062,3.2463148
TGATTTCCTCCTGACG-1-9,20221010-1_4,relapsed,N10,-1.0543202,1.7915574
ACACATGATCAAATCT-1-21,20221010-4_16,relapsed,N10,-0.4991776,6.3718286
GAAGAAACGATATTGT-1-21,20221010-4_16,relapsed,N10,-0.25343177,6.723896
CACCAGTCAGCATGCA-1-21,20221010-4_16,relapsed,N10,-1.5848027,4.192059
AAGTTTATGGGCCCAA-1-21,20221010-4_16,relapsed,N10,-0.36839494,7.718682
CTCGGTTGTCGGCCCT-1-21,20221010-4_16,relapsed,N10,0.049962357,7.5543656
TTGGAGTCTCCCTTCT-1-9,20221010-1_4,relapsed,N10,-1.9852792,2.8360562
CGGTAGAGGTGCAGGT-1-9,20221010-1_4,relapsed,N10,-1.0055529,5.4021115
AATGTATGGCACTGTA-1-21,20221010-4_16,relapsed,N10,-0.5229836,6.8989854
TAGGGTGTTTCAAGAG-1-9,20221010-1_4,relapsed,N10,-2.4594753,3.0246685
TCGGGCCGTCGTGGTA-1-21,20221010-4_16,relapsed,N10,-0.23078161,6.920547
TAATATTGAAATTCGC-1-9,20221010-1_4,relapsed,N10,-2.552709,4.846365
CGTACCTGATAGGCCT-1-9,20221010-1_4,relapsed,N10,-2.7980423,4.160963
GCGCAAATATATTCAA-1-21,20221010-4_16,relapsed,N10,-1.6565529,5.882263
TTGTTCAGTGTGCTAC-1-9,20221010-1_4,relapsed,N10,-2.0648313,4.113343
AGTAATTTGCAAGCGT-1-21,20221010-4_16,relapsed,N10,1.4986004,7.850493
CCTGAGAATAAATGCA-1-21,20221010-4_16,relapsed,N10,-2.3327186,6.4114223
CCTCCTGAGCCCACAT-1-21,20221010-4_16,relapsed,N10,0.81193024,6.850009
GATCGCTATATCTCAG-1-21,20221010-4_16,relapsed,N10,-2.5395734,4.953644
AAAGTCGACCCTCAGT-1-21,20221010-4_16,relapsed,N10,-1.7614828,5.051774
CCCTCATCACAGAGTA-1-21,20221010-4_16,relapsed,N10,-2.113995,7.2295494
ATCGTGGAAAGTCTGG-1-21,20221010-4_16,relapsed,N10,-1.5856193,4.818144
CCTACGGCTCAGTCGA-1-9,20221010-1_4,relapsed,N10,-1.9568707,3.9822748
GCGTCGAAATGTCGGT-1-9,20221010-1_4,relapsed,N10,-2.607042,7.2226667
ACATTCGCGCGGAATA-1-21,20221010-4_16,relapsed,N10,-1.868844,6.571282
ATCCCATCCACAGCGC-1-21,20221010-4_16,relapsed,N10,-0.40152082,6.494518
CGATTTGTCATTAATG-1-21,20221010-4_16,relapsed,N10,-1.5851871,7.854115
TGGACGCAATCCAGCC-1-21,20221010-4_16,relapsed,N10,-0.100724585,6.936105
CATTATCCCATTAACG-1-21,20221010-4_16,relapsed,N10,-2.032415,6.607494
TCCCAAAGACGAAGGA-1-9,20221010-1_4,relapsed,N10,-2.5033479,6.0986757
TGCTATGGCAAAGGGA-1-21,20221010-4_16,relapsed,N10,0.08954198,6.752246
GAGCCACGGTAGTAGG-1-9,20221010-1_4,relapsed,N10,-2.256912,3.1391764
CTCATTTGATGGGCGG-1-9,20221010-1_4,relapsed,N10,-2.026073,6.9880853
GTACGAGATTGCGACA-1-9,20221010-1_4,relapsed,N10,-1.6877506,3.1238544
TGTGACTACGCCAGTC-1-9,20221010-1_4,relapsed,N10,-1.2490405,1.4330738
TCATGCAGGTTCTCAT-1-9,20221010-1_4,relapsed,N10,-2.257335,2.9685874
CGACATGCGATCTTCT-1-9,20221010-1_4,relapsed,N10,-1.4733522,4.7170477
CGCAGAAACATTTGCG-1-9,20221010-1_4,relapsed,N10,-1.1964718,3.285785
GGGCCCTACGAAAGGG-1-21,20221010-4_16,relapsed,N10,0.19943237,7.5219107
TATAAGTGAGGATAGC-1-9,20221010-1_4,relapsed,N10,-1.9873356,5.3680596
GAATAGTGCTCGATTA-1-21,20221010-4_16,relapsed,N10,-1.5885296,7.1877656
ATATAGAGTATTGGTC-1-21,20221010-4_16,relapsed,N10,-0.22287071,6.7544894
CGGTGGGCTCCAGCCT-1-9,20221010-1_4,relapsed,N10,-1.2248926,4.555975
TTGTGGCCCTGACAGT-1-9,20221010-1_4,relapsed,N10,-2.7244499,4.0445185
GATTGCTCCAGTTGCA-1-21,20221010-4_16,relapsed,N10,-1.6379827,6.0415335
CCGGGACCCGCAGAGA-1-9,20221010-1_4,relapsed,N10,-2.2303262,6.3025775
CCGGGCTAAGAATTTC-1-21,20221010-4_16,relapsed,N10,-1.1724888,5.623643
AGCTAGAAGCAGAAGT-1-21,20221010-4_16,relapsed,N10,-0.6452387,4.5413394
CGTGACATTGGGTCGT-1-9,20221010-1_4,relapsed,N10,-2.469037,3.41934
CCACGGCAGGTGTAGG-1-21,20221010-4_16,relapsed,N10,-1.8659924,2.320868
AGCGACATCCCATTCA-1-9,20221010-1_4,relapsed,N10,-2.4952612,5.4690294
TAGAAATTCACGTATA-1-21,20221010-4_16,relapsed,N10,-1.2196324,5.664793
ATATCTCCCTCGTTAA-1-9,20221010-1_4,relapsed,N10,-0.77580696,1.5527878
TTGGCTCGCATGAGAC-1-9,20221010-1_4,relapsed,N10,-2.3195002,6.702522
CACCCACGAGGCAATT-1-9,20221010-1_4,relapsed,N10,-2.4186034,3.5857494
TCTCTAATAGCTGGTA-1-9,20221010-1_4,relapsed,N10,-2.8689568,5.213325
GGAGGCGAAGAACCGC-1-9,20221010-1_4,relapsed,N10,4.161088,9.234559
GAATGTATGGCAGGTC-1-9,20221010-1_4,relapsed,N10,-1.5110667,1.7847017
AACGCGGTCTCCAGCC-1-9,20221010-1_4,relapsed,N10,-2.6715407,3.7706609
AGAACGTGGTACATTC-1-9,20221010-1_4,relapsed,N10,-2.3760788,3.0960703
ACGATGGATCCGATGC-1-9,20221010-1_4,relapsed,N10,-2.8744588,5.0619144
GATTCCGCGTTTCCGT-1-9,20221010-1_4,relapsed,N10,-1.220029,4.408876
CTGCGTTACGATATAA-1-9,20221010-1_4,relapsed,N10,-0.8205567,1.235549
CTGGTGAATGGGCCTA-1-21,20221010-4_16,relapsed,N10,-1.8401504,4.7332463
ATGGCAGCATTACGAT-1-21,20221010-4_16,relapsed,N10,-0.3923144,6.949206
TACCAGCTAGGTTTAA-1-9,20221010-1_4,relapsed,N10,-2.737002,3.4630075
CCAAGACTTCTGCGAA-1-9,20221010-1_4,relapsed,N10,-2.2215319,3.1776202
AGGTAACCTCCTATTC-1-9,20221010-1_4,relapsed,N10,-2.3349345,3.1975005
TCGTTCGTTATTATGT-1-9,20221010-1_4,relapsed,N10,-1.5860286,4.9738665
CCTATATCGTGTCACG-1-21,20221010-4_16,relapsed,N10,-0.58634293,6.834207
CGAATCTGCTCGACGC-1-21,20221010-4_16,relapsed,N10,-0.3289177,7.2643986
GCGGGAACCAGGCCCT-1-9,20221010-1_4,relapsed,N10,-2.765171,3.9452074
AGATGAGGGTTGCGAT-1-9,20221010-1_4,relapsed,N10,-2.2310603,2.7307673
CGTCAGTGCGCACAAG-1-21,20221010-4_16,relapsed,N10,0.17162189,5.1128902
GTGATGCACAACATCT-1-9,20221010-1_4,relapsed,N10,-3.015208,3.7444422
TTGGATTGGGTACCAC-1-9,20221010-1_4,relapsed,N10,-2.1926289,4.754784
TGGCTTTGGGTAGACA-1-9,20221010-1_4,relapsed,N10,-2.6459517,3.642365
GCACAAACCCTAGATG-1-21,20221010-4_16,relapsed,N10,-0.09979604,5.433177
AAATAACCATACGGGA-1-9,20221010-1_4,relapsed,N10,-1.4903256,2.2107959
TGGTTCGTAGCAAAGG-1-9,20221010-1_4,relapsed,N10,-1.8003432,3.038968
GTTCGACAATTGTATA-1-21,20221010-4_16,relapsed,N10,-2.637748,5.2462387
CCATCTTGTTCACAAT-1-9,20221010-1_4,relapsed,N10,-1.1664392,1.6101872
TATCGATCTATGCATA-1-9,20221010-1_4,relapsed,N10,-2.524431,3.8620985
GGAACCTTGACTCTGC-1-21,20221010-4_16,relapsed,N10,-0.41962326,6.5943637
GTTTGGCCGCTCAGCG-1-9,20221010-1_4,relapsed,N10,-0.9304645,6.837147
GCAACCACCAGACCGG-1-9,20221010-1_4,relapsed,N10,-0.97597027,1.8393234
CCACAATGTACGTCTT-1-9,20221010-1_4,relapsed,N10,-2.9088068,3.6404233
AACAGCTGTGTGGCAA-1-21,20221010-4_16,relapsed,N10,-1.2750309,7.011542
TAACAAAGGGAGAAGC-1-9,20221010-1_4,relapsed,N10,-1.2204757,6.296196
ATAACGGAGTCCAACG-1-9,20221010-1_4,relapsed,N10,-1.4592755,5.074048
AGGACATCGCACGTCG-1-9,20221010-1_4,relapsed,N10,-2.7445555,3.9941385
ACGTTCCGCGCTCCGT-1-9,20221010-1_4,relapsed,N10,-1.7119566,2.659375
TTATATTTGGCAATCC-1-9,20221010-1_4,relapsed,N10,-2.500802,5.807357
AGTATGCTGGAGACCA-1-21,20221010-4_16,relapsed,N10,0.40696076,7.470776
GTAGACGTCGTTACAT-1-9,20221010-1_4,relapsed,N10,-1.119456,1.6626891
GTGCTGCAGATAAGGA-1-21,20221010-4_16,relapsed,N10,-1.6948427,5.778109
ACGATCATACATAGAG-1-9,20221010-1_4,relapsed,N10,-2.4265492,3.320948
CGTGCTTCTACCTAAA-1-21,20221010-4_16,relapsed,N10,-2.070301,2.6847498
TCAAACAACCGCGTCG-1-9,20221010-1_4,relapsed,N10,-2.9838686,5.062808
TGTTGTCAAGAAGTCT-1-9,20221010-1_4,relapsed,N10,-1.6252769,1.7560081
AAACTCGGTTCGCAAT-1-21,20221010-4_16,relapsed,N10,-0.22337021,6.574664
GACAACGCAGCTTACG-1-9,20221010-1_4,relapsed,N10,-2.3902946,3.1776738
GCTTCGACGTTCAATC-1-21,20221010-4_16,relapsed,N10,-1.3441939,6.039239
CTCGGTCCGTAGCCTG-1-9,20221010-1_4,relapsed,N10,-1.6307433,1.7734776
ATACCAGGCTAATAGA-1-9,20221010-1_4,relapsed,N10,-2.3233924,3.2453356
CTCATGGCTCACAATC-1-9,20221010-1_4,relapsed,N10,-1.4176873,1.5938686
CGGTTCAAGTAGGTGT-1-9,20221010-1_4,relapsed,N10,-2.5685353,4.9177394
TCGGTCCCGACAATAG-1-21,20221010-4_16,relapsed,N10,0.017820619,7.5625625
AACCGAGCTTGGTCAT-1-9,20221010-1_4,relapsed,N10,-2.5050483,5.209833
AGTACGGCCCGTATCG-1-21,20221010-4_16,relapsed,N10,0.15484788,7.7400455
TATATAGGGCTTTACG-1-21,20221010-4_16,relapsed,N10,-1.6052665,4.982354
ATAGGGATATCCTTGA-1-9,20221010-1_4,relapsed,N10,-2.9547567,4.8328457
AATTCATTGTCATGCA-1-21,20221010-4_16,relapsed,N10,0.072504245,7.5440736
AACTGGGTCCCGACGT-1-9,20221010-1_4,relapsed,N10,-2.6308763,3.7846704
GAAGAACGGTGCAGGT-1-9,20221010-1_4,relapsed,N10,-0.9321752,5.753061
AGATGACTCGCCCACG-1-9,20221010-1_4,relapsed,N10,-2.3892255,3.0834565
CGCGCAAATGTCCAGA-1-21,20221010-4_16,relapsed,N10,-1.0275931,6.41105
TACTCGGCACGCCGGG-1-21,20221010-4_16,relapsed,N10,-0.68731874,7.3255258
GACGATATCACTGGGT-1-21,20221010-4_16,relapsed,N10,-2.4273226,6.1786246
TAACCGCCCGCAGTGC-1-9,20221010-1_4,relapsed,N10,-1.7522535,3.4073074
TTGCACGGAGCAGCAC-1-9,20221010-1_4,relapsed,N10,-2.3805866,3.030374
GGGCTGGTTAGTCGCG-1-21,20221010-4_16,relapsed,N10,-0.6761305,7.174337
GGCCGAGACTCTGGTG-1-21,20221010-4_16,relapsed,N10,-2.3222463,5.059494
ATGACGCGTTCTATCC-1-21,20221010-4_16,relapsed,N10,-1.4749061,6.9256005
TCGATAGGCTAGTCGC-1-9,20221010-1_4,relapsed,N10,-0.9187494,1.907668
GTGCAACAAATGTGGC-1-9,20221010-1_4,relapsed,N10,-2.7757556,5.093402
GTTCCAGTCTGACCAT-1-9,20221010-1_4,relapsed,N10,-2.9773579,3.8734412
AAGCCGCCGTGAAATC-1-21,20221010-4_16,relapsed,N10,-1.9550382,5.377906
TAATGTCGGTTCATGG-1-21,20221010-4_16,relapsed,N10,-2.7794328,4.5881267
TGGAAGACGAACACCA-1-9,20221010-1_4,relapsed,N10,-1.3044153,11.601413
TTAGCTAATACGATCT-1-21,20221010-4_16,relapsed,N10,-1.0033662,6.6999445
TACGCTGCTGTGTTAA-1-21,20221010-4_16,relapsed,N10,-0.4467395,6.8120236
ACACCGGTCTGACCGC-1-21,20221010-4_16,relapsed,N10,-1.4518244,5.217421
CAGCGCCAACACGATA-1-21,20221010-4_16,relapsed,N10,-0.46306866,7.7962956
TTATTAGGGAAGCATC-1-9,20221010-1_4,relapsed,N10,-1.4797308,6.3582716
GTAGGTGATCCGTGTA-1-9,20221010-1_4,relapsed,N10,-1.3369985,3.667301
GAATTATAGTGAAAGG-1-9,20221010-1_4,relapsed,N10,-1.3973196,11.162337
AGCCCTAAGCGAAGTT-1-9,20221010-1_4,relapsed,N10,-0.9162102,1.2982064
TAAGGAACTTGTGGGA-1-9,20221010-1_4,relapsed,N10,-1.701786,7.283031
GAGTATACCCTAATCA-1-21,20221010-4_16,relapsed,N10,-1.7994742,5.96439
GGGAGTTAATGAGGCG-1-9,20221010-1_4,relapsed,N10,-2.215797,8.489431
ACGGCTGGATGTAGAA-1-21,20221010-4_16,relapsed,N10,-1.0705277,5.577161
TGTGGCAAAGCGTATG-1-9,20221010-1_4,relapsed,N10,-2.682606,6.8701763
CCGGAATGGTTTCAGT-1-9,20221010-1_4,relapsed,N10,-2.7757428,5.2520695
AGTAATGTCTTGCCGC-1-9,20221010-1_4,relapsed,N10,-1.7568921,6.08505
CTCGGGTTCTCTGGCC-1-21,20221010-4_16,relapsed,N10,-2.2419617,4.110421
AAAGGGATGTAGCAAG-1-9,20221010-1_4,relapsed,N10,-2.4695942,2.889823
TTGCGGCGACTCATGC-1-21,20221010-4_16,relapsed,N10,-1.6737161,4.747067
TGGGTTTCGGGCGTAC-1-21,20221010-4_16,relapsed,N10,-1.3693312,6.2979083
AGGGAAACGAGGTACT-1-9,20221010-1_4,relapsed,N10,-2.1744633,4.735276
GCTGGTTTAGGCCATA-1-21,20221010-4_16,relapsed,N10,-0.3810232,6.624293
CAAGTGAACTTTGGTT-1-9,20221010-1_4,relapsed,N10,-0.893513,2.9579706
GTGAGGAGCGGTTGAG-1-9,20221010-1_4,relapsed,N10,-2.4157717,4.781159
ACTCAGACCTGCTTCT-1-9,20221010-1_4,relapsed,N10,-1.6601083,1.8143541
TTAACGTCGCAAGACC-1-9,20221010-1_4,relapsed,N10,-1.9412135,4.4990673
CCTAACTAAGGCTCTA-1-21,20221010-4_16,relapsed,N10,-2.4828196,5.118737
CATGATGCACAATTCT-1-9,20221010-1_4,relapsed,N10,-2.8844972,3.7800746
ATGGGACCTGCTGAAC-1-21,20221010-4_16,relapsed,N10,-2.3246436,3.0321016
TCGAATATCCCGCAGG-1-21,20221010-4_16,relapsed,N10,-0.4752262,7.373701
AGGTACGATATTGCCA-1-9,20221010-1_4,relapsed,N10,-1.2101988,4.572592
CACAGAGACGAGGACG-1-21,20221010-4_16,relapsed,N10,-0.44901893,7.298724
TTAAGCCGACAACTTC-1-9,20221010-1_4,relapsed,N10,-2.1018825,4.7620764
TCTATCATGCAGTTAC-1-9,20221010-1_4,relapsed,N10,-0.97500837,4.6473665
AACTGATATTAGGCCT-1-9,20221010-1_4,relapsed,N10,-2.7931266,4.8909144
AGAACCCTCAATTGGG-1-21,20221010-4_16,relapsed,N10,0.11400285,7.0159664
CACCTAATCAGTTTAC-1-9,20221010-1_4,relapsed,N10,-2.9067001,3.7098055
CTACGATCCTATCCTA-1-21,20221010-4_16,relapsed,N10,-1.7093409,4.1014643
TTCTACTTGCGAGGGC-1-9,20221010-1_4,relapsed,N10,-2.2530417,6.968862
GAGCTCTCGGACCTAA-1-9,20221010-1_4,relapsed,N10,-1.4444798,4.7611775
AGTCAAATGATGTGAT-1-21,20221010-4_16,relapsed,N10,-1.0705993,7.019475
TTCTTCCCTTTGATAT-1-21,20221010-4_16,relapsed,N10,-2.3431847,3.4662812
CTAGTATTCGGAATTA-1-9,20221010-1_4,relapsed,N10,-1.6797874,5.9133105
ACCGGTCAGGTACACC-1-21,20221010-4_16,relapsed,N10,-0.38093674,6.5895324
TGCTTAGAGAGAATGC-1-21,20221010-4_16,relapsed,N10,-2.1855254,2.7864883
AGCGAGACGTGAAGGC-1-21,20221010-4_16,relapsed,N10,-1.9526591,5.1025987
TCTGAACCGGTCGGCT-1-9,20221010-1_4,relapsed,N10,-1.1524562,3.2865686
AGTAGGAAGGAAGTTG-1-9,20221010-1_4,relapsed,N10,-0.9811124,8.100593
CCCTGACTAACAAATT-1-21,20221010-4_16,relapsed,N10,-0.07244599,7.699842
AGGGCGTGATCGGCTA-1-9,20221010-1_4,relapsed,N10,-2.1334095,4.776876
TAATAGGTCACCAGAA-1-21,20221010-4_16,relapsed,N10,-1.473555,4.602852
GCACTAGTCGCGCTAT-1-9,20221010-1_4,relapsed,N10,-2.212124,5.693279
GAAACCGAATTACCTT-1-8,20221010-1_3,mrd12,N11,6.96123,8.533262
TATTCCGGCAGTCCTA-1-8,20221010-1_3,mrd12,N11,6.8550644,9.153075
AGTCGTCGACCACCAA-1-20,20221010-4_15,mrd12,N11,7.9656262,10.528512
ATTTGCGCGAGTAGCT-1-8,20221010-1_3,mrd12,N11,11.442055,5.811081
TTATCCTCAAGGAATA-1-8,20221010-1_3,mrd12,N11,5.4815817,8.045369
GGCTGAGCATCGTAAG-1-8,20221010-1_3,mrd12,N11,8.632404,6.721147
TGCGTCATGACTGAGC-1-8,20221010-1_3,mrd12,N11,9.113926,7.4512467
AACGATAATGCCGTAG-1-20,20221010-4_15,mrd12,N11,6.367075,11.129064
CGCCGCCCATGCCTGT-1-8,20221010-1_3,mrd12,N11,4.8455286,9.913204
CCTCGACCCACTGCCT-1-8,20221010-1_3,mrd12,N11,7.501572,8.352473
GTGACGAGGGTGACCC-1-20,20221010-4_15,mrd12,N11,6.5453873,5.571832
GATCGCTACCCGATTT-1-20,20221010-4_15,mrd12,N11,9.50958,9.0106535
AAATAGGGTGCTATTG-1-24,20230607-2_8,mrd12,N11,9.801025,6.9572396
GATATTTCCTACATGG-1-8,20221010-1_3,mrd12,N11,9.229203,8.674041
TTACTAAAGGACTTTA-1-8,20221010-1_3,mrd12,N11,7.097021,8.925894
AATTCATAAGGGATCT-1-8,20221010-1_3,mrd12,N11,8.520596,8.953932
CGGAACGTAAACATAG-1-8,20221010-1_3,mrd12,N11,9.038004,4.8313174
ATAGACAACGGGACCT-1-8,20221010-1_3,mrd12,N11,6.7749157,9.866766
AGGTATAATTGATAGT-1-20,20221010-4_15,mrd12,N11,9.363456,8.853808
GTTGAGTCCCGCCGGT-1-20,20221010-4_15,mrd12,N11,8.569129,9.118613
CGAACAGTATGGGCGT-1-20,20221010-4_15,mrd12,N11,8.5174,9.028264
GCTAGGCACCACGGAG-1-20,20221010-4_15,mrd12,N11,10.120508,8.656675
ACTCCCTAATGCTAAA-1-20,20221010-4_15,mrd12,N11,7.583627,9.980262
TAAGGCATAACATCAA-1-8,20221010-1_3,mrd12,N11,8.5915365,6.4717174
AGACATAGATCCTTCC-1-20,20221010-4_15,mrd12,N11,10.829531,7.9604883
TCCCTAGATCAATAGG-1-20,20221010-4_15,mrd12,N11,6.9629116,5.9037113
AATCGCGCAGAGGACT-1-20,20221010-4_15,mrd12,N11,10.454617,8.24736
GCACAAACGAGGCGTG-1-20,20221010-4_15,mrd12,N11,10.451394,6.4361277
ATCGGAGACAGACGGC-1-20,20221010-4_15,mrd12,N11,8.605849,9.590097
GACTACAATTGCTCGT-1-8,20221010-1_3,mrd12,N11,6.7524033,6.00335
CGGGCCTTCTTTGTAA-1-8,20221010-1_3,mrd12,N11,5.8079014,8.427944
CCTACGCGACCTTACA-1-8,20221010-1_3,mrd12,N11,9.814483,6.982121
GCAAGAATTCCTTGGC-1-8,20221010-1_3,mrd12,N11,9.28259,4.6939173
CCTATACCGTCCTGTC-1-8,20221010-1_3,mrd12,N11,7.186908,8.83521
TTCCGGTATCTGTGTC-1-20,20221010-4_15,mrd12,N11,9.836816,8.39225
CTACCCTAAGGTCATA-1-8,20221010-1_3,mrd12,N11,6.426099,8.808909
TGTGGCAAAGCGTATG-1-8,20221010-1_3,mrd12,N11,4.7158036,10.2796
TTCAGCCCTGGTCCAC-1-24,20230607-2_8,mrd12,N11,9.9707155,6.6806455
GAAATACCTGCTGGCT-1-8,20221010-1_3,mrd12,N11,6.6340995,5.9056306
CACCTTGCGAAACTCG-1-8,20221010-1_3,mrd12,N11,6.3693643,9.452974
TCAGAACCTCCACAGG-1-20,20221010-4_15,mrd12,N11,6.799907,5.778416
GGCGAAATCTAACTTG-1-24,20230607-2_8,mrd12,N11,9.648039,6.761098
ATACAGGCCCTCCAAT-1-24,20230607-2_8,mrd12,N11,9.958825,6.8336105
AGCCACTCCCGTGCTT-1-8,20221010-1_3,mrd12,N11,7.5380597,9.934031
AAATTTACCGAAATCC-1-8,20221010-1_3,mrd12,N11,9.970098,6.8975697
CCAGTGAGCTCCTTGT-1-24,20230607-2_8,mrd12,N11,9.44198,7.9156938
CATATTATTTGCCCTA-1-20,20221010-4_15,mrd12,N11,8.306989,5.809785
GCGGGCGAGCCTTACC-1-8,20221010-1_3,mrd12,N11,8.729253,7.724293
ACGCGCTACACAGGGT-1-8,20221010-1_3,mrd12,N11,7.9672804,7.5987625
CAGCGATTCCCTTCAA-1-8,20221010-1_3,mrd12,N11,8.8545,6.513118
TCAACGCAGGAAATAA-1-8,20221010-1_3,mrd12,N11,10.667782,5.248479
CAGTGAATAAATGACT-1-8,20221010-1_3,mrd12,N11,7.8483233,8.314718
ATTATAGCTACTTTAC-1-20,20221010-4_15,mrd12,N11,6.565509,5.5213594
GTATGTGGGTCTAGTT-1-24,20230607-2_8,mrd12,N11,9.78797,6.7413526
CGGTGCAGATAGAACG-1-8,20221010-1_3,mrd12,N11,8.253498,6.981543
AAGCTCTTTCATGGTG-1-20,20221010-4_15,mrd12,N11,6.8103385,10.836366
AGCACTACCTCACCAG-1-20,20221010-4_15,mrd12,N11,8.397849,9.906582
GCTAACTGAAGTCTGA-1-20,20221010-4_15,mrd12,N11,8.343986,10.107434
CGTTCTTCGCACACCT-1-20,20221010-4_15,mrd12,N11,9.3491,5.873831
AGCTTATAGAGACCTG-1-20,20221010-4_15,mrd12,N11,10.222091,8.837257
CCCGGGTCGTTCAGGG-1-24,20230607-2_8,mrd12,N11,9.8315935,5.545004
ATTCAGGACCTATTTC-1-24,20230607-2_8,mrd12,N11,8.993893,6.409338
ACATCGTTAACCTAGT-1-20,20221010-4_15,mrd12,N11,9.981229,8.436067
GTAGCTTCCTCTTGTT-1-8,20221010-1_3,mrd12,N11,3.684802,10.834295
ACTTGTAGTCCCTTCA-1-8,20221010-1_3,mrd12,N11,7.288258,6.9642305
AATTAGCGCTGCAGCG-1-20,20221010-4_15,mrd12,N11,4.8690534,10.84832
AGTTTGGCCAGACCTA-1-8,20221010-1_3,mrd12,N11,9.522599,5.4161277
TACATAGGCATACACC-1-8,20221010-1_3,mrd12,N11,3.7393243,9.100308
TTCAAGCCGAGCTGAG-1-8,20221010-1_3,mrd12,N11,7.3345804,8.35475
ATAGAGTTATCAACTT-1-24,20230607-2_8,mrd12,N11,7.3837533,7.1689053
TCGCACCAGGAGGCAG-1-20,20221010-4_15,mrd12,N11,6.4466877,11.012027
ATAAGGTGGAGAACAT-1-8,20221010-1_3,mrd12,N11,5.1584625,10.136193
AGGATCACGCGATCTG-1-8,20221010-1_3,mrd12,N11,9.709819,6.847927
GAGTCCGCTTACCGGA-1-8,20221010-1_3,mrd12,N11,8.354009,6.2867618
AGTGCGTAGCTCGTAA-1-8,20221010-1_3,mrd12,N11,9.1479845,4.798297
AAGTGTTTGGAGACGG-1-24,20230607-2_8,mrd12,N11,10.047714,6.62997
TTATATACGCTGTCAC-1-8,20221010-1_3,mrd12,N11,5.6101217,9.5205765
ATTCATATACTGTCCA-1-8,20221010-1_3,mrd12,N11,4.2043877,10.932648
AATTAGCGCTGCAGCG-1-8,20221010-1_3,mrd12,N11,9.045795,4.679371
ACCGACACATCTCCCA-1-24,20230607-2_8,mrd12,N11,10.706644,7.712847
TTGATTAGCTGTTTCT-1-8,20221010-1_3,mrd12,N11,10.741327,4.888551
ACCTGCGTGTCATGTT-1-8,20221010-1_3,mrd12,N11,5.6803546,6.3484955
AAGTGCGTTAGAATCT-1-8,20221010-1_3,mrd12,N11,8.206027,5.8144174
TACCAATAAAGTACCA-1-20,20221010-4_15,mrd12,N11,7.9588146,10.5332985
ACTTCAGGCTGATCCC-1-20,20221010-4_15,mrd12,N11,7.129618,9.129247
TCCTCTGGCCCATTAG-1-8,20221010-1_3,mrd12,N11,9.62375,7.245674
AAACGAGACGGTTGAT-1-8,20221010-1_3,mrd12,N11,5.29595,8.757943
AGGGAAACGAGGTACT-1-8,20221010-1_3,mrd12,N11,9.207485,6.5450773
TACCGGCTCACTGCCC-1-8,20221010-1_3,mrd12,N11,3.9491613,10.595424
CCAATTACGGGTCGAG-1-8,20221010-1_3,mrd12,N11,7.238246,8.93004
TTCAATTAGCCATAAT-1-8,20221010-1_3,mrd12,N11,5.45908,7.0856457
CCTCTGTACTATTCTA-1-8,20221010-1_3,mrd12,N11,8.900857,5.491189
GCCGTGGAAGAAATGT-1-20,20221010-4_15,mrd12,N11,8.893422,9.126806
GGGCTCATCGAACCCA-1-8,20221010-1_3,mrd12,N11,3.3637552,11.28732
AGTCGGCTCAACTTTA-1-8,20221010-1_3,mrd12,N11,5.3977847,9.83747
TTCCGGCCTTGAGGCT-1-8,20221010-1_3,mrd12,N11,6.7587686,8.376313
TCTCGAACGAGGTCAC-1-24,20230607-2_8,mrd12,N11,7.5929823,6.8651185
GTCGGGAAGCAGAAAC-1-24,20230607-2_8,mrd12,N11,10.620642,6.4866266
ACTCCCATTCCTAAAG-1-8,20221010-1_3,mrd12,N11,8.701764,7.260126
AGGGTGCTCTCGAGGG-1-24,20230607-2_8,mrd12,N11,9.307486,5.7312827
CTACGAACTAGGTCGA-1-8,20221010-1_3,mrd12,N11,9.147602,6.39367
TACATCCCTATCCCTG-1-8,20221010-1_3,mrd12,N11,9.787454,8.555659
AGTGATATGAGTAGTT-1-8,20221010-1_3,mrd12,N11,4.9558573,10.457734
TTATGATCTTAACGAA-1-8,20221010-1_3,mrd12,N11,7.079394,9.37107
CAATGGTCGGCCTGGG-1-20,20221010-4_15,mrd12,N11,10.430192,9.295843
CTGGGCCTGCTATATC-1-8,20221010-1_3,mrd12,N11,7.426242,8.756537
ACACGGCACTATGCAT-1-8,20221010-1_3,mrd12,N11,7.238013,8.075619
TTGGACATGTGGCTTA-1-8,20221010-1_3,mrd12,N11,6.171866,6.589108
ATCTTGACTTGTCCAA-1-20,20221010-4_15,mrd12,N11,5.101061,10.579267
ACATCCCGGCCATACG-1-20,20221010-4_15,mrd12,N11,4.1661305,11.092142
CCACTATCCGGGTCAC-1-20,20221010-4_15,mrd12,N11,8.810852,7.5950418
TCAGCAAATGCATCTC-1-8,20221010-1_3,mrd12,N11,2.9835372,10.49182
GATAAATCGGTGGATG-1-24,20230607-2_8,mrd12,N11,9.745689,7.993384
TTAAGACGAACGAACC-1-8,20221010-1_3,mrd12,N11,8.725154,6.5567684
GAGCCAGCTACCTGTG-1-20,20221010-4_15,mrd12,N11,10.503926,9.394888
CTTGTTGCTGAGTCAA-1-8,20221010-1_3,mrd12,N11,3.5941856,11.431853
ACTCTCTTATACACGA-1-8,20221010-1_3,mrd12,N11,6.923384,6.4385858
GACTACAAAGCGGTGG-1-8,20221010-1_3,mrd12,N11,8.371505,8.435593
ACTGAATGGCGAAAGT-1-8,20221010-1_3,mrd12,N11,3.7823868,11.425765
GACGTTCGTAAATACA-1-20,20221010-4_15,mrd12,N11,8.80269,6.0345984
CGAAACGCAATTCATG-1-8,20221010-1_3,mrd12,N11,5.9264693,9.319723
TGAATGTCAGCCGGCC-1-20,20221010-4_15,mrd12,N11,11.665589,5.9351134
ACTTATTTATGTGCCA-1-24,20230607-2_8,mrd12,N11,7.9991975,7.3949633
GTGTCGTATAGCGTTC-1-24,20230607-2_8,mrd12,N11,10.015495,7.0458317
CCTGTTTGAAGACACG-1-20,20221010-4_15,mrd12,N11,8.034702,10.452912
TTAAACCGGTAGCGAC-1-8,20221010-1_3,mrd12,N11,8.500646,9.182525
GGCTGAAATAGCAAAG-1-20,20221010-4_15,mrd12,N11,7.483169,8.7219925
CGTTTACAAGGCAGCT-1-20,20221010-4_15,mrd12,N11,7.565024,7.4701385
GATATGCGGTAGCCAA-1-8,20221010-1_3,mrd12,N11,8.452896,8.773145
AAGCATACTCTCCTGA-1-20,20221010-4_15,mrd12,N11,7.27635,10.74418
GTGCCTCAGTGTACGG-1-8,20221010-1_3,mrd12,N11,8.853298,6.8441463
GCTAAGTAGTTTCTCT-1-8,20221010-1_3,mrd12,N11,4.0462317,10.508875
TGAGCGGAAAGTGTTC-1-20,20221010-4_15,mrd12,N11,5.7249336,10.366439
GGTTACCACCCTCGGG-1-8,20221010-1_3,mrd12,N11,6.2462463,5.120056
GCCATCGATGCTGCAT-1-20,20221010-4_15,mrd12,N11,7.308719,7.08553
AGGGCAGCGGCGTGGT-1-20,20221010-4_15,mrd12,N11,9.941813,7.9107947
CTATTCATGTGTCCCA-1-8,20221010-1_3,mrd12,N11,9.280994,4.243491
CGTTGAGCGACCGTCG-1-8,20221010-1_3,mrd12,N11,4.9120007,10.315248
AAACGAAGAACATACC-1-8,20221010-1_3,mrd12,N11,9.042492,6.566329
TGGCGATCAAGTTATG-1-8,20221010-1_3,mrd12,N11,7.0547338,8.496679
CGACACGCTCCGACAG-1-20,20221010-4_15,mrd12,N11,6.0131364,10.469735
GAACGTCTCATGGTCG-1-8,20221010-1_3,mrd12,N11,4.9604573,10.626475
GTTAAGTTAGAGTGGG-1-20,20221010-4_15,mrd12,N11,9.100147,7.07508
TAGAAACCACTAAGTA-1-8,20221010-1_3,mrd12,N11,7.0517435,7.2235584
GATCCTAAATCGGGAC-1-24,20230607-2_8,mrd12,N11,9.014375,6.9753
TCCGAGAAGGCTAAGC-1-20,20221010-4_15,mrd12,N11,9.486492,9.128509
ACCTCCGTTATTCACC-1-20,20221010-4_15,mrd12,N11,6.196398,7.120961
GGAATAACCTCAAGAA-1-20,20221010-4_15,mrd12,N11,10.169297,8.861602
GCCAAGAATACTTCTG-1-8,20221010-1_3,mrd12,N11,6.5895944,8.868749
CATGTAAGAGACATTT-1-20,20221010-4_15,mrd12,N11,8.100852,10.469573
GAAACAGATGACCACC-1-24,20230607-2_8,mrd12,N11,10.072568,6.770826
CTTGCCCAGGCTCTAC-1-8,20221010-1_3,mrd12,N11,8.947879,5.29246
GCTATCATACTCATGG-1-20,20221010-4_15,mrd12,N11,7.3121457,10.597346
CCGCCACCACAATCCA-1-8,20221010-1_3,mrd12,N11,6.089572,7.154553
CTTTAGTGCTATTATT-1-8,20221010-1_3,mrd12,N11,4.160996,8.829821
TTAGACACGATCGTTG-1-8,20221010-1_3,mrd12,N11,7.029133,8.721728
CGGTGGGCTCCAGCCT-1-24,20230607-2_8,mrd12,N11,10.158046,6.439808
GATGTAACGAACCACC-1-8,20221010-1_3,mrd12,N11,7.103821,4.9626327
TGGTCCCACGCTACGG-1-20,20221010-4_15,mrd12,N11,8.2593155,10.006674
TTCTTATCCGCTGGGT-1-20,20221010-4_15,mrd12,N11,10.146424,8.675804
CAAGTAAGTGATAGAC-1-24,20230607-2_8,mrd12,N11,10.854678,6.121314
AGTTCCTATTTATGTT-1-8,20221010-1_3,mrd12,N11,3.6622756,10.68402
TTCTTGGACGATCTGC-1-8,20221010-1_3,mrd12,N11,11.025507,5.514041
ACGAGATATTTGCTTA-1-8,20221010-1_3,mrd12,N11,8.002901,8.402844
ATCAGACGGCACGCCG-1-8,20221010-1_3,mrd12,N11,9.846104,4.2504983
ACTCCCTAATGCTAAA-1-24,20230607-2_8,mrd12,N11,9.2547455,7.391154
AATAAGTCCTCGAGAC-1-8,20221010-1_3,mrd12,N11,9.895491,6.330226
AGACCCACCGCTGATC-1-8,20221010-1_3,mrd12,N11,4.9214935,9.880049
CCAGTCTAGACGGCGC-1-8,20221010-1_3,mrd12,N11,7.549054,8.920423
ACATCTCAACGCGTAA-1-8,20221010-1_3,mrd12,N11,8.443928,6.1252995
CTGCTTGGCGATAGCT-1-8,20221010-1_3,mrd12,N11,6.2714324,8.910886
TACAGAAACGGTGGGC-1-20,20221010-4_15,mrd12,N11,9.875956,7.948267
CATTACATAGATTGTG-1-20,20221010-4_15,mrd12,N11,7.229864,5.631093
GCAGGTAGAGTATGGT-1-8,20221010-1_3,mrd12,N11,7.1355214,7.32585
TAATTAGGACATCCGT-1-20,20221010-4_15,mrd12,N11,9.39561,8.681375
GCTCGGAATTTAAAGC-1-8,20221010-1_3,mrd12,N11,9.028457,9.144037
CCATGCCCTAGATTTC-1-20,20221010-4_15,mrd12,N11,10.468687,9.229791
GTATTCTGAGAAACGA-1-8,20221010-1_3,mrd12,N11,10.143211,6.6882544
GTGTATATCAGCGGGC-1-20,20221010-4_15,mrd12,N11,11.012671,7.6270843
CAGAACTTAGCCCTCT-1-20,20221010-4_15,mrd12,N11,9.226526,9.5251
GCGCTGCTTTGCATTT-1-24,20230607-2_8,mrd12,N11,8.562021,8.294647
GTTAGAGTGTGCCGCT-1-8,20221010-1_3,mrd12,N11,7.2407255,6.915271
CAAATTGGATTATGCC-1-20,20221010-4_15,mrd12,N11,8.864786,7.5304112
GACACTGAGTTCAGTG-1-8,20221010-1_3,mrd12,N11,6.3902164,9.349234
GGGTCAGGAGCTAGAT-1-24,20230607-2_8,mrd12,N11,9.381484,5.9769874
GCTCATTACTGCATGT-1-8,20221010-1_3,mrd12,N11,7.985473,8.467427
GAGCTAAGGGCATATC-1-8,20221010-1_3,mrd12,N11,6.189565,9.17262
GCCACAATTTAAGGAC-1-8,20221010-1_3,mrd12,N11,8.234345,8.677777
ACGCTTAGTGTCTCTC-1-8,20221010-1_3,mrd12,N11,6.748107,6.072994
GCAACCACGGCCGCGT-1-8,20221010-1_3,mrd12,N11,3.9466872,10.93095
GGCAATAGTCAATGAG-1-8,20221010-1_3,mrd12,N11,4.852082,10.28078
AGTAACGTTCATCCTG-1-8,20221010-1_3,mrd12,N11,9.008174,7.7736077
AGCTCCTTCGCACATC-1-20,20221010-4_15,mrd12,N11,9.419423,9.277969
TCTAGCATGCCCAGAA-1-8,20221010-1_3,mrd12,N11,6.1778245,9.058324
TATCACCATGTAAAGT-1-8,20221010-1_3,mrd12,N11,8.101624,7.326446
TACCTTAAGATTTCCC-1-8,20221010-1_3,mrd12,N11,9.174764,7.9310203
CCGACTCGCATAGTCT-1-8,20221010-1_3,mrd12,N11,9.479319,6.980359
AGGATAAAGTCGGGAT-1-20,20221010-4_15,mrd12,N11,5.1103635,10.921806
GTCGTGTCTGGTCATC-1-20,20221010-4_15,mrd12,N11,6.402492,8.548949
GCCAGGAGTAACCGAT-1-8,20221010-1_3,mrd12,N11,7.284505,7.988023
TTCGTAATCCCAGCGG-1-8,20221010-1_3,mrd12,N11,8.935388,6.5470357
TGTACTGTGCCAAAGT-1-20,20221010-4_15,mrd12,N11,9.541243,8.526904
CATCTATCCCGTGTCT-1-24,20230607-2_8,mrd12,N11,10.567545,5.858618
GGACCAACAGGATAAC-1-8,20221010-1_3,mrd12,N11,8.860839,5.548035
TCGCTTTAAACGTTTG-1-8,20221010-1_3,mrd12,N11,7.484141,9.994498
ACAAATCGCACCGAAT-1-20,20221010-4_15,mrd12,N11,7.1323333,9.205836
ATAATAGCTGTTGAAT-1-8,20221010-1_3,mrd12,N11,9.196435,4.5747232
TGGCGACTGCTCCAAA-1-8,20221010-1_3,mrd12,N11,9.006174,5.0660424
GGAAGCTCGCTTACAG-1-8,20221010-1_3,mrd12,N11,6.9655576,6.3484073
TGTTCGTATTGCGGTG-1-8,20221010-1_3,mrd12,N11,9.812803,4.405116
TAGTTAAGATAGGATA-1-8,20221010-1_3,mrd12,N11,7.8923597,7.7852902
GCTCTTTCCGCTAGTG-1-24,20230607-2_8,mrd12,N11,8.462955,6.365426
GTGGTGGCCAAGTGAA-1-8,20221010-1_3,mrd12,N11,4.838624,10.475283
CAGGCGCCATGCTAGG-1-20,20221010-4_15,mrd12,N11,9.121293,7.1007166
CTGGCGCACAGGTCTG-1-24,20230607-2_8,mrd12,N11,8.4732,7.1563096
GCCATATTGCACACAG-1-8,20221010-1_3,mrd12,N11,8.857048,8.139732
TATGATAAATCTAACG-1-8,20221010-1_3,mrd12,N11,8.944267,6.964411
TATGTCAAGACCGACT-1-8,20221010-1_3,mrd12,N11,8.735167,7.8892083
TCCGCCTGTCTACAAG-1-24,20230607-2_8,mrd12,N11,9.966304,6.265586
ATTGACGTAACTCGGT-1-20,20221010-4_15,mrd12,N11,10.120885,8.659946
CCGAGGGATGTTAGGC-1-20,20221010-4_15,mrd12,N11,10.523012,9.579669
AGGAAGCTGTCCGCCG-1-24,20230607-2_8,mrd12,N11,9.481902,7.1635475
GTGATGCACAACATCT-1-24,20230607-2_8,mrd12,N11,9.647002,6.559255
ATTCTGAGTATGAACT-1-8,20221010-1_3,mrd12,N11,9.1788225,6.8603506
GTAGACAACCGATGAA-1-20,20221010-4_15,mrd12,N11,10.316219,8.669644
TGGCAAACTAAATTAC-1-20,20221010-4_15,mrd12,N11,3.6991346,8.592576
CTTAGCCTTCCACATG-1-8,20221010-1_3,mrd12,N11,5.1037617,9.9673605
GCTGCTAAGTAGTCGA-1-20,20221010-4_15,mrd12,N11,9.353143,7.708814
CTGCCTAGCCACCAAG-1-8,20221010-1_3,mrd12,N11,7.135342,8.384773
AACTGGTGTGGGCCTT-1-20,20221010-4_15,mrd12,N11,11.141286,7.4792156
GACCGTCAGGTCGTGA-1-8,20221010-1_3,mrd12,N11,7.58925,8.359876
TCGTCTTAGGCGTTAA-1-20,20221010-4_15,mrd12,N11,8.957805,9.671178
CCTGACCACCGATGGT-1-8,20221010-1_3,mrd12,N11,4.616311,10.134636
GCGCTTAAATAATTGG-1-20,20221010-4_15,mrd12,N11,8.966696,9.704647
TGCATATGTCTGTCAC-1-8,20221010-1_3,mrd12,N11,6.1697125,9.444067
GTGCTTACATCAGCGC-1-20,20221010-4_15,mrd12,N11,9.9233675,8.94404
TTGATGTGTAGTCCCG-1-8,20221010-1_3,mrd12,N11,8.887276,8.590472
GGGCGTCCACTGGCTC-1-8,20221010-1_3,mrd12,N11,6.745944,7.5226955
TCCTAGCAAAGAAGCT-1-8,20221010-1_3,mrd12,N11,9.257903,5.18094
GTAGCCAAACATGGGA-1-8,20221010-1_3,mrd12,N11,6.5741844,8.839878
AGCGCGGGTGCCAATG-1-8,20221010-1_3,mrd12,N11,7.666474,9.124965
AATGACAGCAATGTCT-1-8,20221010-1_3,mrd12,N11,9.350898,7.2732077
ACAGGCTTGCCCGACT-1-20,20221010-4_15,mrd12,N11,10.615918,7.960182
TATCGATCTATGCATA-1-8,20221010-1_3,mrd12,N11,8.61328,8.503314
ACCCAACGCCCGTGGC-1-8,20221010-1_3,mrd12,N11,2.9240954,10.670501
CACCCTAACAAGATCT-1-20,20221010-4_15,mrd12,N11,9.830278,8.840747
CAAGCGGCACATAATT-1-20,20221010-4_15,mrd12,N11,8.348711,9.955551
AGGCATTGTCGTAGGG-1-20,20221010-4_15,mrd12,N11,10.491085,8.187748
CAGCAGCCCGTTCCTT-1-8,20221010-1_3,mrd12,N11,7.713668,8.704842
AAGTTCACTCCAAGCT-1-20,20221010-4_15,mrd12,N11,8.147225,10.339768
CATATGTCAGGCTACG-1-8,20221010-1_3,mrd12,N11,6.7134323,6.705091
TGCGTTTGTTGACACT-1-8,20221010-1_3,mrd12,N11,4.423076,9.763081
ACTCTCTGACTTAGGT-1-8,20221010-1_3,mrd12,N11,4.777888,9.872877
CAAACTACGATAGAGA-1-8,20221010-1_3,mrd12,N11,8.143361,6.1481814
TCGCCGAAGTTGCGTC-1-8,20221010-1_3,mrd12,N11,9.489266,4.3489885
GTAGCGCTGTTGTAGT-1-20,20221010-4_15,mrd12,N11,10.6353655,8.130799
TGCCGTGGATCGTCCT-1-20,20221010-4_15,mrd12,N11,8.621966,8.433265
CGTTAGCTCACAACTG-1-8,20221010-1_3,mrd12,N11,9.456455,7.591338
CACAGGGCCGTTGTCA-1-24,20230607-2_8,mrd12,N11,8.566452,6.1328645
GACAGATTTCTGGCTC-1-8,20221010-1_3,mrd12,N11,6.642516,5.5094156
CGACGCATCCGTACCT-1-8,20221010-1_3,mrd12,N11,6.652709,8.506414
CGGAAAGAATCAAACG-1-8,20221010-1_3,mrd12,N11,8.762584,6.450003
GCGCTAAGTATGCATG-1-8,20221010-1_3,mrd12,N11,9.861948,6.929167
GACTAACACAGCACCT-1-8,20221010-1_3,mrd12,N11,10.178088,5.1006794
ACCAACGCTTATTTAT-1-20,20221010-4_15,mrd12,N11,6.7234335,9.618014
CCTATAATGAGTGCCC-1-24,20230607-2_8,mrd12,N11,7.589677,8.190896
CGGTTGGGTTCAAGTT-1-8,20221010-1_3,mrd12,N11,8.636049,7.4963865
AGGGAGACATACTTCG-1-20,20221010-4_15,mrd12,N11,5.9732633,5.84194
TTGACTATTGTCCGGC-1-20,20221010-4_15,mrd12,N11,6.81077,9.599445
AGAAGTGATTCGTGAT-1-8,20221010-1_3,mrd12,N11,7.438026,7.5478883
AGTATTTGGCACGACC-1-8,20221010-1_3,mrd12,N11,9.471417,3.829581
AATTTGGGACATAGTA-1-8,20221010-1_3,mrd12,N11,9.172143,7.7780433
CTAACTGGTCCGGTTC-1-8,20221010-1_3,mrd12,N11,10.229919,4.736587
CCGTATCTCGTCGTAG-1-8,20221010-1_3,mrd12,N11,11.75623,5.773642
GGATTAAGCTAAGGTC-1-8,20221010-1_3,mrd12,N11,8.983649,7.8970695
ATACAGGCCCTCCAAT-1-20,20221010-4_15,mrd12,N11,8.8227415,9.769308
ACTTCAGGCTGATCCC-1-24,20230607-2_8,mrd12,N11,10.0868225,7.0524077
AGCCTAATACCCACGT-1-8,20221010-1_3,mrd12,N11,10.839402,7.783526
AGCTTGATCTTAACTT-1-8,20221010-1_3,mrd12,N11,6.852136,6.7182975
GATCCTCTTGCGCTTA-1-8,20221010-1_3,mrd12,N11,7.982739,6.5245895
AGCTCTTCCCAGTGCA-1-8,20221010-1_3,mrd12,N11,7.2080655,10.025561
CGTAACTTCGACACTT-1-24,20230607-2_8,mrd12,N11,9.010849,6.7789254
AGCCCGCAACAAGCAG-1-24,20230607-2_8,mrd12,N11,10.97821,6.3410077
TCTTCGATACCAATAA-1-8,20221010-1_3,mrd12,N11,3.7774594,10.501394
TTCCACATTTCTCGTC-1-8,20221010-1_3,mrd12,N11,7.2050343,6.5072803
CCTGGTCGAATGTGGG-1-24,20230607-2_8,mrd12,N11,9.878003,6.585041
TCTTTAGCAGGCGAAC-1-20,20221010-4_15,mrd12,N11,7.6215506,6.044377
CCGCTTGCTGACATGG-1-20,20221010-4_15,mrd12,N11,6.583072,5.629871
AAAGTAGCATTGCTCA-1-8,20221010-1_3,mrd12,N11,7.2642574,10.572797
TATCTACCACAGCGGG-1-8,20221010-1_3,mrd12,N11,4.9965925,10.011841
AGTTACCGCACATGGT-1-8,20221010-1_3,mrd12,N11,7.7654533,9.044012
AGTCGTGGGCATTACG-1-8,20221010-1_3,mrd12,N11,11.938688,5.645657
GAAATTGTCTCTATAA-1-8,20221010-1_3,mrd12,N11,6.0015388,9.473594
GTTAAAGTAGGACTGG-1-8,20221010-1_3,mrd12,N11,6.203144,9.182398
GTCGTTATTCGCTTAT-1-8,20221010-1_3,mrd12,N11,5.2735114,9.733995
ACCGATGGTAGCATCG-1-24,20230607-2_8,mrd12,N11,9.032831,5.29886
CTGGGCGGCCAAATGT-1-8,20221010-1_3,mrd12,N11,4.8557343,7.5726314
CTATTTGGTTACGGAT-1-8,20221010-1_3,mrd12,N11,3.620845,10.552008
TCAGGGTGCACGAAAC-1-8,20221010-1_3,mrd12,N11,9.953432,6.9009633
TAAGTAACATCTTGAC-1-8,20221010-1_3,mrd12,N11,9.503031,4.129226
CATTTGAGTGGTACGT-1-20,20221010-4_15,mrd12,N11,5.1102333,10.955742
TAAGTCGCCGAGTATC-1-8,20221010-1_3,mrd12,N11,6.4418173,5.70294
CTAGGTTCGGACGTGA-1-24,20230607-2_8,mrd12,N11,9.426485,6.019367
TTCGGGCGCTAGTCTT-1-8,20221010-1_3,mrd12,N11,7.3524547,8.520703
ATCAAACGAAGGTTTG-1-8,20221010-1_3,mrd12,N11,10.764839,5.003177
GTGGCAAACAGCGGCA-1-8,20221010-1_3,mrd12,N11,9.33659,5.873164
CGTCACGTCCATTGGT-1-8,20221010-1_3,mrd12,N11,9.409821,4.5410676
GGTGTTCTGTTTCTAC-1-8,20221010-1_3,mrd12,N11,9.039079,6.589025
TCCTCCTAAGACATTC-1-8,20221010-1_3,mrd12,N11,6.0815997,10.978996
AAATTACACGACTCTG-1-8,20221010-1_3,mrd12,N11,6.713356,7.9223924
GGATCTTGACTCAACC-1-8,20221010-1_3,mrd12,N11,8.105056,5.941639
CCCTGGTATGGGCGGC-1-8,20221010-1_3,mrd12,N11,8.52737,7.42986
GCGAGAGTTGCGTCCA-1-20,20221010-4_15,mrd12,N11,10.226037,9.36514
AGCTCTAGACGTTCCA-1-8,20221010-1_3,mrd12,N11,5.036229,10.381148
GCTGGCGGCGCATGCT-1-20,20221010-4_15,mrd12,N11,4.720135,10.739773
ATTCACTGATGTTGGA-1-20,20221010-4_15,mrd12,N11,6.4609437,11.031291
ATCCTGCTGCAGATAG-1-20,20221010-4_15,mrd12,N11,9.618056,8.773603
CGGAGCTTATAACACC-1-8,20221010-1_3,mrd12,N11,8.649743,6.5445952
GACGACGATCCGCGTT-1-20,20221010-4_15,mrd12,N11,5.3981833,10.96151
CCTCGCGCTGTGCGAT-1-8,20221010-1_3,mrd12,N11,6.600043,8.583972
GACTGCAAATCGAGCT-1-20,20221010-4_15,mrd12,N11,10.559042,9.55256
GTTTCTGCAGTCTCCC-1-8,20221010-1_3,mrd12,N11,6.2743535,9.218713
TGACTATAATCCTTTC-1-8,20221010-1_3,mrd12,N11,4.7408166,10.623426
CGCATCATGGCTTCAG-1-8,20221010-1_3,mrd12,N11,8.742591,7.2474484
TTGGTATGGCTTGTGT-1-20,20221010-4_15,mrd12,N11,9.101795,7.317031
TTACCCATTGCCGGGT-1-8,20221010-1_3,mrd12,N11,3.4984512,11.575643
TACGACGCTTGCTGCG-1-20,20221010-4_15,mrd12,N11,5.0262647,8.512759
CATATAGGTACAGTCA-1-8,20221010-1_3,mrd12,N11,4.5670786,10.643673
GCGCGTTTAAATCGTA-1-24,20230607-2_8,mrd12,N11,9.483524,7.9336667
TACTCTCCGAACAAAT-1-8,20221010-1_3,mrd12,N11,7.52297,8.042738
GTGCCCGTTCGGATTC-1-8,20221010-1_3,mrd12,N11,4.033755,10.011801
AGATCGTGCATAAGAT-1-24,20230607-2_8,mrd12,N11,9.083237,8.015239
GCTGCACGGTTTCTTA-1-8,20221010-1_3,mrd12,N11,6.360366,8.855017
GTGCGGGACCATCGGC-1-20,20221010-4_15,mrd12,N11,5.7050147,4.91557
AAATCGTGTACCACAA-1-8,20221010-1_3,mrd12,N11,7.062005,8.3089075
CACCGCCGACCAGCGA-1-8,20221010-1_3,mrd12,N11,8.13482,7.145432
TTGCCGGTGATCCCTC-1-8,20221010-1_3,mrd12,N11,8.667306,8.186799
GTGGGAACAAACCGGG-1-24,20230607-2_8,mrd12,N11,8.525861,6.4866314
GCACGCCTACTTAGAT-1-8,20221010-1_3,mrd12,N11,6.864058,8.488267
TGTATAACAGATCCTG-1-8,20221010-1_3,mrd12,N11,3.7068741,11.044878
TAGGCATGTTACGCCA-1-8,20221010-1_3,mrd12,N11,7.9282885,8.816441
GTGTATGACTTTAAAG-1-20,20221010-4_15,mrd12,N11,8.6302,7.6499443
ACAAGGAAATCCGCCC-1-20,20221010-4_15,mrd12,N11,9.781286,7.8982725
TTACGGATGGTTCGAG-1-24,20230607-2_8,mrd12,N11,9.967492,6.47256
GATGTCCGGATCACAT-1-20,20221010-4_15,mrd12,N11,9.816348,7.909925
GCGAGGGACTGCTAGA-1-24,20230607-2_8,mrd12,N11,9.580961,8.015982
ACAATTGTGTCTCTTT-1-20,20221010-4_15,mrd12,N11,10.260869,8.199797
TCACGATGTCCGTGGA-1-8,20221010-1_3,mrd12,N11,11.234798,7.2971883
GAGTAGATACTAGTTG-1-24,20230607-2_8,mrd12,N11,9.1037655,6.8696504
ACGGCACTTGCTTGGG-1-20,20221010-4_15,mrd12,N11,4.7060933,10.028817
CTTCAACTCCACTTGG-1-20,20221010-4_15,mrd12,N11,8.997603,9.7296295
TGGCAGATTACGATCA-1-8,20221010-1_3,mrd12,N11,7.0531163,8.58161
TGCAGAACTATATCGT-1-8,20221010-1_3,mrd12,N11,5.3419094,6.6329217
CGCCCAGCACGCCTAG-1-8,20221010-1_3,mrd12,N11,9.422295,4.149627
ACTCAAGTGCAAGGCT-1-20,20221010-4_15,mrd12,N11,9.3054495,9.617347
GCAGATCCATAAGACT-1-20,20221010-4_15,mrd12,N11,5.9638133,10.837726
CCTCTATCGATTAGCA-1-8,20221010-1_3,mrd12,N11,11.06954,7.650678
AGCGCTTATGGGCAAG-1-8,20221010-1_3,mrd12,N11,8.056142,8.013113
CAATGGATCTCTACCA-1-8,20221010-1_3,mrd12,N11,6.927085,9.965205
GAATCTGAACATTCTC-1-8,20221010-1_3,mrd12,N11,4.455211,10.418906
TTGTGAGGCATGACGC-1-8,20221010-1_3,mrd12,N11,7.6890516,8.192344
CATCATTACCCTGAGG-1-20,20221010-4_15,mrd12,N11,9.546699,8.838714
TTACTCTGGTACGTAC-1-8,20221010-1_3,mrd12,N11,5.7451653,9.628054
GGTTCCACCCGCTTCT-1-8,20221010-1_3,mrd12,N11,9.209869,7.205514
ACATCGGTCAGCCGCG-1-8,20221010-1_3,mrd12,N11,4.792861,9.820625
GGTCTCTGAATGGACT-1-8,20221010-1_3,mrd12,N11,11.169501,6.5209036
ATGTGAAAGCCTAATG-1-8,20221010-1_3,mrd12,N11,3.8119838,8.901979
AAACGAAGAACATACC-1-20,20221010-4_15,mrd12,N11,10.34708,8.813343
GAGATCTTCCATGACA-1-8,20221010-1_3,mrd12,N11,3.918075,9.925772
TCCGTTTAGCCTTGAA-1-8,20221010-1_3,mrd12,N11,4.080265,10.400107
TTAACGAACAAGCAGT-1-20,20221010-4_15,mrd12,N11,6.414902,5.372651
TCGTTGCTATCCGGTC-1-8,20221010-1_3,mrd12,N11,8.427911,6.6289825
GTTTGGGCTTGTGAGC-1-20,20221010-4_15,mrd12,N11,6.8411827,10.778047
AAACAGCTTTCAGAAG-1-8,20221010-1_3,mrd12,N11,6.86211,8.559378
ATTTACTAAGTCCATT-1-20,20221010-4_15,mrd12,N11,6.1520667,7.3285046
GATACGATGGGAGTCA-1-8,20221010-1_3,mrd12,N11,6.801908,8.765854
GGTGTAGGTAAGTAAA-1-24,20230607-2_8,mrd12,N11,9.538526,6.559453
TATTGACATTTCTGCC-1-20,20221010-4_15,mrd12,N11,5.977756,4.9225726
CATCCTCTCAAAGATC-1-20,20221010-4_15,mrd12,N11,10.387903,8.0665045
CTAGACTGCATTTCGT-1-24,20230607-2_8,mrd12,N11,11.267405,6.579458
GCCTCTATACATAGCA-1-24,20230607-2_8,mrd12,N11,9.712676,6.5987973
GCATTCAAGGCAACGC-1-20,20221010-4_15,mrd12,N11,8.201457,6.684847
CAGTACCAGTTTACGT-1-8,20221010-1_3,mrd12,N11,7.619283,6.7599764
ATCATCTGCCCAGTGT-1-8,20221010-1_3,mrd12,N11,8.717621,7.092357
TAGCTGATGTGAAGCG-1-8,20221010-1_3,mrd12,N11,6.0504775,8.661949
TATTCCGAGCTGTTAT-1-20,20221010-4_15,mrd12,N11,11.691957,6.8406143
AACACACGCTCGCCGC-1-20,20221010-4_15,mrd12,N11,8.538927,9.827372
CCGCCTGCGAATTGGT-1-24,20230607-2_8,mrd12,N11,9.080449,7.100555
AGGTACGATATTGCCA-1-8,20221010-1_3,mrd12,N11,7.3164144,8.360976
GGATGTCCTTACCGCA-1-24,20230607-2_8,mrd12,N11,9.53892,6.300699
CATTGCAAAGCATAAT-1-8,20221010-1_3,mrd12,N11,9.312904,5.8616557
GGCATATCGGTTCTGC-1-8,20221010-1_3,mrd12,N11,4.0929594,11.240959
CTGCCCACGAAGCGTT-1-8,20221010-1_3,mrd12,N11,6.941159,8.455094
CAGTTCGAGGACCCGA-1-24,20230607-2_8,mrd12,N11,8.62774,6.6444435
ACTTCAGGCTGATCCC-1-8,20221010-1_3,mrd12,N11,9.07384,4.7585745
CTTTACCGAATAGTAG-1-8,20221010-1_3,mrd12,N11,6.417807,9.029503
ATGACGCGTTCTATCC-1-8,20221010-1_3,mrd12,N11,11.081734,3.7734315
GAATATTCGGAGTCCC-1-8,20221010-1_3,mrd12,N11,7.6218176,8.461095
TTCTGCGGGTTAGCGG-1-8,20221010-1_3,mrd12,N11,3.1839771,10.377835
GCAACCACCAGACCGG-1-8,20221010-1_3,mrd12,N11,6.9012847,9.188951
CAAGCGGCACATAATT-1-8,20221010-1_3,mrd12,N11,6.5097675,9.092372
TCAATACGCCGTCATG-1-24,20230607-2_8,mrd12,N11,8.969836,6.1271105
ACGGATGGTGCGGATA-1-20,20221010-4_15,mrd12,N11,6.719925,10.670058
CACACAGCTTGCGCTC-1-20,20221010-4_15,mrd12,N11,11.093114,5.7111063
ATTACAACTACCGGCC-1-8,20221010-1_3,mrd12,N11,9.248257,6.6098433
TCTGATGTATTCTGTC-1-20,20221010-4_15,mrd12,N11,5.83167,11.020996
CAGATACTAACATAGT-1-8,20221010-1_3,mrd12,N11,9.695694,8.508907
AATCTGGCTTTCTAGT-1-8,20221010-1_3,mrd12,N11,10.363147,5.4423943
ACAAATCGCACCGAAT-1-24,20230607-2_8,mrd12,N11,10.245613,7.654183
CCCAACATACGTCGCG-1-8,20221010-1_3,mrd12,N11,8.971391,5.1670175
TACCGTGCCTCGGACC-1-8,20221010-1_3,mrd12,N11,6.784889,8.830368
CTGCTTGGCGATAGCT-1-20,20221010-4_15,mrd12,N11,10.188488,8.948503
TTGTGTTTCCCGAAAG-1-8,20221010-1_3,mrd12,N11,9.041726,4.1733904
CAGCTGGCGTAACCGT-1-8,20221010-1_3,mrd12,N11,4.1406484,11.310941
TGTTGTCAAGAAGTCT-1-8,20221010-1_3,mrd12,N11,5.0089264,9.902375
CAAACGTGGTCTTGCG-1-8,20221010-1_3,mrd12,N11,6.6566863,6.1526527
CAGTAGCCCACGCGGT-1-8,20221010-1_3,mrd12,N11,7.8255687,9.321978
AAATAACCATACGGGA-1-8,20221010-1_3,mrd12,N11,6.8829775,9.539641
GTGAACTCCCATTCGA-1-20,20221010-4_15,mrd12,N11,6.428265,5.385464
TGGTTCAACGGGTAAT-1-8,20221010-1_3,mrd12,N11,5.770983,9.238106
CATAATGAGCGGGCGA-1-20,20221010-4_15,mrd12,N11,9.9585,8.662609
AGACGACGATGCCGCT-1-8,20221010-1_3,mrd12,N11,11.072205,5.622295
CGCCTTTAGCATGCTC-1-20,20221010-4_15,mrd12,N11,11.107887,7.6248956
TCACCCTCTTAAGATT-1-8,20221010-1_3,mrd12,N11,3.9310565,10.497942
CGGACGTTACTTGAAG-1-8,20221010-1_3,mrd12,N11,5.3158007,9.557228
CAATATTCTTGACCTA-1-8,20221010-1_3,mrd12,N11,6.8727403,8.725527
GTCCAATATTTAGCCT-1-24,20230607-2_8,mrd12,N11,9.399929,6.810282
CGCTTATTCCCGGTCG-1-8,20221010-1_3,mrd12,N11,6.2656765,8.830847
CGAATTACATGGTGTT-1-8,20221010-1_3,mrd12,N11,9.324623,7.1922975
CCTGAACGATATATTC-1-8,20221010-1_3,mrd12,N11,7.2568398,9.179069
CATTGCGGGTCAATTC-1-20,20221010-4_15,mrd12,N11,6.494409,5.4365163
ATGCCGGTTGATGGGA-1-8,20221010-1_3,mrd12,N11,5.124439,10.165
TTCTTCGCAATAGAGC-1-24,20230607-2_8,mrd12,N11,8.040307,8.544054
TCAACGAGGAGACAAA-1-8,20221010-1_3,mrd12,N11,3.5275643,8.4465685
GGTGGACTGCTCTGGC-1-20,20221010-4_15,mrd12,N11,8.19902,10.3389015
TAAAGGAGAAACTAGT-1-8,20221010-1_3,mrd12,N11,9.067455,6.2037387
CCACAATGTACGTCTT-1-8,20221010-1_3,mrd12,N11,6.1552167,10.135414
ACAGAACTGAGAACAA-1-8,20221010-1_3,mrd12,N11,6.4764185,5.5982947
ATACGTACTTAGCCAC-1-20,20221010-4_15,mrd12,N11,8.537905,9.986429
ATAAAGGTCAAGTACG-1-8,20221010-1_3,mrd12,N11,8.437144,6.5563283
ACTTTACCCTCATGAA-1-20,20221010-4_15,mrd12,N11,7.797258,8.093553
ACGAGGATACCACTCT-1-8,20221010-1_3,mrd12,N11,10.916058,6.506216
TTCTTGAGCCGCGCTA-1-8,20221010-1_3,mrd12,N11,9.090675,4.9098153
TCTACACGTTCATGCA-1-8,20221010-1_3,mrd12,N11,9.143529,6.8242483
AATCTATGCCGGAGCC-1-20,20221010-4_15,mrd12,N11,4.8847575,10.671825
AACGCGACCTTGGGCG-1-24,20230607-2_8,mrd12,N11,10.76574,6.632553
TACGCCATATTCTAAT-1-8,20221010-1_3,mrd12,N11,5.6756887,9.435008
AATAACACTAGAACAA-1-8,20221010-1_3,mrd12,N11,8.207934,7.7894363
TTCTATTAAACGCAGC-1-24,20230607-2_8,mrd12,N11,10.878355,6.1021457
TGGTCGTGCAAGGCAA-1-8,20221010-1_3,mrd12,N11,8.195084,6.6753516
GCTCCCAGTCGGTCCA-1-19,20221010-4_14,mrd7,N11,10.987414,7.851599
CGGCTTTGTATGATAA-1-19,20221010-4_14,mrd7,N11,6.6486382,5.6746345
ACAATCCATTTAAACC-1-7,20221010-1_2,mrd7,N11,8.804744,6.181814
TCTGGGTAGCGCTCAT-1-7,20221010-1_2,mrd7,N11,11.066618,5.7199297
CGCAATTACTTTCGGT-1-7,20221010-1_2,mrd7,N11,10.558942,6.058127
TATCCAATTGGTTATC-1-7,20221010-1_2,mrd7,N11,11.534676,7.0112495
ATCCACGCTAAATGTT-1-7,20221010-1_2,mrd7,N11,9.8484,6.8394246
ACCAAACTAGAAATCC-1-19,20221010-4_14,mrd7,N11,11.946302,4.7307386
AATTATACCCAGCAAG-1-19,20221010-4_14,mrd7,N11,12.355263,6.707593
TTGTGTATGCCACCAA-1-7,20221010-1_2,mrd7,N11,10.7886915,6.275797
ACTTGCCATATTGTAC-1-19,20221010-4_14,mrd7,N11,12.146138,6.648947
TATACGCGTCATCACT-1-7,20221010-1_2,mrd7,N11,11.396455,6.11858
CTCGTTTCTAATGTTT-1-19,20221010-4_14,mrd7,N11,10.958994,5.2632594
GCGGGAACCAGGCCCT-1-19,20221010-4_14,mrd7,N11,6.683189,6.223143
ATCGCCAGTCAACATT-1-19,20221010-4_14,mrd7,N11,10.909609,8.027773
GAAACCTATACAAATG-1-7,20221010-1_2,mrd7,N11,10.291399,5.9363513
ATACTGCCTTACACCG-1-7,20221010-1_2,mrd7,N11,10.28581,6.571398
GGATTAAGCTAAGGTC-1-7,20221010-1_2,mrd7,N11,11.541294,3.7562916
AGGGACCGGCTGCGTT-1-19,20221010-4_14,mrd7,N11,12.2432575,6.7048683
GTGGTTTCCGCCTTTC-1-7,20221010-1_2,mrd7,N11,10.837945,6.232594
AGTCGGCCCAAACGAC-1-19,20221010-4_14,mrd7,N11,9.213569,7.394931
ACTCTCTTATACACGA-1-7,20221010-1_2,mrd7,N11,10.221031,8.129968
ACATCTCAACGCGTAA-1-7,20221010-1_2,mrd7,N11,10.400206,5.6234245
TAATTAGGACATCCGT-1-19,20221010-4_14,mrd7,N11,10.810079,7.910108
GCCGTGGAAGAAATGT-1-19,20221010-4_14,mrd7,N11,12.945332,7.32504
ATAAGTAGGGCGACTC-1-19,20221010-4_14,mrd7,N11,8.739612,5.8032966
TGGTATCGCATCCCAA-1-19,20221010-4_14,mrd7,N11,9.17415,5.9963627
CATGTGGGCTCATCAC-1-19,20221010-4_14,mrd7,N11,12.117931,6.1476893
GCACTAGTCGCGCTAT-1-19,20221010-4_14,mrd7,N11,10.111983,6.731703
CCGACTCGCATAGTCT-1-19,20221010-4_14,mrd7,N11,10.672951,8.873528
CTAGTTACAACCCGGT-1-7,20221010-1_2,mrd7,N11,10.459232,6.3009815
TATTCCTCCGCCCACT-1-7,20221010-1_2,mrd7,N11,8.653066,5.264772
AAGTTCAGTCTGCGTA-1-19,20221010-4_14,mrd7,N11,7.220873,9.878368
ATCTTATCGCACACCC-1-19,20221010-4_14,mrd7,N11,12.297063,5.6514845
CGTGACATTGGGTCGT-1-7,20221010-1_2,mrd7,N11,10.279997,6.7827125
GGTCAAGACTACTTCG-1-19,20221010-4_14,mrd7,N11,11.671681,5.482669
TCCCACGGAGGGAGCT-1-7,20221010-1_2,mrd7,N11,11.436801,4.488255
TTGCTCATAGTACGTG-1-19,20221010-4_14,mrd7,N11,12.168895,6.8493586
CTTCTATGTTGAAGTA-1-7,20221010-1_2,mrd7,N11,11.160721,5.413097
AGCCCATACATGTAAG-1-7,20221010-1_2,mrd7,N11,11.626342,4.5712447
GATGGTGCCCTAGGCA-1-7,20221010-1_2,mrd7,N11,10.677054,7.213341
GCCCGCGCGTTTGACA-1-19,20221010-4_14,mrd7,N11,8.747322,7.174393
TGCCTAATTGAAGATT-1-19,20221010-4_14,mrd7,N11,11.422894,3.8058133
CAAACGTGGTCTTGCG-1-7,20221010-1_2,mrd7,N11,10.617402,5.6998115
ATTTAACTCGTATTAC-1-19,20221010-4_14,mrd7,N11,9.736708,6.688836
GTGCCGCTTCAAAGGT-1-7,20221010-1_2,mrd7,N11,11.152746,6.152075
TATTCCACTCAGCTCG-1-7,20221010-1_2,mrd7,N11,9.895176,6.1351743
TGGAGCTAAAGTTCCC-1-19,20221010-4_14,mrd7,N11,8.353203,6.6108923
TTCCACATTTCTCGTC-1-7,20221010-1_2,mrd7,N11,11.098937,4.3436847
CCGTGGAACGATCCAA-1-19,20221010-4_14,mrd7,N11,10.825381,4.445015
AATAGAACAGAGTGGC-1-7,20221010-1_2,mrd7,N11,10.671308,6.609729
AATTGCAGCAATCGAC-1-19,20221010-4_14,mrd7,N11,12.576547,5.3590474
TAGAATAGCCGATGAA-1-19,20221010-4_14,mrd7,N11,12.930037,7.1979775
GACCGACGTGAAAGCA-1-19,20221010-4_14,mrd7,N11,12.265633,6.5196767
AGCAAAGGCCGCTAGT-1-7,20221010-1_2,mrd7,N11,11.570196,5.9378953
GATGTCGGTCAACTGC-1-7,20221010-1_2,mrd7,N11,9.41317,6.187615
CGTTGAATACCGCGCT-1-7,20221010-1_2,mrd7,N11,10.703812,6.193857
TATCACAGCACGGGCA-1-19,20221010-4_14,mrd7,N11,11.55703,3.99214
GCAGCCTATATCACAT-1-19,20221010-4_14,mrd7,N11,12.387075,4.732614
GGACTCTTTGACTAAG-1-19,20221010-4_14,mrd7,N11,11.925748,7.0895066
AAGCCGAAGCGGTTTA-1-19,20221010-4_14,mrd7,N11,9.047186,7.1674614
ACGCATACGTTTACTA-1-19,20221010-4_14,mrd7,N11,8.552053,5.34664
CTCCTTTACGCAAGTC-1-19,20221010-4_14,mrd7,N11,12.391187,4.610956
CAACTCCTTGATCCCG-1-19,20221010-4_14,mrd7,N11,8.497188,6.2870245
CCCAACCACACTAACA-1-7,20221010-1_2,mrd7,N11,10.548845,7.483359
CCGGGTTCGAGGTTAC-1-7,20221010-1_2,mrd7,N11,10.808565,6.4117303
TACTTAAACATGTACA-1-19,20221010-4_14,mrd7,N11,12.44058,7.1337132
ACAGGCACGGATCCTT-1-19,20221010-4_14,mrd7,N11,10.297155,6.408425
AGTGTGGTCTATTGTG-1-7,20221010-1_2,mrd7,N11,11.242507,6.1317697
CGCAAACACGAGTTAC-1-19,20221010-4_14,mrd7,N11,9.295051,7.176448
CATGGTTTATTAATCA-1-19,20221010-4_14,mrd7,N11,11.340852,7.424629
TTGTTAGCAAATTCGA-1-19,20221010-4_14,mrd7,N11,10.659544,7.7960157
GAGACTTCGCGACCGA-1-7,20221010-1_2,mrd7,N11,11.261969,6.469407
CATTACGCAGGAAGGG-1-19,20221010-4_14,mrd7,N11,8.170728,5.278169
AGCGCATAATGAATCG-1-7,20221010-1_2,mrd7,N11,11.053927,6.1695313
CTCACTTGGCTGGTAA-1-7,20221010-1_2,mrd7,N11,11.562035,4.6149592
ACCACAACTCAGAACA-1-7,20221010-1_2,mrd7,N11,10.220359,6.825289
CAAGTGAACTTTGGTT-1-19,20221010-4_14,mrd7,N11,11.093355,7.5621724
TTCCGGTATCTGTGTC-1-19,20221010-4_14,mrd7,N11,12.301211,6.224159
AAATCTAGCCCTGCTA-1-19,20221010-4_14,mrd7,N11,9.72543,6.206409
GGATGGCTTGAAGTAT-1-19,20221010-4_14,mrd7,N11,12.74449,7.3074646
TTCGTTCAACGAAGTT-1-19,20221010-4_14,mrd7,N11,9.858803,6.2262845
GTCTGGGCGGTCGAGA-1-7,20221010-1_2,mrd7,N11,11.894715,6.8928576
GTACTCCCTTATCGCT-1-7,20221010-1_2,mrd7,N11,10.369462,5.8008075
CAGAGACGGTCACCCA-1-7,20221010-1_2,mrd7,N11,11.425338,6.1084604
CATACTTAGGCAATAC-1-19,20221010-4_14,mrd7,N11,12.094767,6.558216
CGCTGTGACGCCGCAC-1-19,20221010-4_14,mrd7,N11,7.296336,8.452581
TACCAATAAAGTACCA-1-7,20221010-1_2,mrd7,N11,9.992812,6.110103
CAGCGATTCCCTTCAA-1-7,20221010-1_2,mrd7,N11,10.992472,6.6132708
TGGAGTGATGCGATGA-1-19,20221010-4_14,mrd7,N11,9.839198,8.99107
TGAATGTCAGCCGGCC-1-19,20221010-4_14,mrd7,N11,9.236464,6.9530377
GGTAAATGTGCGTTAC-1-7,20221010-1_2,mrd7,N11,9.367778,5.7745166
TGCTTCCCAAGCAGTA-1-7,20221010-1_2,mrd7,N11,10.721572,5.797342
ACGGCCAACATGGACT-1-7,20221010-1_2,mrd7,N11,10.975708,6.2009187
ATTCTCGTCTCTTTAG-1-19,20221010-4_14,mrd7,N11,8.944735,5.927633
CCGAAGTATATTGTTC-1-7,20221010-1_2,mrd7,N11,9.15528,5.431368
TTAGAAGAACATGACT-1-7,20221010-1_2,mrd7,N11,9.500141,6.2082443
ACTTTACCCTCATGAA-1-19,20221010-4_14,mrd7,N11,12.447775,6.200537
CTGTAGCCATCTCACT-1-7,20221010-1_2,mrd7,N11,10.917956,6.186509
CTGGTCCTAACTTGGC-1-19,20221010-4_14,mrd7,N11,8.448357,6.0100636
AGAAGTGATTCGTGAT-1-7,20221010-1_2,mrd7,N11,11.067972,5.7184653
GAGGAATGGAGAGGTT-1-19,20221010-4_14,mrd7,N11,10.867903,8.105221
CCGAGAAGTCGCATAA-1-19,20221010-4_14,mrd7,N11,9.929892,6.7203565
CGTTTGTGTAGAGGGT-1-7,20221010-1_2,mrd7,N11,11.005089,4.198824
CGAGCGTTGATCAGCC-1-19,20221010-4_14,mrd7,N11,8.732183,8.6612
TCAGCCAATCCGTAAA-1-19,20221010-4_14,mrd7,N11,11.205201,6.9259853
GCCTCCGACAATTCAC-1-19,20221010-4_14,mrd7,N11,12.152761,7.068738
ACTAGTTGCGATCGTC-1-19,20221010-4_14,mrd7,N11,8.93757,6.9750824
CTACGAACTAGGTCGA-1-7,20221010-1_2,mrd7,N11,11.196895,5.077997
GTTGGTCATGCTATCC-1-7,20221010-1_2,mrd7,N11,10.890014,6.0997314
ACACCTTACTACTTGC-1-19,20221010-4_14,mrd7,N11,12.629611,7.1348224
GTTAACTATGTTGTCA-1-19,20221010-4_14,mrd7,N11,11.060333,7.807696
GAATAGCATTTAGGGT-1-19,20221010-4_14,mrd7,N11,12.00797,5.4841776
ATCCTGAATCGCTGCG-1-7,20221010-1_2,mrd7,N11,10.915086,5.1912107
TAGCGTCCGGTGTGGT-1-7,20221010-1_2,mrd7,N11,11.998363,7.3404155
AGGATATCCGACTGCA-1-19,20221010-4_14,mrd7,N11,12.830437,6.833032
GAGCCACGGTAGTAGG-1-19,20221010-4_14,mrd7,N11,10.575735,6.4558587
TTGGCCAAATTGTATC-1-19,20221010-4_14,mrd7,N11,8.672613,5.399126
AGGAAGCTGTCCGCCG-1-7,20221010-1_2,mrd7,N11,10.710672,6.965705
TCGCTCGGCACCAGCG-1-19,20221010-4_14,mrd7,N11,12.20731,6.021852
GCCCGATCTGTGGTCG-1-7,20221010-1_2,mrd7,N11,8.823831,6.0361786
TCACAGGAGAATAAGA-1-7,20221010-1_2,mrd7,N11,10.946978,6.0962205
ATAGCAACTAGGGAAG-1-19,20221010-4_14,mrd7,N11,12.598222,7.577842
TAGAAACCACTAAGTA-1-7,20221010-1_2,mrd7,N11,9.356726,8.805082
TTCTTGCTAGCATCTC-1-19,20221010-4_14,mrd7,N11,10.43106,7.8017306
TACTCTTACTTTACTG-1-19,20221010-4_14,mrd7,N11,12.239822,5.321436
GAGGATAAACAGTGCT-1-19,20221010-4_14,mrd7,N11,12.806964,7.1500444
CGGGAATATAGTATAC-1-19,20221010-4_14,mrd7,N11,4.589199,8.338484
CACACACGCTAACGAG-1-19,20221010-4_14,mrd7,N11,11.642226,5.385813
GTCCGGACCTGAAATT-1-7,20221010-1_2,mrd7,N11,9.857696,6.3243365
GAAATTCACATCGCTG-1-19,20221010-4_14,mrd7,N11,9.422737,6.269719
CCGCCACCACAATCCA-1-7,20221010-1_2,mrd7,N11,10.053893,7.7002206
ACTTGTGGATGGAACG-1-19,20221010-4_14,mrd7,N11,11.524863,4.4096217
GTTCGCTGAGACGTCT-1-19,20221010-4_14,mrd7,N11,10.810314,3.8438373
CAGAGTGATTTAACGT-1-7,20221010-1_2,mrd7,N11,9.588697,8.6995735
ACGTTCTGTACAAGTC-1-19,20221010-4_14,mrd7,N11,12.119353,6.896922
GGTCGGTCGTCCACAG-1-7,20221010-1_2,mrd7,N11,11.369314,5.7526484
AGGCAGGGAGCGTACT-1-7,20221010-1_2,mrd7,N11,11.555052,4.993453
TTCCAGACGAGATTTA-1-19,20221010-4_14,mrd7,N11,10.397545,7.708069
ATGAAGCCAAGGAGCC-1-19,20221010-4_14,mrd7,N11,8.00507,8.622585
ACACCTTAAGTAGGGC-1-19,20221010-4_14,mrd7,N11,6.3840094,6.6127567
GAACCCTCTGTGTTCT-1-7,20221010-1_2,mrd7,N11,11.027752,6.78206
CAGCTCGTGCTTGTGT-1-19,20221010-4_14,mrd7,N11,9.630921,6.1330395
AGATACCAATAGAACC-1-19,20221010-4_14,mrd7,N11,11.9809885,6.619755
TCCCACTCTCTTCCGG-1-19,20221010-4_14,mrd7,N11,12.399657,5.04638
ACTTACGCATCCACGC-1-7,20221010-1_2,mrd7,N11,11.078354,6.3054566
CATAGCGTTGCCCACC-1-7,20221010-1_2,mrd7,N11,10.979227,5.595793
TCTTACAGAGGTACCG-1-19,20221010-4_14,mrd7,N11,10.140701,6.78105
GCTCCGCTCGCTTCAG-1-19,20221010-4_14,mrd7,N11,11.2404175,6.9280186
CCCAACCACACTAACA-1-19,20221010-4_14,mrd7,N11,7.692303,6.719599
TCTCGACGTATCGCCG-1-19,20221010-4_14,mrd7,N11,12.406858,6.1866255
TGCCAATGGGTACTCT-1-7,20221010-1_2,mrd7,N11,10.539598,6.046649
TACCGGTCGTTTCCAT-1-7,20221010-1_2,mrd7,N11,11.419895,6.3920994
TTCCACACAGATTTGA-1-7,20221010-1_2,mrd7,N11,10.678777,5.892075
ATACCAGCAAATTGCT-1-19,20221010-4_14,mrd7,N11,11.004495,6.3716087
ACCCTATGCCATATCG-1-7,20221010-1_2,mrd7,N11,11.1150465,4.8886747
CGTGCACACCACTGTA-1-19,20221010-4_14,mrd7,N11,11.949295,6.199445
TTAATGCGAGGTAACT-1-7,20221010-1_2,mrd7,N11,11.70676,6.5019155
CTAATTCTCAGATATT-1-19,20221010-4_14,mrd7,N11,12.597798,5.092758
TGCGTACGGCTAATTG-1-19,20221010-4_14,mrd7,N11,12.128696,6.5280366
GTATCTTTCATAACCA-1-7,20221010-1_2,mrd7,N11,8.287745,5.3562374
TTGGACCATCTGGCAA-1-19,20221010-4_14,mrd7,N11,10.883066,5.0078936
GGTGGACTGCTCTGGC-1-7,20221010-1_2,mrd7,N11,10.122361,6.1614885
GCTTCCCGTAAGCTCC-1-19,20221010-4_14,mrd7,N11,10.138826,5.731959
ACACTGATCAAGGTGT-1-7,20221010-1_2,mrd7,N11,10.920953,6.576324
ACACGGCACTATGCAT-1-7,20221010-1_2,mrd7,N11,11.006434,6.256511
GGAACTTTGGCGATTA-1-19,20221010-4_14,mrd7,N11,11.680842,5.505528
TTCTTCCCTTTGATAT-1-7,20221010-1_2,mrd7,N11,10.318263,5.796564
AGGTATAATTGATAGT-1-19,20221010-4_14,mrd7,N11,11.158711,5.0739813
GAGTACGGGTATACAA-1-19,20221010-4_14,mrd7,N11,8.988723,7.155443
ATCCTACCTAAGCTCT-1-7,20221010-1_2,mrd7,N11,9.692295,6.194392
AGGATAAAGTCGGGAT-1-7,20221010-1_2,mrd7,N11,8.972527,6.036526
TGCACGAGTCGGCAGC-1-19,20221010-4_14,mrd7,N11,10.919957,5.3988805
CACTACGGGAGCTGCC-1-19,20221010-4_14,mrd7,N11,11.794609,4.6223536
AGTACTCTTATGCCCA-1-7,20221010-1_2,mrd7,N11,10.742509,5.108351
GTCCCGCGACGTTATG-1-7,20221010-1_2,mrd7,N11,11.281543,5.173829
TTCAATTAGCCATAAT-1-7,20221010-1_2,mrd7,N11,9.962852,6.4755135
TTGGTCACACTCGTAA-1-7,20221010-1_2,mrd7,N11,10.090611,6.029333
AAACTGCTGGCTCCAA-1-7,20221010-1_2,mrd7,N11,9.656735,6.1035895
GAATATTCGGAGTCCC-1-7,20221010-1_2,mrd7,N11,10.690967,6.704822
TAAATGAATCCGTTTC-1-7,20221010-1_2,mrd7,N11,11.513758,6.3967075
TGGAATTAGACGCTTT-1-7,20221010-1_2,mrd7,N11,11.845325,5.7593694
AACCCTGGTGGAACCA-1-7,20221010-1_2,mrd7,N11,10.81954,7.837626
ACGAGATATTTGCTTA-1-7,20221010-1_2,mrd7,N11,11.019213,5.5897975
TCAAATTTGAGACTCA-1-7,20221010-1_2,mrd7,N11,11.074401,5.874789
ACCTCCGTTATTCACC-1-19,20221010-4_14,mrd7,N11,11.476114,4.9574594
TCGTCTTAGGCGTTAA-1-7,20221010-1_2,mrd7,N11,9.87802,6.181234
ACGCAATCACTACAGC-1-19,20221010-4_14,mrd7,N11,12.605728,6.5576544
ATAGATTTGCAGTCGG-1-7,20221010-1_2,mrd7,N11,11.028937,5.195368
GACCAGGTCATTCATA-1-7,20221010-1_2,mrd7,N11,10.755783,4.604108
CGCTTATTCCCGGTCG-1-7,20221010-1_2,mrd7,N11,11.114826,5.0794168
CACTACTCAGTTCTGT-1-19,20221010-4_14,mrd7,N11,10.922341,8.436441
TGGCTACACTCTACCT-1-19,20221010-4_14,mrd7,N11,13.032398,7.3718047
AGTAGGTAACATACAT-1-19,20221010-4_14,mrd7,N11,9.46312,6.74295
GTTCGGATCGGGAACA-1-19,20221010-4_14,mrd7,N11,12.440164,7.656514
AATCGGGACACTACGA-1-7,20221010-1_2,mrd7,N11,8.344267,9.548871
AGTATTTGGCACGACC-1-7,20221010-1_2,mrd7,N11,10.329889,6.111528
AACTAGGCTTGGGTGT-1-7,20221010-1_2,mrd7,N11,11.104157,6.4619503
AGGTTACACCATGCCG-1-19,20221010-4_14,mrd7,N11,12.536271,5.185638
GTTAAGGGTGCGATGT-1-7,20221010-1_2,mrd7,N11,10.837693,6.1701474
TTATAGATGCACATTA-1-19,20221010-4_14,mrd7,N11,11.145111,6.87827
ATCATAGCCCTATGTA-1-19,20221010-4_14,mrd7,N11,12.428484,5.5630245
CCCGTTTCGCAGATGT-1-19,20221010-4_14,mrd7,N11,9.755684,5.256214
ATTTCCGGGTTCTGCG-1-7,20221010-1_2,mrd7,N11,8.147559,5.2195244
TTCCATCGACAGCGTG-1-19,20221010-4_14,mrd7,N11,12.562982,5.6749873
TACCGTGCCTCGGACC-1-7,20221010-1_2,mrd7,N11,8.761804,6.218678
ACAAGCAGTGCCTAGC-1-7,20221010-1_2,mrd7,N11,11.92061,6.218098
ACGATGGATCCGATGC-1-7,20221010-1_2,mrd7,N11,10.356254,8.302645
CGAGACTACTGCTGCT-1-19,20221010-4_14,mrd7,N11,9.791543,5.228369
GTCGGGAAGCAGAAAC-1-7,20221010-1_2,mrd7,N11,11.360695,6.1646476
CCACTGTTTGGATTAA-1-19,20221010-4_14,mrd7,N11,12.020203,5.4932566
CCTGTTTGAAGACACG-1-19,20221010-4_14,mrd7,N11,11.159115,6.5466304
CGCGACCGCGACAGAT-1-7,20221010-1_2,mrd7,N11,10.832325,5.4448876
TTGAGAGTACTGCTAA-1-7,20221010-1_2,mrd7,N11,8.838258,5.399953
AGGGCAGCGGCGTGGT-1-7,20221010-1_2,mrd7,N11,11.013841,6.9908648
TCACAGATCCTCAAAC-1-7,20221010-1_2,mrd7,N11,11.723917,4.8558993
CATGCATGGAGACCCT-1-19,20221010-4_14,mrd7,N11,8.142058,5.6110244
GGAAACTAAATGGGCC-1-19,20221010-4_14,mrd7,N11,10.983898,5.9630046
TACAAGTCTCGTGCAT-1-19,20221010-4_14,mrd7,N11,10.677618,7.894226
TAACCTAGGGAGTCCA-1-19,20221010-4_14,mrd7,N11,11.326707,4.2449007
GATTACTGAATTTGGG-1-7,20221010-1_2,mrd7,N11,9.793187,6.4144726
CGGGCCATAGCCGCAC-1-7,20221010-1_2,mrd7,N11,8.19472,5.522541
CTAACTGGTCCGGTTC-1-7,20221010-1_2,mrd7,N11,9.352685,5.2772784
TGGGTGTAATAGATTT-1-19,20221010-4_14,mrd7,N11,12.739122,6.744897
CGGCAATAAGATCGCC-1-19,20221010-4_14,mrd7,N11,11.148526,3.9948373
AGCTCTTCGTAACCTT-1-19,20221010-4_14,mrd7,N11,11.125239,8.122661
GGATCCCTACCAGCTA-1-7,20221010-1_2,mrd7,N11,11.483872,5.419787
GGACACAAGTTTACAC-1-19,20221010-4_14,mrd7,N11,10.285561,7.379267
TCGTATTACCCATTGC-1-7,20221010-1_2,mrd7,N11,9.538363,5.4086823
CTGGATTTACACTTGA-1-7,20221010-1_2,mrd7,N11,9.476894,6.291658
GTCTTGAGGAGCAGTG-1-19,20221010-4_14,mrd7,N11,12.4864025,5.1675477
GTGGTTACTTCTTTCG-1-19,20221010-4_14,mrd7,N11,11.148752,6.3366485
GGGCAGAGCAATCGTT-1-7,20221010-1_2,mrd7,N11,10.633847,5.2267275
GCCACTCAGAGCGCGA-1-19,20221010-4_14,mrd7,N11,8.917973,7.748183
TTACTGTTTCTCTACG-1-7,20221010-1_2,mrd7,N11,10.805032,5.613534
ACGGATGGTGCGGATA-1-7,20221010-1_2,mrd7,N11,11.098914,6.138561
TACCAAATAGCCCAGA-1-7,20221010-1_2,mrd7,N11,11.114522,6.368588
GTCAGTTGTGCTCGTT-1-7,20221010-1_2,mrd7,N11,8.765694,7.9166274
TGATACATTTAGCCGT-1-7,20221010-1_2,mrd7,N11,10.672369,5.7026362
GCCCGCGCGTAAACGG-1-7,20221010-1_2,mrd7,N11,11.006081,6.806623
CCATGCTCTGCAGGAA-1-19,20221010-4_14,mrd7,N11,9.510621,7.3937645
GTCTCAAGGCCCGGCT-1-7,20221010-1_2,mrd7,N11,11.1769495,5.6813345
AACGATAATGCCGTAG-1-7,20221010-1_2,mrd7,N11,10.090564,6.3410463
AAAGTCACTGATGTAA-1-19,20221010-4_14,mrd7,N11,9.290202,5.9825635
CCAGTCTTGTCATAGA-1-7,20221010-1_2,mrd7,N11,9.76152,5.981945
CATAGTAGCATAGTAG-1-19,20221010-4_14,mrd7,N11,9.096989,6.5866027
TCTGAACCGGTCGGCT-1-19,20221010-4_14,mrd7,N11,10.166389,7.084244
ATATCGTGCCAGACCC-1-7,20221010-1_2,mrd7,N11,10.581748,6.729326
CGGAAAGAATCAAACG-1-7,20221010-1_2,mrd7,N11,11.19099,6.1295567
TTCTACCTTTATGTTG-1-7,20221010-1_2,mrd7,N11,10.1672945,6.007448
TCCGCCTGTCTACAAG-1-7,20221010-1_2,mrd7,N11,9.620714,6.036194
GTGGACGCATTTGTCC-1-7,20221010-1_2,mrd7,N11,9.060047,5.4578366
GCTACAATCGAGGATA-1-19,20221010-4_14,mrd7,N11,11.7564335,5.9161024
TATAAATCCACAAGCT-1-19,20221010-4_14,mrd7,N11,8.927114,7.9122825
CATCGCCCGCGGCCAA-1-19,20221010-4_14,mrd7,N11,9.283931,6.904403
GTTCAATCTATGTCAA-1-7,20221010-1_2,mrd7,N11,11.003917,5.037381
CTGCAGAGAATCAGAG-1-19,20221010-4_14,mrd7,N11,11.838859,6.698068
ATAAACGTTGCACCAC-1-19,20221010-4_14,mrd7,N11,12.209304,4.9934945
GTCTCGCCAACACGCC-1-7,20221010-1_2,mrd7,N11,11.152025,4.1495256
AGTACATCATTTATCA-1-19,20221010-4_14,mrd7,N11,12.3754015,5.462871
TCTATCCGATTGCACA-1-19,20221010-4_14,mrd7,N11,10.324916,5.97128
TAGTGTCAGAAACGGC-1-7,20221010-1_2,mrd7,N11,10.461621,5.9155912
AAGGCAGGCTGTCTCC-1-19,20221010-4_14,mrd7,N11,11.766881,4.624828
AGTCGGTTGCGTGAGA-1-19,20221010-4_14,mrd7,N11,12.752546,7.3305254
GTTATCACCTTCTGAA-1-19,20221010-4_14,mrd7,N11,11.427646,6.752896
TTACCCTAGGGATTGG-1-7,20221010-1_2,mrd7,N11,10.740424,6.0915604
TCGTGTCACGCTGACA-1-7,20221010-1_2,mrd7,N11,11.245211,4.966078
AGTTGGCAAGGCTAGA-1-19,20221010-4_14,mrd7,N11,11.895437,6.165394
GTAATCTGATTCTTCG-1-7,20221010-1_2,mrd7,N11,10.740717,6.2947354
CGTTAAACTAGTTAGG-1-19,20221010-4_14,mrd7,N11,12.461691,4.931387
CTACAAGAAATAACCC-1-7,20221010-1_2,mrd7,N11,10.833065,5.329765
AGGCTTCCCGAAGAAG-1-7,20221010-1_2,mrd7,N11,10.812234,6.302899
CATTCACTGACAGCTA-1-7,20221010-1_2,mrd7,N11,10.275692,6.9369984
GCTGCTAAGTAGTCGA-1-7,20221010-1_2,mrd7,N11,11.09304,6.6851754
TTCACTCGAGCACCTA-1-7,20221010-1_2,mrd7,N11,8.940053,5.758789
TTGCGGCATCAGAAAG-1-7,20221010-1_2,mrd7,N11,11.049677,6.863498
TGGGCCTTGCCTGCAT-1-7,20221010-1_2,mrd7,N11,10.824758,4.6602874
TGGCGATCAAGTTATG-1-7,20221010-1_2,mrd7,N11,11.414755,6.740202
CACTACTCAGTTCTGT-1-7,20221010-1_2,mrd7,N11,11.205032,5.347594
CATTCACTGACAGCTA-1-19,20221010-4_14,mrd7,N11,10.996777,6.3245716
CAGAATAACACACGGA-1-19,20221010-4_14,mrd7,N11,11.987283,5.0206246
ACAGCGACATTCTCAT-1-19,20221010-4_14,mrd7,N11,11.538272,6.6823015
ACCGTTCCCGCTCTGA-1-19,20221010-4_14,mrd7,N11,7.6704226,4.9698396
GCGGTCCCTAGACGCA-1-19,20221010-4_14,mrd7,N11,9.4073925,6.71198
ATTATTCAGAGTCACT-1-19,20221010-4_14,mrd7,N11,8.364306,5.21711
GGGTGGTCCAGCCTGT-1-7,20221010-1_2,mrd7,N11,11.037102,6.6448526
TTGATTATGCAGATGA-1-19,20221010-4_14,mrd7,N11,11.188357,6.770364
TATTTGTTACCCTTTA-1-19,20221010-4_14,mrd7,N11,8.560405,7.473111
GTGATTCGCCGCTCAA-1-7,20221010-1_2,mrd7,N11,9.847093,5.46671
CCGGAATGGTTTCAGT-1-7,20221010-1_2,mrd7,N11,11.291186,6.462942
ACCAGCCCGGTCTTTG-1-19,20221010-4_14,mrd7,N11,7.6068263,8.758742
TTCCGGCCTTGAGGCT-1-7,20221010-1_2,mrd7,N11,11.391138,6.558809
TCAACGCAGGAAATAA-1-7,20221010-1_2,mrd7,N11,9.354859,5.4535675
TATATTACAAATGTCG-1-19,20221010-4_14,mrd7,N11,10.900605,8.312095
AGTTTGGCCAGACCTA-1-7,20221010-1_2,mrd7,N11,10.844099,5.8494463
TCTTAGAGCTCCAATT-1-19,20221010-4_14,mrd7,N11,9.592491,6.3640575
CCTCTGTACTATTCTA-1-7,20221010-1_2,mrd7,N11,9.526193,5.884336
CGCCGTTCAGCATAGT-1-19,20221010-4_14,mrd7,N11,8.994071,5.293642
TAGCAGATACTTAGGG-1-19,20221010-4_14,mrd7,N11,12.135012,4.2804394
AGCAGCCAGATGAATA-1-7,20221010-1_2,mrd7,N11,11.0677395,6.3615627
GGGTTAACATTTGAGT-1-7,20221010-1_2,mrd7,N11,11.045566,6.42193
CACCGTTGCGCGATAT-1-7,20221010-1_2,mrd7,N11,11.589752,6.264448
GTAGCCAAACATGGGA-1-7,20221010-1_2,mrd7,N11,9.520161,6.6202164
TATGATAAATCTAACG-1-7,20221010-1_2,mrd7,N11,9.96287,7.016975
CATGAACCTCTTATCA-1-7,20221010-1_2,mrd7,N11,10.604312,6.9248705
CAGACACCGATCGCTG-1-7,20221010-1_2,mrd7,N11,10.195235,6.0843835
CCCTTTGACAGGTCTT-1-7,20221010-1_2,mrd7,N11,11.239492,6.6246767
AATTCCAACTTGGTGA-1-7,20221010-1_2,mrd7,N11,11.558671,4.391447
GTTTCTAGAGGCGCGG-1-19,20221010-4_14,mrd7,N11,11.18099,6.5738177
CGCAGAAACATTTGCG-1-7,20221010-1_2,mrd7,N11,10.7825165,6.025227
TGGTCCCACGCTACGG-1-7,20221010-1_2,mrd7,N11,9.57476,5.7473044
CACTCTTCTGCTAGCC-1-19,20221010-4_14,mrd7,N11,11.253192,6.6028533
CCGCGTAGGTAAGGGC-1-7,20221010-1_2,mrd7,N11,12.608957,6.0254154
TGGTCTGTTGGGCGTA-1-7,20221010-1_2,mrd7,N11,8.527254,5.482478
CATAAGAAGCTTGGCT-1-7,20221010-1_2,mrd7,N11,11.313434,6.6530457
CCGGAGCGTACTTTCT-1-7,20221010-1_2,mrd7,N11,10.794016,6.520206
AACCTTTAAATACGGT-1-7,20221010-1_2,mrd7,N11,10.70684,6.0166554
CAGATCATTTAAAGTC-1-19,20221010-4_14,mrd7,N11,12.387896,4.8934727
CGCGGTCACAAACCAA-1-19,20221010-4_14,mrd7,N11,12.247721,6.6458735
AGCGGACACTTCGTAG-1-7,20221010-1_2,mrd7,N11,10.72464,6.0670953
GCAACAGCAGTATGCG-1-19,20221010-4_14,mrd7,N11,9.174703,8.129583
TAGTCTAACAACGAGA-1-7,20221010-1_2,mrd7,N11,11.106851,6.3604703
ACCGCGGTGGAAGTCG-1-19,20221010-4_14,mrd7,N11,9.161225,7.1314054
CATGCATGGAGACCCT-1-7,20221010-1_2,mrd7,N11,11.551402,6.2477484
CTTCCGCTCCGTGAAG-1-7,20221010-1_2,mrd7,N11,11.08595,5.7543416
CTCGCCGAATGTAGGG-1-7,20221010-1_2,mrd7,N11,12.049626,6.5548205
TTGACGATTCAGCACG-1-19,20221010-4_14,mrd7,N11,8.10931,5.8972316
CCCGCCATGCTCCCGT-1-19,20221010-4_14,mrd7,N11,8.805297,7.1153884
CACGTCGGCAACCTCT-1-7,20221010-1_2,mrd7,N11,10.681973,5.5143867
ACCTACAGTATGTGGT-1-19,20221010-4_14,mrd7,N11,12.664961,7.4075856
TAGCTCGCCTGATAAC-1-7,20221010-1_2,mrd7,N11,9.3896,6.124577
CGAAACGCAATTCATG-1-7,20221010-1_2,mrd7,N11,9.447303,5.725431
ACCAAACTAGAAATCC-1-7,20221010-1_2,mrd7,N11,10.466139,6.106938
TGCTGGTTGGACAATT-1-19,20221010-4_14,mrd7,N11,8.388587,7.233502
ATCCAGAGCAACAACC-1-7,20221010-1_2,mrd7,N11,9.988763,5.9660087
TCGGCGAACCCAAACC-1-19,20221010-4_14,mrd7,N11,8.657364,6.92469
ACGCCCAGCTGTCGAT-1-7,20221010-1_2,mrd7,N11,10.362476,5.995309
GTTTCAAACGAGTTGT-1-19,20221010-4_14,mrd7,N11,12.087638,6.3402233
GACACAGCCGGGACTG-1-19,20221010-4_14,mrd7,N11,8.065853,5.01072
AGCAGTCGAAGCATGC-1-19,20221010-4_14,mrd7,N11,10.925211,6.3091927
AATAGTCCGTCCCGAC-1-7,20221010-1_2,mrd7,N11,10.635416,6.2339907
TCGGCTAACTTCCCTT-1-7,20221010-1_2,mrd7,N11,11.325347,5.406659
AAGGCGCGTAAAGCTT-1-19,20221010-4_14,mrd7,N11,11.106806,7.8079886
CCATATGGAAACTATA-1-19,20221010-4_14,mrd7,N11,11.271218,5.5611734
TACGCCTCCATTCCGA-1-7,20221010-1_2,mrd7,N11,9.839126,6.329599
ACCGTTCCCGCTCTGA-1-7,20221010-1_2,mrd7,N11,10.44005,7.848387
TTGATTAGCTGTTTCT-1-7,20221010-1_2,mrd7,N11,10.852222,5.4991302
TCCTCTACGAGATGGC-1-19,20221010-4_14,mrd7,N11,11.286103,4.884655
CACCGGGCATCACAAG-1-19,20221010-4_14,mrd7,N11,11.273106,5.575969
GCCACAATTTAAGGAC-1-7,20221010-1_2,mrd7,N11,10.123463,5.951874
TGGGCAATAGTTGGGT-1-19,20221010-4_14,mrd7,N11,11.189388,7.835511
CCGCCACCACAATCCA-1-19,20221010-4_14,mrd7,N11,11.967959,4.6202354
AGCGATGCGCCTAATA-1-19,20221010-4_14,mrd7,N11,12.304175,6.569894
GTGCTTACATCAGCGC-1-19,20221010-4_14,mrd7,N11,12.517471,5.327685
AAGTTCACTCCAAGCT-1-7,20221010-1_2,mrd7,N11,10.542529,6.0470986
CGCTTCGGTCTAAGAC-1-19,20221010-4_14,mrd7,N11,12.648971,5.5182657
AGCTTCTTCTCGAGCA-1-19,20221010-4_14,mrd7,N11,11.285922,6.520692
CAGATAATGGGCGGGT-1-19,20221010-4_14,mrd7,N11,12.7281,5.684398
AGTAGCGTGAACGAAC-1-7,20221010-1_2,mrd7,N11,11.09947,4.202276
ACGTGGTCGAATGTGC-1-7,20221010-1_2,mrd7,N11,11.476001,5.3785996
GCTAAACCTGAGGTGA-1-7,20221010-1_2,mrd7,N11,8.685249,5.33866
GGGACCCGTATATCTT-1-7,20221010-1_2,mrd7,N11,10.460967,6.009795
TATTCCGAGCTGTTAT-1-7,20221010-1_2,mrd7,N11,7.3202386,4.844848
TATCACAGCACGGGCA-1-7,20221010-1_2,mrd7,N11,9.501045,8.775626
GATTGACACTCTGCTC-1-19,20221010-4_14,mrd7,N11,10.892339,6.402337
ACGCCAGTGCGTTTGC-1-19,20221010-4_14,mrd7,N11,7.7087984,4.926618
AACTTGCGTTCTCGCG-1-7,20221010-1_2,mrd7,N11,11.2768135,5.849014
CCTGGTCGAATGTGGG-1-7,20221010-1_2,mrd7,N11,10.992459,6.0914993
TCAGTTACGGAATGAT-1-7,20221010-1_2,mrd7,N11,10.974915,5.151108
CTAATTCGCACGCGCT-1-19,20221010-4_14,mrd7,N11,9.69034,7.4484425
ATTCGCGCCTTGAGAG-1-19,20221010-4_14,mrd7,N11,12.246936,6.8108068
CTGCAAATGGGCTCCA-1-7,20221010-1_2,mrd7,N11,11.062832,5.464632
AGGGCGTGATCGGCTA-1-19,20221010-4_14,mrd7,N11,9.1480665,6.666211
GTTGCACGGAGTTTCG-1-19,20221010-4_14,mrd7,N11,7.4146705,8.571698
TTAGATAGGTCGATAC-1-7,20221010-1_2,mrd7,N11,8.951926,6.1072984
TTGACCGTGTTAATGA-1-7,20221010-1_2,mrd7,N11,9.630218,5.638453
GCGCCTCCCACTCCGA-1-19,20221010-4_14,mrd7,N11,8.607488,7.0228014
TCGTTTACGCGACCCT-1-19,20221010-4_14,mrd7,N11,11.498178,6.712355
CCTAAAGGCTGACGCT-1-7,20221010-1_2,mrd7,N11,10.447031,7.012127
CCCAAGTCATTACACT-1-19,20221010-4_14,mrd7,N11,12.812513,7.649945
ACACCCGAGAAATCCG-1-19,20221010-4_14,mrd7,N11,10.016886,6.322251
TTGTAAGGACCTAAGT-1-7,20221010-1_2,mrd7,N11,11.181537,4.803534
CCCTGGTATGGGCGGC-1-7,20221010-1_2,mrd7,N11,11.425306,6.3686886
GAATCTATACTCGGAC-1-7,20221010-1_2,mrd7,N11,10.046939,6.3363895
CACCGTATCCCATCCG-1-19,20221010-4_14,mrd7,N11,11.86905,4.9358897
TGAGTTAAAGACATTC-1-19,20221010-4_14,mrd7,N11,12.122604,5.6071444
TCGCCGAAGTTGCGTC-1-7,20221010-1_2,mrd7,N11,10.877294,6.2455
AGCTCCTTCGCACATC-1-7,20221010-1_2,mrd7,N11,8.670247,5.31624
ATCTGGGCTGTTCTTG-1-7,20221010-1_2,mrd7,N11,11.340052,5.6524568
AGGAGGCCTTCGCGCG-1-19,20221010-4_14,mrd7,N11,8.543102,5.5077834
AGAGTAAACTTCACTA-1-19,20221010-4_14,mrd7,N11,4.852257,8.217777
TGAGCCATACAGTCTC-1-7,20221010-1_2,mrd7,N11,7.917225,5.082755
ATCACGTGCTAATTAA-1-7,20221010-1_2,mrd7,N11,11.174872,5.4255204
ATTCACTGATGTTGGA-1-7,20221010-1_2,mrd7,N11,10.635794,6.3368897
CGGCCCAGGTATATCC-1-19,20221010-4_14,mrd7,N11,4.666863,7.78149
ATAAGGTGGAGAACAT-1-7,20221010-1_2,mrd7,N11,8.851107,6.022577
AGCATTACGAGGCAAG-1-19,20221010-4_14,mrd7,N11,12.405802,6.12872
AGTTTGCACCTGCCTC-1-7,20221010-1_2,mrd7,N11,11.270261,6.4574265
TACCTCACGCTTGTAC-1-7,20221010-1_2,mrd7,N11,8.914325,5.787454
TTGAGCAGCCCACGGT-1-19,20221010-4_14,mrd7,N11,12.109653,4.821973
TCGATAGGCTAGTCGC-1-19,20221010-4_14,mrd7,N11,10.915257,7.336127
TCTATAGGTGGGTAAT-1-19,20221010-4_14,mrd7,N11,11.21685,7.189332
TCCGGGCTTGACGGGA-1-19,20221010-4_14,mrd7,N11,11.475248,6.802637
ATCAAACACTGTTCCA-1-19,20221010-4_14,mrd7,N11,9.321972,7.4294534
TGCGCGATTAACGGAG-1-19,20221010-4_14,mrd7,N11,7.1952615,8.19455
ATACCTAACCAAGAAA-1-7,20221010-1_2,mrd7,N11,10.643003,6.1644263
AACTCTCAGTGTGCTC-1-7,20221010-1_2,mrd7,N11,11.067567,6.0449977
TGATTTATTAGCTGTG-1-7,20221010-1_2,mrd7,N11,9.979641,6.472672
AAGTTGTGATGTTATA-1-19,20221010-4_14,mrd7,N11,12.28534,6.189716
ACCAATATGCAAGTTA-1-7,20221010-1_2,mrd7,N11,10.551952,6.5407376
ACCAACGCTTATTTAT-1-7,20221010-1_2,mrd7,N11,10.591602,6.314241
TAAGGCATAACATCAA-1-7,20221010-1_2,mrd7,N11,10.580764,5.540037
CCGCATGTGGTACGAT-1-7,20221010-1_2,mrd7,N11,11.003724,6.1250434
TAAAGAGCCCGAAACC-1-19,20221010-4_14,mrd7,N11,10.968367,6.7798486
GCCAACCATTTCCGGA-1-19,20221010-4_14,mrd7,N11,12.647824,6.741687
GCCTTCAGCCCTACCG-1-19,20221010-4_14,mrd7,N11,8.244668,5.5716953
ATATAAAGCGCTCGTG-1-7,20221010-1_2,mrd7,N11,10.250611,6.2488084
CCTATACCGTCCTGTC-1-7,20221010-1_2,mrd7,N11,10.139557,5.2627206
TTAACACCTCGAACAT-1-7,20221010-1_2,mrd7,N11,11.731511,5.689842
CATGACTTCGCTGAAT-1-19,20221010-4_14,mrd7,N11,8.899935,7.1536927
TAGGTGAGCCCTACTC-1-19,20221010-4_14,mrd7,N11,7.019446,6.071288
CCACGGTGCCCGGTAG-1-19,20221010-4_14,mrd7,N11,10.216385,6.7063513
CCTATAATGAGTGCCC-1-7,20221010-1_2,mrd7,N11,11.503302,6.460812
GTTCATCGTTTGGCTG-1-19,20221010-4_14,mrd7,N11,8.298132,5.115547
CCCTGGTATGGGCGGC-1-19,20221010-4_14,mrd7,N11,9.130101,6.561052
GCATTTCCAAGGCTCC-1-19,20221010-4_14,mrd7,N11,12.554386,5.0646863
CCGCTGGTGCCATTCA-1-19,20221010-4_14,mrd7,N11,6.8248563,7.8202634
TCGTTAGGAGTCCCTA-1-7,20221010-1_2,mrd7,N11,11.210079,6.678388
GAGTATGCCCGCCTTG-1-7,20221010-1_2,mrd7,N11,10.2057905,6.205009
ATACCAGGCTAATAGA-1-19,20221010-4_14,mrd7,N11,8.225127,5.4785
TACCTACTCCCAGTAT-1-7,20221010-1_2,mrd7,N11,10.114752,6.3475757
ATTCCTCCGCCAGTGC-1-19,20221010-4_14,mrd7,N11,10.7267475,7.990203
AAGCATACTCTCCTGA-1-7,20221010-1_2,mrd7,N11,9.316318,6.4661117
AAAGGCTCTCGCGCCG-1-7,20221010-1_2,mrd7,N11,10.083974,6.377972
TTGCTGCACCTATCCA-1-7,20221010-1_2,mrd7,N11,6.652186,6.811018
GAGCACCTGTGTCCAG-1-7,20221010-1_2,mrd7,N11,10.311267,6.765084
TTATGACAAACTGGAT-1-19,20221010-4_14,mrd7,N11,10.067621,6.572385
CGCAGGCGATCCAAAC-1-19,20221010-4_14,mrd7,N11,11.483012,6.139758
TTGGATATCGTCTACG-1-7,20221010-1_2,mrd7,N11,10.621021,6.5683565
TGAGTGCCTCTTAAAT-1-7,20221010-1_2,mrd7,N11,11.211736,6.2785697
CTCTTGTCCCGCTTGG-1-7,20221010-1_2,mrd7,N11,9.543645,6.460537
CCTCGACCCACTGCCT-1-7,20221010-1_2,mrd7,N11,11.097276,5.3210583
TAACTATTACGCCAAA-1-19,20221010-4_14,mrd7,N11,12.243427,4.306531
AAACCCGAACGAAATC-1-19,20221010-4_14,mrd7,N11,12.607177,5.140367
GTTAGAGTGTGCCGCT-1-7,20221010-1_2,mrd7,N11,11.185582,7.237629
ATAGTCTTTGACGTGC-1-19,20221010-4_14,mrd7,N11,8.142346,5.6483703
AACGTACTGTGGGTAC-1-7,20221010-1_2,mrd7,N11,11.068622,6.8128943
GACATCGATTTATAAC-1-7,20221010-1_2,mrd7,N11,8.921597,5.5059395
AATAAGTCCTCGAGAC-1-7,20221010-1_2,mrd7,N11,11.069881,6.081184
TATCTACAGAGGTAAT-1-7,20221010-1_2,mrd7,N11,8.891086,5.427607
TTATCTGTATCATAAC-1-22,20230607-1_1,primary,N11,10.0636015,9.282431
GGTCTTGAGCGCTCTT-1-6,20221010-1_1,primary,N11,-1.0214486,8.447212
CATTGCGAAATGGGCG-1-22,20230607-1_1,primary,N11,10.122287,7.0235925
CATACAAAGCCGAACC-1-17,20221010-3_9,primary,N11,0.86985475,11.802055
CGCCGCCCATGCCTGT-1-22,20230607-1_1,primary,N11,1.7404163,7.2927814
TGTGTTCGTATCCAAG-1-17,20221010-3_9,primary,N11,3.5813591,11.619969
TAGCGTCCCTCGATTG-1-10,20221010-2_5,primary,N11,5.611531,9.074306
GACCTTCCACGTCTAC-1-6,20221010-1_1,primary,N11,1.4512154,6.5974407
CCGCGTAGGTAAGGGC-1-22,20230607-1_1,primary,N11,9.671184,7.9955077
AGAAGGTTGTAGGTCG-1-6,20221010-1_1,primary,N11,-1.2028234,8.799736
ACAATTTAGGAGGCTC-1-10,20221010-2_5,primary,N11,4.538832,9.758543
TCCGAACTTGGCTTAC-1-17,20221010-3_9,primary,N11,5.2099323,11.285488
AATCTCTACTGTGGTT-1-22,20230607-1_1,primary,N11,10.758305,8.500443
GGTTGTGTAGCCTGGC-1-17,20221010-3_9,primary,N11,-1.2107092,7.9781165
AACTCCAGAGCGTGTT-1-10,20221010-2_5,primary,N11,-1.5931714,9.042582
ATTACTAGCCTCTTGC-1-22,20230607-1_1,primary,N11,10.708481,8.534112
TGTTCCGCTTCCATGA-1-22,20230607-1_1,primary,N11,2.4438107,7.724464
ATGCACCTTCCTTAAT-1-6,20221010-1_1,primary,N11,8.673428,3.1409774
GCATCGGCCGTGTAGG-1-10,20221010-2_5,primary,N11,-1.6401427,10.243768
GGCGAGCGAAACGGCA-1-23,20230607-2_5,primary,N11,9.953328,8.953509
TCTCGTGTTACGAGGA-1-22,20230607-1_1,primary,N11,9.682293,7.6237783
ATGCACTACCGCATTG-1-22,20230607-1_1,primary,N11,5.5082517,8.410088
TAAAGAGCCCGAAACC-1-23,20230607-2_5,primary,N11,7.913982,9.656195
GGTAACCGGCAAAGGT-1-6,20221010-1_1,primary,N11,5.884032,8.348691
GCGGTGCGGAGCATCG-1-6,20221010-1_1,primary,N11,4.612903,10.144376
TGCTCGGTGGGTCACC-1-6,20221010-1_1,primary,N11,1.3671541,8.951963
GGTTGTGTAGCCTGGC-1-22,20230607-1_1,primary,N11,4.917151,7.9022737
CGGCTGCAAGATTAAG-1-23,20230607-2_5,primary,N11,9.877106,8.890918
TACTTTCCGCACGCCA-1-6,20221010-1_1,primary,N11,3.2793972,11.5020895
GGCCGGCGTCTGCTAT-1-6,20221010-1_1,primary,N11,-1.4536725,10.952487
TGAGTGGTCCGTGACG-1-22,20230607-1_1,primary,N11,3.06566,8.125149
GTTTGGGTTTCGCCCG-1-6,20221010-1_1,primary,N11,-1.1348914,7.7752943
GCGAAACGATCGGGAG-1-10,20221010-2_5,primary,N11,-1.352731,10.594001
AAACTCGGTTCGCAAT-1-6,20221010-1_1,primary,N11,2.235932,10.6956215
CGAGCACTTCAAGTTT-1-22,20230607-1_1,primary,N11,7.386527,9.522462
TAGTGCTTGAATCCTT-1-6,20221010-1_1,primary,N11,5.0163426,8.723949
TTAGCTCTGTAATCCG-1-17,20221010-3_9,primary,N11,1.4367554,8.714466
CTTCATAGCTCAAGAA-1-17,20221010-3_9,primary,N11,-1.1935923,8.577585
TTCGCACTCGCGTGCT-1-22,20230607-1_1,primary,N11,9.276715,8.830931
CCAGATAGTTGAGTGA-1-22,20230607-1_1,primary,N11,4.8243175,8.9991255
TAACTCCATGGAGGCT-1-17,20221010-3_9,primary,N11,-0.9502926,8.2238
TCTGGGAACCTTTGAA-1-22,20230607-1_1,primary,N11,1.7282047,6.2631087
CAAATCTCTCACAAGG-1-6,20221010-1_1,primary,N11,-0.14437948,8.378282
CCATGCTCTGCAGGAA-1-22,20230607-1_1,primary,N11,10.292074,8.563085
AAACCTAAGCAGCCGG-1-6,20221010-1_1,primary,N11,-1.4755826,7.6843457
AGCAGAAGGAGAAAGA-1-6,20221010-1_1,primary,N11,-1.0691118,11.085058
GATCGCTATATCTCAG-1-23,20230607-2_5,primary,N11,9.579791,9.067665
CACTCGGTTAGGAGGA-1-17,20221010-3_9,primary,N11,-0.75195277,8.413349
TCGTGTCACGCTGACA-1-6,20221010-1_1,primary,N11,4.1298633,5.287688
CTGGCGGGAATAAGTA-1-18,20221010-4_13,primary,N11,6.7037807,9.611367
TCCTCTACGAGATGGC-1-22,20230607-1_1,primary,N11,8.9302435,9.291545
CCTGAATATTTACATA-1-22,20230607-1_1,primary,N11,10.506791,8.177364
GGGTATGTATGCACTT-1-22,20230607-1_1,primary,N11,10.160815,8.565941
ATTTGCGCGAGTAGCT-1-10,20221010-2_5,primary,N11,-1.638204,9.314764
AGCTAAGTACGCAGGC-1-6,20221010-1_1,primary,N11,-0.46380955,11.069851
GTTATAATACGGTGAA-1-22,20230607-1_1,primary,N11,3.4041796,6.1749763
TATAGATGGTCGCAGT-1-22,20230607-1_1,primary,N11,4.871162,8.1234
TATTCCGGCAGTCCTA-1-23,20230607-2_5,primary,N11,8.522893,8.900923
AACGTCAGACTAGTGG-1-22,20230607-1_1,primary,N11,10.497805,8.1658535
AGAACGTGGTACATTC-1-22,20230607-1_1,primary,N11,7.101189,9.806263
GGCTCTGCTCCAACGC-1-22,20230607-1_1,primary,N11,6.6870956,9.028098
CCTATGTCCACTCCAC-1-6,20221010-1_1,primary,N11,6.789363,8.787131
TGTGGTAGGGTGCCTT-1-22,20230607-1_1,primary,N11,11.319338,8.008171
ACTTGGGACCCGGTGG-1-22,20230607-1_1,primary,N11,4.0088,8.608437
TTGACCATGTTCTCCG-1-22,20230607-1_1,primary,N11,3.9781473,8.124082
GTTTGGGTTTCGCCCG-1-10,20221010-2_5,primary,N11,-2.1821651,7.2636747
CTTGAGGTTATCCCGA-1-22,20230607-1_1,primary,N11,1.2982054,8.509299
GGCGTAGGGAAAGCTG-1-6,20221010-1_1,primary,N11,2.1892962,10.272604
AGACCATGGGATACAA-1-22,20230607-1_1,primary,N11,9.120395,9.136842
AAGTAGAAGACCGGGT-1-22,20230607-1_1,primary,N11,9.68055,8.665445
GGGCAGACGTCACTGC-1-23,20230607-2_5,primary,N11,8.744121,9.568971
CGTTTGTGTAGAGGGT-1-10,20221010-2_5,primary,N11,-1.4636331,11.091916
TGCAGATCGTCCTAGG-1-6,20221010-1_1,primary,N11,-1.386636,7.3180385
GGCCGTTTGGGTTTCA-1-6,20221010-1_1,primary,N11,-1.680277,9.150927
GTCCCAATCATCCCGC-1-23,20230607-2_5,primary,N11,6.551946,9.766726
AAGGCTGTGCTCATCG-1-22,20230607-1_1,primary,N11,2.4090838,8.197484
GGCGCGTTCGAGTTTA-1-18,20221010-4_13,primary,N11,9.80564,2.7063115
TAGTCGGGATTCTTCG-1-6,20221010-1_1,primary,N11,4.4477525,8.73616
TCGCCGGAGAGTCTTA-1-6,20221010-1_1,primary,N11,4.589092,8.833956
TCGCATCCCTAAGTGT-1-18,20221010-4_13,primary,N11,7.603559,8.762444
CCCTGGCTGTTCCTTC-1-22,20230607-1_1,primary,N11,5.8345337,8.047889
CTCGAGGTCGAACAGT-1-23,20230607-2_5,primary,N11,6.6522903,5.6511674
CGTCGCATGTGAGCCA-1-10,20221010-2_5,primary,N11,-2.5637472,6.755467
TGCCTAATTGAAGATT-1-22,20230607-1_1,primary,N11,1.2386736,4.828298
GGCGAAATCTAACTTG-1-22,20230607-1_1,primary,N11,2.0597892,6.941135
CCTCGGATGCTACCTG-1-10,20221010-2_5,primary,N11,4.7067847,8.906351
TCGCTCGATATATTCC-1-22,20230607-1_1,primary,N11,6.2475224,9.202218
TCGCCGCACCGCGTGA-1-22,20230607-1_1,primary,N11,8.477392,8.947374
CGCCGTTCAGCATAGT-1-10,20221010-2_5,primary,N11,-1.0453137,7.9546633
ACTTATACTTACCCGG-1-22,20230607-1_1,primary,N11,3.353843,8.049863
CTATGTCACTAGCCCA-1-22,20230607-1_1,primary,N11,4.537228,9.328223
TGAAGTAGCTTACGGA-1-6,20221010-1_1,primary,N11,6.5434756,9.149793
GTCAGACAGCGTTGGA-1-6,20221010-1_1,primary,N11,3.6346216,10.428348
TCTGAACCGGTCGGCT-1-22,20230607-1_1,primary,N11,9.821236,9.230232
AGCGACAGGAACGGTC-1-6,20221010-1_1,primary,N11,3.390606,10.8506775
TAAGGCAACATAAGAT-1-22,20230607-1_1,primary,N11,7.306742,8.979168
GCTTGGATCGATTAGG-1-22,20230607-1_1,primary,N11,4.0092864,9.439412
AGGCCCTAGAACGCCA-1-6,20221010-1_1,primary,N11,-0.6085681,7.975518
TTGATCTAACTTTGTC-1-22,20230607-1_1,primary,N11,3.111544,8.743661
TGATCTCCGGCGCCAG-1-22,20230607-1_1,primary,N11,5.798998,9.350896
GACTACAAAGCGGTGG-1-6,20221010-1_1,primary,N11,0.0014235403,11.519619
CTTTGGCGCTTTATAC-1-22,20230607-1_1,primary,N11,9.915267,9.408112
CCTACGGCTCAGTCGA-1-18,20221010-4_13,primary,N11,7.6332693,9.764111
GATTCCCTTGTCGCAG-1-22,20230607-1_1,primary,N11,9.668405,8.8710575
GAAGACTTCAATGCCG-1-23,20230607-2_5,primary,N11,10.989889,7.856701
CCCGTGAGGGCGGTGA-1-22,20230607-1_1,primary,N11,8.936405,8.553253
TCAGGGCGCAAACTCG-1-22,20230607-1_1,primary,N11,3.570484,8.961469
CGTAGCGCCGACGTTG-1-23,20230607-2_5,primary,N11,9.542698,9.04315
AGTCTCACAAGACTAC-1-6,20221010-1_1,primary,N11,-1.1821469,8.04814
GATCGGCGATAAGTCG-1-18,20221010-4_13,primary,N11,5.755077,9.154856
CTAATTTCAACAACAC-1-17,20221010-3_9,primary,N11,-1.3458544,8.38444
GTAAGTCCACACTCTA-1-22,20230607-1_1,primary,N11,11.0720625,7.6808863
TAGAAACACAATAGTG-1-10,20221010-2_5,primary,N11,8.88754,8.270147
CGAATGACGCATAATG-1-6,20221010-1_1,primary,N11,-0.5298279,8.989241
GAAGTCTCCCTAGCGA-1-22,20230607-1_1,primary,N11,1.8625422,6.5438657
TGAGAGATTTACCACG-1-22,20230607-1_1,primary,N11,3.5218182,6.573432
AGACTAGCCTTCCAGA-1-22,20230607-1_1,primary,N11,4.5244374,7.8925605
ATTGATCACCACATTT-1-23,20230607-2_5,primary,N11,7.7166705,9.069537
AGATGCATCCTGTGTC-1-22,20230607-1_1,primary,N11,4.7959814,8.593541
CACGATTGGTCGTTAA-1-18,20221010-4_13,primary,N11,2.8129447,11.101208
TATTAACACCAAAGCA-1-22,20230607-1_1,primary,N11,6.608363,8.065377
TAGCCGGCGGTCAGCG-1-22,20230607-1_1,primary,N11,3.7055235,8.823275
CCGGAATGGTTTCAGT-1-22,20230607-1_1,primary,N11,7.8717575,8.667589
AGGTGGTGACCTTCGC-1-6,20221010-1_1,primary,N11,-1.8078235,6.914471
CCTATGGGTTACCGTC-1-22,20230607-1_1,primary,N11,5.8034987,9.544414
CGCTGTGTGGATGTTG-1-6,20221010-1_1,primary,N11,-0.9853681,10.916396
ATGTACGATGACGTCG-1-6,20221010-1_1,primary,N11,-1.6047759,9.406349
ATACGGTGAAGATGCA-1-10,20221010-2_5,primary,N11,-0.77182454,7.119207
CGCAATTAGGGTAATA-1-22,20230607-1_1,primary,N11,2.9306147,7.829501
CAATAAACCTTGGCCC-1-22,20230607-1_1,primary,N11,5.5577674,9.556772
CACACACGCTAACGAG-1-22,20230607-1_1,primary,N11,1.9033145,6.117555
GACTAGGCCGTTAGGT-1-6,20221010-1_1,primary,N11,-2.447287,5.2634454
ACTCAATAAAGGCACG-1-22,20230607-1_1,primary,N11,8.753533,9.014966
AGTCACTAGCTCTCGA-1-6,20221010-1_1,primary,N11,8.679197,9.279893
AGCGTAGCGCTAGACC-1-6,20221010-1_1,primary,N11,0.118169084,8.488798
ATAATAGTGTAGGGAC-1-17,20221010-3_9,primary,N11,2.2761738,10.44268
GGAGGAGTGTGTTTAT-1-6,20221010-1_1,primary,N11,-0.14030892,10.890043
TACTCGGCACGCCGGG-1-22,20230607-1_1,primary,N11,6.632712,5.7594
TAGGTGCTCGCCTAGC-1-22,20230607-1_1,primary,N11,1.0454895,7.0530534
TGCTCTTGAGAGTTTG-1-6,20221010-1_1,primary,N11,-0.20861775,11.098445
GTAGAGGGAGACAAGT-1-10,20221010-2_5,primary,N11,-1.913556,9.118359
GGAATAACCTCAAGAA-1-23,20230607-2_5,primary,N11,10.826514,8.570551
AGGTGTATCGCCATGA-1-6,20221010-1_1,primary,N11,-0.93219966,8.477225
GAGCGCAAATACTCCG-1-22,20230607-1_1,primary,N11,1.9086503,5.691861
TAGGTCCAAGTAAGGA-1-22,20230607-1_1,primary,N11,9.777759,8.809266
GTCACTCTCCAAATCT-1-17,20221010-3_9,primary,N11,2.7504382,10.171081
AATGACAGCAATGTCT-1-6,20221010-1_1,primary,N11,2.1774497,10.354348
ATTCGTGCTATCTCTT-1-10,20221010-2_5,primary,N11,9.132124,3.3070774
CGCCTGGCCTACGTAA-1-6,20221010-1_1,primary,N11,-1.3277743,7.179704
AGCGGGTCTGACACTC-1-6,20221010-1_1,primary,N11,-0.6733919,8.001144
TTCAACGACCCGACCG-1-22,20230607-1_1,primary,N11,9.844425,8.975008
GAAAGTGACTAACTGC-1-22,20230607-1_1,primary,N11,9.594644,9.15775
AAGTGACGACCGAATT-1-6,20221010-1_1,primary,N11,-1.3583103,5.5158243
TTCTACTTGCGAGGGC-1-17,20221010-3_9,primary,N11,3.7476268,9.749703
CTACCCTAAGGTCATA-1-22,20230607-1_1,primary,N11,3.624791,9.277982
GAGTCGACAGACCCTC-1-6,20221010-1_1,primary,N11,-1.4894996,7.4117465
AGGCCTGAGAATCTCG-1-10,20221010-2_5,primary,N11,-0.8208408,8.675754
TCTGAATTCCGTACAA-1-22,20230607-1_1,primary,N11,2.5079894,7.4185805
GCCGCATTAGTCCGGC-1-22,20230607-1_1,primary,N11,7.7120748,8.460706
ATCAAACGAAGGTTTG-1-6,20221010-1_1,primary,N11,1.4373572,8.9872465
GACTAAGTAGGCTCAC-1-22,20230607-1_1,primary,N11,4.7432303,7.3837695
GAGTACGGGTATACAA-1-17,20221010-3_9,primary,N11,3.3765962,11.22359
AGTGCTAAACACAGCA-1-6,20221010-1_1,primary,N11,3.530786,11.067651
ACAGGTGGAGGTGAGG-1-6,20221010-1_1,primary,N11,-1.108198,10.161647
TGGTTCGTAGCAAAGG-1-22,20230607-1_1,primary,N11,10.303153,8.853075
AGCCACAGGTTACCCG-1-10,20221010-2_5,primary,N11,0.20690659,6.988128
CCATGCCCTAGATTTC-1-6,20221010-1_1,primary,N11,8.592525,9.257351
TCAACGCAGGAAATAA-1-10,20221010-2_5,primary,N11,-1.4185904,7.660353
TTCGACGGGAAGGGCG-1-22,20230607-1_1,primary,N11,10.93234,7.7763
CACGGGATTGAGGGTT-1-10,20221010-2_5,primary,N11,-1.0360057,6.1658316
ATCGGAGACAGACGGC-1-10,20221010-2_5,primary,N11,-2.1051867,8.948625
CTCAGGACTCACCTGT-1-17,20221010-3_9,primary,N11,-0.9651972,9.460793
CCAGAGACAAAGCCGG-1-17,20221010-3_9,primary,N11,-0.4947744,8.524629
GGCCGTTTGGGTTTCA-1-10,20221010-2_5,primary,N11,-0.11614777,11.354473
GCAAGTGCACAGAGAA-1-22,20230607-1_1,primary,N11,9.420618,6.553099
GCTAAGTAGTTTCTCT-1-22,20230607-1_1,primary,N11,2.8493009,8.497598
TATAAGTGAGGATAGC-1-22,20230607-1_1,primary,N11,9.627246,8.254923
TTATCGCCTGCGAAGC-1-17,20221010-3_9,primary,N11,-0.89824593,7.6908197
TTCTAACCGAAGCTTA-1-17,20221010-3_9,primary,N11,8.648365,3.0645196
TGATTCGTCTATCACT-1-22,20230607-1_1,primary,N11,2.2208714,6.8323073
GCGGACCGCGTTGTGG-1-10,20221010-2_5,primary,N11,-2.0772965,9.232652
GATCGACACTATCTGA-1-22,20230607-1_1,primary,N11,6.4251647,8.729237
GGATGCTGGCGTTCCT-1-6,20221010-1_1,primary,N11,-0.43363228,6.7754865
TGGAATTAGACGCTTT-1-17,20221010-3_9,primary,N11,-0.61959076,8.640808
AAAGACTGGGCGCTTT-1-17,20221010-3_9,primary,N11,-1.3256823,9.094022
GCGCAAGAGCGCGCTG-1-22,20230607-1_1,primary,N11,3.714396,8.277921
TCCCGCGTACTCCTGG-1-22,20230607-1_1,primary,N11,6.525718,9.887672
ACGTCTCGTTCCGGGA-1-22,20230607-1_1,primary,N11,8.351444,9.096266
AGCTAAGTACGCAGGC-1-10,20221010-2_5,primary,N11,0.9944546,7.6315055
TCTCTAATAGCTGGTA-1-22,20230607-1_1,primary,N11,11.567962,7.233027
GGCGGTTTGCCGGTGC-1-10,20221010-2_5,primary,N11,-2.1129506,8.946321
TGCGAGAAACGTTACG-1-6,20221010-1_1,primary,N11,-0.26733625,11.060924
GTTCGCTGAGACGTCT-1-10,20221010-2_5,primary,N11,4.143191,9.953148
GTATGTGGGTCTAGTT-1-22,20230607-1_1,primary,N11,3.3832114,6.6148562
AGCAACATATCTTATT-1-22,20230607-1_1,primary,N11,3.4726915,6.688874
TCGGAGAGTATCGGGA-1-6,20221010-1_1,primary,N11,-0.38820627,11.220812
AAACCGGAAATGTTAA-1-22,20230607-1_1,primary,N11,11.161558,8.632464
TTGCGTCGGCCAACCG-1-10,20221010-2_5,primary,N11,-1.1204854,8.920916
ACACCTTAAGTAGGGC-1-22,20230607-1_1,primary,N11,9.80594,8.780031
GATCTTCATTGTCCTC-1-18,20221010-4_13,primary,N11,5.887999,11.338426
GTATTAGGGTTCGCGT-1-6,20221010-1_1,primary,N11,8.766976,3.1173718
CAGTCGGCCTAGATAT-1-22,20230607-1_1,primary,N11,7.855287,8.005672
GCTCCCAGTCGGTCCA-1-22,20230607-1_1,primary,N11,5.3040776,8.993983
TGGCAATGGGACGGCG-1-22,20230607-1_1,primary,N11,1.5519824,5.5109196
CACTCGGTTAGGAGGA-1-10,20221010-2_5,primary,N11,3.4589524,10.986436
TATTTGTTACCCTTTA-1-22,20230607-1_1,primary,N11,6.866301,9.105727
CAACGACCCGTTTACA-1-22,20230607-1_1,primary,N11,11.537614,8.79832
AAGTGCCTTGACTGTA-1-22,20230607-1_1,primary,N11,3.3488698,8.482541
CTTGTACTTGTTGACT-1-22,20230607-1_1,primary,N11,9.908303,8.684719
GTACTGGAGTTAGACC-1-22,20230607-1_1,primary,N11,2.317816,6.9176307
AGTTGCTGACTGATAT-1-18,20221010-4_13,primary,N11,5.4553294,8.046389
AATACAATGTTTCAGG-1-22,20230607-1_1,primary,N11,9.992297,9.279581
CTTTAGTGCTATTATT-1-18,20221010-4_13,primary,N11,10.016998,2.5812259
GCTCTAAACCCTGACG-1-22,20230607-1_1,primary,N11,9.263901,8.718008
AGAAATTATGACTCGC-1-22,20230607-1_1,primary,N11,4.738282,7.595332
CATTGCGAAATGGGCG-1-6,20221010-1_1,primary,N11,-0.8649702,7.5215406
TAAGGGCTGGGAGAGG-1-17,20221010-3_9,primary,N11,3.8612955,10.469452
GCCATCGAGCTGCGTG-1-10,20221010-2_5,primary,N11,-1.02577,8.841132
TCACGGTCATCGCACA-1-22,20230607-1_1,primary,N11,9.417121,9.435665
TTGAACGAATCCTTTG-1-18,20221010-4_13,primary,N11,2.140674,10.921928
CATAACGGACAGTCGT-1-22,20230607-1_1,primary,N11,1.663626,7.562979
CCCGCCATGCTCCCGT-1-22,20230607-1_1,primary,N11,10.645091,8.492377
GAGCGCTATGTCAGGC-1-6,20221010-1_1,primary,N11,-0.44412154,9.716177
AGTCGTGGGCATTACG-1-10,20221010-2_5,primary,N11,-1.0500562,7.750048
ACCCAACGCCCGTGGC-1-22,20230607-1_1,primary,N11,4.0815687,9.286228
ACGTAGATTGCTGATG-1-22,20230607-1_1,primary,N11,2.3637133,8.191839
AATTCGATTCGAGGAT-1-6,20221010-1_1,primary,N11,-1.6557008,7.961654
GAATGTTGGGTAATCT-1-22,20230607-1_1,primary,N11,10.700391,7.8060803
CTAGTTGGGCCCGGTA-1-22,20230607-1_1,primary,N11,7.933169,9.319047
CGCTCGACATAATGAT-1-22,20230607-1_1,primary,N11,10.198338,8.452127
TCAGGGCGACTTCCTT-1-10,20221010-2_5,primary,N11,6.990434,8.8360195
GTGTGTCGACGTCGCT-1-10,20221010-2_5,primary,N11,-1.2804828,11.084904
CCGAAGTATATTGTTC-1-17,20221010-3_9,primary,N11,-0.9145068,8.032402
GGTCAAGACTACTTCG-1-22,20230607-1_1,primary,N11,1.8542333,5.221629
GAGCTCTCGGACCTAA-1-17,20221010-3_9,primary,N11,-1.2565132,9.625041
AGGCCACCCGTTATGA-1-22,20230607-1_1,primary,N11,3.3486786,8.626668
AGACCGGGAAACCCTG-1-6,20221010-1_1,primary,N11,-0.42757368,7.863155
GCTAATACCGAATGCC-1-22,20230607-1_1,primary,N11,9.766683,8.734961
AATGACAGCAATGTCT-1-10,20221010-2_5,primary,N11,-0.23765686,8.462736
TCACGATGTCCGTGGA-1-6,20221010-1_1,primary,N11,-1.2881168,10.265367
CCGACAAAGGGAGTGC-1-6,20221010-1_1,primary,N11,-0.94323194,7.830442
CCAATTGAATGTTAAT-1-22,20230607-1_1,primary,N11,7.5143576,9.97653
TTGTGGTAGGAGGGAT-1-10,20221010-2_5,primary,N11,-1.4613874,8.974052
TTCTGCGAGCGCCCTT-1-22,20230607-1_1,primary,N11,8.199085,8.447693
ACGCCCAGCTGTCGAT-1-23,20230607-2_5,primary,N11,6.315964,10.008354
ATTCCTCCGCCAGTGC-1-22,20230607-1_1,primary,N11,8.766719,8.040927
TCATCACTCGAGCTCG-1-17,20221010-3_9,primary,N11,-1.1310098,8.948632
ATTGTTCAACGATCCG-1-22,20230607-1_1,primary,N11,10.704646,8.79758
TGATTCAGGTCCCGCG-1-23,20230607-2_5,primary,N11,10.892538,8.646693
TTCTACTTGCGAGGGC-1-22,20230607-1_1,primary,N11,8.031514,9.600916
GTGAAGCCGTATAGTC-1-17,20221010-3_9,primary,N11,8.58934,2.6293356
TGCAGAACTATATCGT-1-6,20221010-1_1,primary,N11,1.1147413,7.422068
GGGCCCTACGAAAGGG-1-10,20221010-2_5,primary,N11,-1.1306249,8.640943
TGGCAATGGGACGGCG-1-10,20221010-2_5,primary,N11,3.4412887,10.094396
ATACCAGCAAATTGCT-1-23,20230607-2_5,primary,N11,8.913543,8.789222
TCAACTAACGTATAAC-1-22,20230607-1_1,primary,N11,9.30263,8.285647
GGTCGGTCGTCCACAG-1-10,20221010-2_5,primary,N11,-1.0681467,8.025662
ATAGAGTTATCAACTT-1-22,20230607-1_1,primary,N11,4.373811,8.853389
CCTCCTGTTGTGTCGT-1-10,20221010-2_5,primary,N11,-0.63359237,7.9878635
TGGGCAGGCCACCGCA-1-22,20230607-1_1,primary,N11,4.9357724,6.9195986
TGTTCATAAATGTGCT-1-6,20221010-1_1,primary,N11,-1.0734692,7.0466347
GGCCGGCGTCTGCTAT-1-10,20221010-2_5,primary,N11,-1.2304083,8.509468
AAATCTAGCCCTGCTA-1-22,20230607-1_1,primary,N11,1.1112757,4.90165
GTTCGCTGAGACGTCT-1-22,20230607-1_1,primary,N11,3.6141632,6.635446
TTAGAATAAGGGTCGG-1-6,20221010-1_1,primary,N11,-1.0282612,7.559428
TCTAGCATCTTCGATG-1-22,20230607-1_1,primary,N11,8.950433,7.8083644
CATTGCGAAATGGGCG-1-10,20221010-2_5,primary,N11,-1.9752169,6.3651304
GACTCGCGGGAATGAC-1-17,20221010-3_9,primary,N11,8.716374,3.0471144
TGCTGGTTGGACAATT-1-17,20221010-3_9,primary,N11,2.2857225,10.182276
AAGGTATCCTAATATA-1-22,20230607-1_1,primary,N11,5.5800476,8.59801
CACAGTTCGCTTCCCA-1-22,20230607-1_1,primary,N11,4.6500688,7.529941
GTCTTGAGGAGCAGTG-1-22,20230607-1_1,primary,N11,11.244596,7.774344
CTGGAAATGGATGCTT-1-22,20230607-1_1,primary,N11,3.5115047,7.4163055
CAACTCCTTGATCCCG-1-22,20230607-1_1,primary,N11,9.480748,7.997467
GGTGTTGGGCGTCTTA-1-22,20230607-1_1,primary,N11,10.565929,8.230936
AGGCTATGGTTAGCTT-1-22,20230607-1_1,primary,N11,9.699367,9.2189245
CGAGAGGGTAGCCGCG-1-10,20221010-2_5,primary,N11,-1.1164538,8.0652075
CAATGGATCTCTACCA-1-22,20230607-1_1,primary,N11,3.6483262,8.942505
CGAAGACTGCCCGGGA-1-18,20221010-4_13,primary,N11,2.789686,9.121195
ACTGCTCGGAAGGATG-1-23,20230607-2_5,primary,N11,7.9689393,10.065683
ATTCATATACTGTCCA-1-18,20221010-4_13,primary,N11,9.455256,2.7805252
CGGCGCCATCAATCCC-1-10,20221010-2_5,primary,N11,2.6604984,6.894651
TCAAAGAGCTATCTGT-1-22,20230607-1_1,primary,N11,5.479718,9.315446
ATCTTGACCTGCAACG-1-22,20230607-1_1,primary,N11,6.932214,8.669413
CCTGTCACCCGGGCTC-1-22,20230607-1_1,primary,N11,4.460306,9.594272
GCGGGAACCAGGCCCT-1-22,20230607-1_1,primary,N11,9.684307,7.681316
GCGAAGCCATACCCGT-1-22,20230607-1_1,primary,N11,3.1477315,8.789422
TAACGCTTTGAGAGCG-1-22,20230607-1_1,primary,N11,9.097181,6.958711
ATTGAAGATCTTAGTG-1-22,20230607-1_1,primary,N11,2.3780625,8.655508
GATCGGTGGCCATAAC-1-22,20230607-1_1,primary,N11,4.969283,9.58628
CGGTCAAGTGGGAACC-1-22,20230607-1_1,primary,N11,4.075713,8.938547
ATAAACGTTGCACCAC-1-10,20221010-2_5,primary,N11,4.765132,8.365509
CCTGCGTTCTACGCTT-1-17,20221010-3_9,primary,N11,-0.46872866,7.7001796
CAGAGCATGAGCTTGC-1-22,20230607-1_1,primary,N11,7.3953357,10.056592
CGGCAGGGTCGGGTTG-1-22,20230607-1_1,primary,N11,4.108891,8.839308
GCTCTATGTTACGTGC-1-22,20230607-1_1,primary,N11,6.7122374,9.591447
CCCTATGTAGAGCAGA-1-23,20230607-2_5,primary,N11,7.397835,6.207873
GAATCGACATGGTCAC-1-22,20230607-1_1,primary,N11,5.055863,7.705517
TATGGAGTTTCTCGTT-1-18,20221010-4_13,primary,N11,2.4228392,10.170862
ATCGGTTACCTAGTAA-1-23,20230607-2_5,primary,N11,9.793281,9.012196
TTGCGGCATCAGAAAG-1-10,20221010-2_5,primary,N11,-1.6961355,8.479977
GAGTATGCGCGTGCAT-1-10,20221010-2_5,primary,N11,-2.473233,7.2961144
TCATACTTACAGATCC-1-17,20221010-3_9,primary,N11,-1.9213175,7.790359
ACCGATGGTAGCATCG-1-22,20230607-1_1,primary,N11,3.5022721,8.021379
TAGCCGGCGGTCAGCG-1-18,20221010-4_13,primary,N11,9.4817,2.8579547
ATTAACACCTGAGATA-1-10,20221010-2_5,primary,N11,9.035514,8.089951
CAGAATAACACACGGA-1-10,20221010-2_5,primary,N11,4.7602625,8.952754
TCGTAAGACGACATTG-1-22,20230607-1_1,primary,N11,4.0978804,9.785742
CGTTGTAAACGTCAGG-1-18,20221010-4_13,primary,N11,5.553291,11.359564
GTGCAGCGTAGAGTAG-1-22,20230607-1_1,primary,N11,11.444416,5.956188
CGCTATACCGCCCACT-1-22,20230607-1_1,primary,N11,1.8919213,9.404563
CGCTGTGTGGATGTTG-1-10,20221010-2_5,primary,N11,-1.7285752,7.5130577
ATCTGGTTAAGACTGT-1-22,20230607-1_1,primary,N11,6.80631,9.621334
TAGCTGATGTGAAGCG-1-22,20230607-1_1,primary,N11,5.646276,9.972932
AGAAGGTTGTAGGTCG-1-10,20221010-2_5,primary,N11,-1.824084,7.9311824
GCAGCCTATATCACAT-1-22,20230607-1_1,primary,N11,10.164879,8.836055
CCTACTGCTTACACTT-1-22,20230607-1_1,primary,N11,6.3231044,8.376134
CTGTTGGCTCTTCTGA-1-10,20221010-2_5,primary,N11,8.035543,8.813295
GAGTGTGCGGTACCCA-1-22,20230607-1_1,primary,N11,1.5006908,6.3329735
CGCCAATTATTGCGTT-1-6,20221010-1_1,primary,N11,-1.0674795,7.1910615
TTATATTTGGCAATCC-1-22,20230607-1_1,primary,N11,8.1027565,9.513342
GGAGACATTCACGGGC-1-6,20221010-1_1,primary,N11,-1.2449825,8.557612
AGTGCTTGCACGAATA-1-22,20230607-1_1,primary,N11,1.7200944,6.2639484
TCTATTACTAGAGGAT-1-6,20221010-1_1,primary,N11,-0.7291385,7.6079235
AACGATATGTCAACTG-1-22,20230607-1_1,primary,N11,7.1797657,9.291698
GATATGGATTACGCGG-1-17,20221010-3_9,primary,N11,1.6479114,11.318627
TCATTTAGAAGTGTGA-1-10,20221010-2_5,primary,N11,5.1161366,8.712283
AGCCAAGCTTTGTGTC-1-6,20221010-1_1,primary,N11,-2.0477893,6.478352
CAGTACCAGTTTACGT-1-6,20221010-1_1,primary,N11,-1.4510962,8.372154
AGTTTGGCCAGACCTA-1-6,20221010-1_1,primary,N11,-0.7741842,9.981919
ACAACGGTCCCTGCGA-1-17,20221010-3_9,primary,N11,3.213115,4.9634585
GGAAACTAAATGGGCC-1-10,20221010-2_5,primary,N11,0.45813575,6.1329193
GTACGAGATTGCGACA-1-22,20230607-1_1,primary,N11,9.855081,9.03787
CGTGTCCCATTCGCGA-1-22,20230607-1_1,primary,N11,3.1290107,8.501407
CCAATAGATTTCATCT-1-18,20221010-4_13,primary,N11,5.880464,11.057572
TGTGGCGGGCTTCTGG-1-6,20221010-1_1,primary,N11,-0.97084546,8.07835
CTTAGCCCGGATAGTG-1-6,20221010-1_1,primary,N11,4.757773,8.75653
AACAACTGGTAGTTGC-1-22,20230607-1_1,primary,N11,5.357515,8.118604
GCCCGCGCGTTTGACA-1-22,20230607-1_1,primary,N11,9.821932,9.185078
GCTAAACCTGAGGTGA-1-22,20230607-1_1,primary,N11,9.321287,9.171943
CCTCACCAATCTTGAC-1-17,20221010-3_9,primary,N11,-0.85842186,10.002493
CCTGTTTGAAGACACG-1-6,20221010-1_1,primary,N11,3.5269284,9.969251
GGCTCGTGCCACCAGC-1-22,20230607-1_1,primary,N11,9.793214,9.394027
TTACTATCGGCTTCTC-1-17,20221010-3_9,primary,N11,0.393648,9.055277
AGTCGGCCCAAACGAC-1-22,20230607-1_1,primary,N11,9.535279,9.131852
ACATCAGCTGGGACGC-1-22,20230607-1_1,primary,N11,7.896406,8.53012
TAGGCGATGAGGTCTC-1-22,20230607-1_1,primary,N11,6.45325,9.257307
AATAGTCGCGAGTCGG-1-6,20221010-1_1,primary,N11,-1.0199348,7.844665
ACCCGGATGACGCATC-1-22,20230607-1_1,primary,N11,3.5904918,7.2168446
TGCGCGATTAACGGAG-1-22,20230607-1_1,primary,N11,4.336377,7.8286176
AAATTTGCGGGTGTGG-1-10,20221010-2_5,primary,N11,-1.0626138,8.211057
CTGTTACCCAATCTAG-1-18,20221010-4_13,primary,N11,9.447439,2.6106458
TCCTCCTAAGACATTC-1-22,20230607-1_1,primary,N11,2.190618,6.934233
TTCTTAGTGAACGGTG-1-17,20221010-3_9,primary,N11,3.156231,10.231013
AGGGTGCTCTCGAGGG-1-17,20221010-3_9,primary,N11,9.875674,2.542912
TTGACCGTGTTAATGA-1-6,20221010-1_1,primary,N11,-0.9576331,11.587821
ATTGATCACCACATTT-1-22,20230607-1_1,primary,N11,2.1743925,8.688842
ACTTAGTACGACAAGA-1-18,20221010-4_13,primary,N11,6.791549,10.760399
GCATCCTCTCCTATTA-1-6,20221010-1_1,primary,N11,4.424352,9.777191
CGGTGCGCGTTGGTCC-1-6,20221010-1_1,primary,N11,-1.2967751,10.054026
ATGTGAAAGCCTAATG-1-6,20221010-1_1,primary,N11,-1.1423193,11.127515
ACTTCGCCATACGCAC-1-22,20230607-1_1,primary,N11,6.1823726,8.905144
CCTTCTCAGCGTTCCT-1-22,20230607-1_1,primary,N11,3.6788003,8.845845
TCGCATCCCTAAGTGT-1-17,20221010-3_9,primary,N11,-0.9197686,8.564184
TGCAGGATCGGCAAAG-1-22,20230607-1_1,primary,N11,9.1328945,9.433961
AGTTGACGGTCCTTGC-1-6,20221010-1_1,primary,N11,-1.8474084,9.280823
GGGATTTACCGCACCT-1-22,20230607-1_1,primary,N11,2.817927,8.693406
GCTGGCAGGTGCCGTG-1-18,20221010-4_13,primary,N11,7.5232544,10.25583
ACGCATACGTTTACTA-1-22,20230607-1_1,primary,N11,1.1425756,4.56563
ATGTGCATCCGACGCA-1-22,20230607-1_1,primary,N11,11.087375,8.04266
TGATGTCAATTAAGTG-1-10,20221010-2_5,primary,N11,3.5780487,9.885604
TCCCAAAGCCCTAAAT-1-22,20230607-1_1,primary,N11,10.175418,6.792868
GCCACTCAGAGCGCGA-1-10,20221010-2_5,primary,N11,-1.249439,8.841368
GCCACTCAGAGCGCGA-1-6,20221010-1_1,primary,N11,5.5214205,9.085604
GACGGGTTGGCCCGTA-1-10,20221010-2_5,primary,N11,-1.6699581,10.438177
CGGCAATAAGATCGCC-1-10,20221010-2_5,primary,N11,4.943896,8.707669
AGACCAAACCACACCT-1-23,20230607-2_5,primary,N11,10.902291,8.127485
ACGGGAGTGTCGGCCC-1-6,20221010-1_1,primary,N11,-1.1194073,8.924331
CCTGTCCCTCACGTTA-1-22,20230607-1_1,primary,N11,10.970951,8.337589
TTCCGGTTACCCACTT-1-22,20230607-1_1,primary,N11,2.0250103,6.776681
GCTACAGTACGGACCG-1-6,20221010-1_1,primary,N11,-0.26904935,6.7622185
CAATGTGCCAACCCTT-1-22,20230607-1_1,primary,N11,9.1125965,8.082299
AGCCGTGGCTAAATGT-1-6,20221010-1_1,primary,N11,-1.2807368,11.578238
TATCAAAGGTCTGTAA-1-10,20221010-2_5,primary,N11,8.669511,9.344003
CCTCGGATGCTACCTG-1-6,20221010-1_1,primary,N11,4.5821214,8.75727
GCTTCCGTCCCTAGAC-1-22,20230607-1_1,primary,N11,2.989954,9.566458
TTAGCTGATTTGCCGT-1-22,20230607-1_1,primary,N11,1.7675964,6.6247697
GTGTACCTTGGCTACG-1-22,20230607-1_1,primary,N11,4.919163,8.391137
AGCCTTAAAGCGGAAG-1-18,20221010-4_13,primary,N11,6.29696,9.867089
AGGACATCGCACGTCG-1-22,20230607-1_1,primary,N11,3.0991905,8.957972
TCTACCCAATAGAGAG-1-22,20230607-1_1,primary,N11,1.6077653,5.402937
TCGAAATTTAGGACCA-1-22,20230607-1_1,primary,N11,2.720524,8.651366
CGTCGGATAGTGTTGA-1-22,20230607-1_1,primary,N11,4.0375776,9.411795
TTATCCAATCGAACTC-1-18,20221010-4_13,primary,N11,7.192306,6.849893
TTAGCAACATGGATGT-1-17,20221010-3_9,primary,N11,-1.1819601,8.22385
TTCTGCGAGCGCCCTT-1-17,20221010-3_9,primary,N11,0.27989832,9.98575
ATTTGTCTTGGGAGCT-1-22,20230607-1_1,primary,N11,3.728011,7.9559827
TTACCCTAACAGTCCT-1-22,20230607-1_1,primary,N11,9.489286,8.936033
ACAAAGAAGGTAGGCC-1-22,20230607-1_1,primary,N11,7.3635592,9.091862
GCCTATTTGCTACACA-1-23,20230607-2_5,primary,N11,8.511547,9.840416
TTACTATCGGCTTCTC-1-22,20230607-1_1,primary,N11,10.086436,9.140853
CACTGTCCAAGTGAGA-1-22,20230607-1_1,primary,N11,10.103501,8.668719
CTTTAACTTTCAAAGG-1-22,20230607-1_1,primary,N11,8.523302,8.988174
ACTTGTGGATGGAACG-1-22,20230607-1_1,primary,N11,1.9867889,6.382224
TCTGAACCGGTCGGCT-1-17,20221010-3_9,primary,N11,4.7015758,9.561869
TCTGCAGATTCGAGTC-1-10,20221010-2_5,primary,N11,8.268926,9.231286
CGCCAAGAAGCCGAGT-1-6,20221010-1_1,primary,N11,-1.2148505,7.849881
AGTGTGGTCTATTGTG-1-18,20221010-4_13,primary,N11,3.2055407,9.834967
TAACAAAGGGAGAAGC-1-22,20230607-1_1,primary,N11,9.686219,9.187968
GCTTATGAAGCAGGAA-1-17,20221010-3_9,primary,N11,9.48532,3.4478025
CATCTAGTGAAGGGAA-1-22,20230607-1_1,primary,N11,10.247109,7.0322824
ACCGCGGTGGAAGTCG-1-22,20230607-1_1,primary,N11,3.459944,6.804432
ACATCAGCTGGGACGC-1-10,20221010-2_5,primary,N11,-0.9155605,6.9930897
GAAGCTCTTTGCTTAG-1-6,20221010-1_1,primary,N11,4.709353,8.795111
GGTCGGCCAGGAGCTT-1-22,20230607-1_1,primary,N11,2.8977244,8.934001
AAACCTCATGAAGTTG-1-6,20221010-1_1,primary,N11,4.6753635,8.248478
TTCTTAGTGAACGGTG-1-23,20230607-2_5,primary,N11,8.476489,7.177974
CCTGCGTTCTACGCTT-1-23,20230607-2_5,primary,N11,7.3634133,6.8708544
CGTTCATGGTGCGCGT-1-6,20221010-1_1,primary,N11,-0.91398704,10.7982435
TCATCACTCGAGCTCG-1-22,20230607-1_1,primary,N11,2.6890125,7.064715
TATATGCTGGGTTGCC-1-6,20221010-1_1,primary,N11,-1.9969473,6.912848
TTAAGGATACGGAGGT-1-17,20221010-3_9,primary,N11,-0.9282901,8.545618
CACAGGGCCATATAGT-1-6,20221010-1_1,primary,N11,7.345301,9.8665085
ACTACCAGCTCTCTGG-1-22,20230607-1_1,primary,N11,8.441224,9.562546
GCATCGGCCGTGTAGG-1-22,20230607-1_1,primary,N11,1.9465837,6.3545055
TGCCTTGCCCTTACGG-1-6,20221010-1_1,primary,N11,-0.2853207,7.6674876
CGTTTCGCTCATTACA-1-22,20230607-1_1,primary,N11,2.7805722,7.2184944
AAGTCTTCTGTGGCCT-1-23,20230607-2_5,primary,N11,9.473459,9.020991
GAAGCCACTGATTATG-1-6,20221010-1_1,primary,N11,-0.74990034,9.842043
CTGATAGTGTATCTCA-1-22,20230607-1_1,primary,N11,9.020835,7.950325
ACTATCTGCCCGCGTA-1-22,20230607-1_1,primary,N11,4.3904567,7.568365
AACAATTACTCTACGC-1-22,20230607-1_1,primary,N11,9.463997,9.547703
AGCCCATACATGTAAG-1-6,20221010-1_1,primary,N11,-1.2945625,7.4569693
CCCAGTAAACTTGGGA-1-22,20230607-1_1,primary,N11,3.813713,7.411149
TGCAATCTAACACGGT-1-6,20221010-1_1,primary,N11,4.205519,10.570042
GGGTTTAGGATAGGAT-1-22,20230607-1_1,primary,N11,3.9360318,8.419226
AGAATAAATCTTCAGG-1-22,20230607-1_1,primary,N11,11.052962,7.7361126
TTGGGACGTAAGAGTT-1-10,20221010-2_5,primary,N11,7.4586086,9.767704
CCTTGACCACTTTATT-1-22,20230607-1_1,primary,N11,4.625288,6.232987
GTCAGTTTGGTAGTCG-1-23,20230607-2_5,primary,N11,11.043948,7.6831436
GAATGCGAATCGGTTC-1-10,20221010-2_5,primary,N11,-1.4234122,10.235056
CAGTGAATAAATGACT-1-22,20230607-1_1,primary,N11,8.486154,9.477287
CAGTCGGCCTAGATAT-1-23,20230607-2_5,primary,N11,10.668941,8.428411
CCGCACGTGACCTCGG-1-22,20230607-1_1,primary,N11,8.8616705,9.2059965
AACGCGGTCTCCAGCC-1-22,20230607-1_1,primary,N11,10.623017,7.94864
GACATCCGTCGAACTG-1-6,20221010-1_1,primary,N11,-1.2861481,8.068477
GCAAATGAGGACACTT-1-22,20230607-1_1,primary,N11,9.638273,8.874236
CTGGCATCCGAATGAG-1-6,20221010-1_1,primary,N11,-1.04312,10.681582
TTAATGTAGACCAGGT-1-22,20230607-1_1,primary,N11,3.5423198,8.779922
CACTTCGCCACAGGCT-1-17,20221010-3_9,primary,N11,3.146623,10.9736395
CCCGTAAGTCTAGGCC-1-9,20221010-1_4,relapsed,N11,9.746233,8.307181
CATCCGCAGGCCCGAA-1-21,20221010-4_16,relapsed,N11,6.660967,10.68673
TCAGGGCGCAAACTCG-1-21,20221010-4_16,relapsed,N11,6.1476235,5.687451
TGCGTGATTGGGTGTC-1-21,20221010-4_16,relapsed,N11,7.9760513,10.130815
TGAGCGGAAAGTGTTC-1-9,20221010-1_4,relapsed,N11,-0.75918823,11.449687
AATGAGTTCGCATATG-1-9,20221010-1_4,relapsed,N11,7.799713,10.602869
ATTGATAGCAACGAGA-1-21,20221010-4_16,relapsed,N11,6.878565,6.346384
GAATGCCGAAATGACC-1-21,20221010-4_16,relapsed,N11,6.70771,6.934333
ATGTTCCTGCCCACCT-1-21,20221010-4_16,relapsed,N11,8.812654,8.380744
CAGTGGTTGCACATGA-1-21,20221010-4_16,relapsed,N11,9.789942,9.026651
AGTTGCTGACTGATAT-1-21,20221010-4_16,relapsed,N11,9.436172,9.212734
TCCGGTTCGTCCGGTC-1-9,20221010-1_4,relapsed,N11,7.5175424,9.961745
GGGTCTATCGCTTTCC-1-21,20221010-4_16,relapsed,N11,6.3897963,10.725701
GCGAGAAACGGGAGTT-1-21,20221010-4_16,relapsed,N11,8.164454,9.904484
CGTAAACGCTTGAGTG-1-9,20221010-1_4,relapsed,N11,-0.11251278,8.541229
TTGCGCTCTCTCGCTT-1-21,20221010-4_16,relapsed,N11,6.1706448,7.85627
GGGTACCCACGGTCCT-1-9,20221010-1_4,relapsed,N11,-0.52952284,11.332341
TCAACTAACGTATAAC-1-9,20221010-1_4,relapsed,N11,9.454528,9.043651
AATGAGTTCGCATATG-1-21,20221010-4_16,relapsed,N11,10.244574,8.532611
ATGCACCTTCCTTAAT-1-21,20221010-4_16,relapsed,N11,7.523101,8.549379
TGGATAGAGTAACAGA-1-21,20221010-4_16,relapsed,N11,8.081583,10.018225
CTGAGCAAGTAACAAG-1-21,20221010-4_16,relapsed,N11,7.737744,6.4269304
ATTCCTTCCAGGCGGT-1-21,20221010-4_16,relapsed,N11,6.8883257,10.234137
TTAAACAGAGTCCCGC-1-21,20221010-4_16,relapsed,N11,7.989474,9.566638
CTGAGCAAGTAACAAG-1-9,20221010-1_4,relapsed,N11,3.744863,9.7403755
GTGGTTTCCGCCTTTC-1-9,20221010-1_4,relapsed,N11,8.848085,9.253128
GGTCACGTTAGATTCA-1-9,20221010-1_4,relapsed,N11,3.1899319,11.426453
GTGCGCTTACAAATGA-1-9,20221010-1_4,relapsed,N11,8.076251,10.411294
GGAGGGTCAAGTAAGA-1-21,20221010-4_16,relapsed,N11,7.6656556,8.65914
CGTACCGAAAGTCTAG-1-21,20221010-4_16,relapsed,N11,7.945701,9.839734
CTCACTTGGCTGGTAA-1-9,20221010-1_4,relapsed,N11,8.857995,9.285673
AACCCGAGCAGAATCG-1-21,20221010-4_16,relapsed,N11,4.9768977,6.445081
GCGTCGCCAGGGTGAT-1-9,20221010-1_4,relapsed,N11,-1.3384979,11.18536
GGCGGTTTGCCGGTGC-1-21,20221010-4_16,relapsed,N11,3.6757674,9.339416
ACTCGATGTATTTCAT-1-21,20221010-4_16,relapsed,N11,7.1567907,9.734173
CATTTGAGTGGTACGT-1-9,20221010-1_4,relapsed,N11,9.284853,9.106638
ATCACGTGCTAATTAA-1-9,20221010-1_4,relapsed,N11,9.832807,8.93182
ATTACGCGCTGGCAGG-1-9,20221010-1_4,relapsed,N11,2.6247323,10.35752
GTATTAAGGCGTCTAA-1-21,20221010-4_16,relapsed,N11,6.766703,6.382069
GCTGAGCAACGGTTCT-1-21,20221010-4_16,relapsed,N11,8.348732,9.660526
GTGTCGTATAGCGTTC-1-9,20221010-1_4,relapsed,N11,1.4378467,11.022168
AGTCTGGACATCCTTG-1-21,20221010-4_16,relapsed,N11,7.01685,9.436223
GTTTATGGGATTTAGA-1-21,20221010-4_16,relapsed,N11,6.1103387,8.028434
AATAGTCGCGAGTCGG-1-21,20221010-4_16,relapsed,N11,7.324286,6.731198
GGTAAACTCTGCGCTG-1-21,20221010-4_16,relapsed,N11,4.2457147,9.338125
TCACTCTTCGTCTGTC-1-21,20221010-4_16,relapsed,N11,8.049571,8.335066
CCGAAAGTGGTGAGCA-1-21,20221010-4_16,relapsed,N11,6.5621305,7.885383
AACTCGATGGCGCAGT-1-9,20221010-1_4,relapsed,N11,7.9384055,10.488943
TACATGACCTTATCCG-1-21,20221010-4_16,relapsed,N11,5.6956234,9.565954
GTCAAAGTTTACATAG-1-9,20221010-1_4,relapsed,N11,3.0872204,11.201754
TACAATGAAACCAGCA-1-9,20221010-1_4,relapsed,N11,7.807111,10.435704
GATAAGGCAGATGCAA-1-9,20221010-1_4,relapsed,N11,7.6378055,10.661031
CAAATGCGGAGTGTTC-1-9,20221010-1_4,relapsed,N11,0.05666623,11.590915
CATCGTCCGGTTACTA-1-21,20221010-4_16,relapsed,N11,5.7308784,7.4750004
CGGGAGTATACCGCCG-1-21,20221010-4_16,relapsed,N11,6.270013,9.282935
AGTCTGGACATCCTTG-1-9,20221010-1_4,relapsed,N11,8.016456,10.506133
TACGCCTCCATTCCGA-1-9,20221010-1_4,relapsed,N11,9.108049,9.013919
ATAGCCTCAGTACCCA-1-21,20221010-4_16,relapsed,N11,7.9236994,9.623237
CGTTCTTCGCACACCT-1-21,20221010-4_16,relapsed,N11,5.4707007,7.5663333
AACGGCCATCTCCGGT-1-9,20221010-1_4,relapsed,N11,8.920154,8.46043
AGACAGCTCAGAATCC-1-21,20221010-4_16,relapsed,N11,6.2411895,7.894551
GTGCCTAGCTATGCTT-1-21,20221010-4_16,relapsed,N11,6.8771653,9.466996
GCTATCGCGGCGCAAC-1-21,20221010-4_16,relapsed,N11,7.6262856,7.5190606
CCAGTCCATTATTCGA-1-21,20221010-4_16,relapsed,N11,7.569376,10.411248
AGCGGTTGAGATGTAC-1-9,20221010-1_4,relapsed,N11,4.707333,9.796322
ACACTGATCAAGGTGT-1-9,20221010-1_4,relapsed,N11,8.2806225,9.24779
TTGCGTAGTTTGAGGA-1-21,20221010-4_16,relapsed,N11,6.1306367,10.648171
CGCTACCGCCCTATGA-1-9,20221010-1_4,relapsed,N11,8.860434,8.560956
AGCGTCTGAACCCGCA-1-9,20221010-1_4,relapsed,N11,8.727814,9.83801
CGCTTGGACGGATAGA-1-21,20221010-4_16,relapsed,N11,4.481979,6.47722
TCCAGATGTACGCCAA-1-21,20221010-4_16,relapsed,N11,5.994734,6.2072563
GGTAGAAGACCGCCTG-1-9,20221010-1_4,relapsed,N11,-0.2346732,8.904552
GCAGATCCTCGCAAAT-1-21,20221010-4_16,relapsed,N11,5.9699154,6.65891
TTCCTTTCTGTGTTGC-1-9,20221010-1_4,relapsed,N11,9.528196,9.60592
TTGGACATGTGGCTTA-1-9,20221010-1_4,relapsed,N11,9.756853,8.888307
GAAATACTAAACGTTT-1-21,20221010-4_16,relapsed,N11,7.5661745,7.196282
CTGGCGGGAATAAGTA-1-21,20221010-4_16,relapsed,N11,6.3733478,6.2664256
CTGTTCATCTCACGGG-1-21,20221010-4_16,relapsed,N11,7.1637444,6.667213
AGGCTTGCTAGACACC-1-9,20221010-1_4,relapsed,N11,3.8574162,11.231887
AACTTCTGCGTCTATC-1-21,20221010-4_16,relapsed,N11,8.515663,8.527243
GCCTTGTATATGCAGT-1-21,20221010-4_16,relapsed,N11,8.465372,9.295785
GTTTCATATCGTCGCT-1-9,20221010-1_4,relapsed,N11,9.14375,9.533366
GAATAGCCCTGCGGTC-1-21,20221010-4_16,relapsed,N11,7.844229,8.171164
TCGTTAGGAGTCCCTA-1-9,20221010-1_4,relapsed,N11,8.37725,8.591077
CGGATAAGCGGACATG-1-21,20221010-4_16,relapsed,N11,6.931515,7.5696163
GAGATGGGAGTCGACA-1-9,20221010-1_4,relapsed,N11,-0.45960808,11.479902
CTGGTCATTCCAATCC-1-21,20221010-4_16,relapsed,N11,6.6610756,6.446113
GCTGGACCCAAAGTGG-1-21,20221010-4_16,relapsed,N11,6.465772,7.5691214
CGCTGAGGACGTCCAA-1-9,20221010-1_4,relapsed,N11,6.5597,10.4465
TAAACGTCGTCAATGA-1-21,20221010-4_16,relapsed,N11,8.241426,10.25257
TCGCCGAAGTTGCGTC-1-9,20221010-1_4,relapsed,N11,9.500028,9.527231
GCACTCCCACAGTCCC-1-9,20221010-1_4,relapsed,N11,7.6113396,10.213704
AAATGCTCGTTACGTT-1-21,20221010-4_16,relapsed,N11,6.7328053,6.1572475
ATCGTCCAATCGAGTC-1-21,20221010-4_16,relapsed,N11,6.4759374,9.385265
CGTCAGCTATTTACTC-1-21,20221010-4_16,relapsed,N11,8.356995,9.54337
CACAGTCCCGCTTCGC-1-21,20221010-4_16,relapsed,N11,4.669002,6.413781
CCAAGAAAGTGGGCGA-1-9,20221010-1_4,relapsed,N11,10.180221,8.161964
TGCGATGCTAATGGCT-1-21,20221010-4_16,relapsed,N11,6.0687776,9.619067
GTGTATGACTTTAAAG-1-9,20221010-1_4,relapsed,N11,6.676491,9.853772
CTGCTTTATGTCCGCG-1-21,20221010-4_16,relapsed,N11,7.774383,7.933786
AGAGCTACGAAAGCAT-1-21,20221010-4_16,relapsed,N11,8.02577,10.065452
TATACTCATGCGGCAA-1-21,20221010-4_16,relapsed,N11,6.491381,6.895418
AACTTGCGTTCTCGCG-1-21,20221010-4_16,relapsed,N11,9.634754,9.119745
TGGTCTAGCTTACATG-1-21,20221010-4_16,relapsed,N11,5.814182,8.389912
AACGTTATCAGCACCT-1-21,20221010-4_16,relapsed,N11,6.2707314,8.960696
CGTCATACCATATCCA-1-21,20221010-4_16,relapsed,N11,7.477295,7.4251566
AACTCGATGGCGCAGT-1-21,20221010-4_16,relapsed,N11,7.202212,6.9407043
CCCTAGTGTCAGGTGT-1-21,20221010-4_16,relapsed,N11,5.9058805,9.667016
GGTGAACGGGCTAGCC-1-9,20221010-1_4,relapsed,N11,7.521614,10.4425955
CCGACAAACACATGAG-1-21,20221010-4_16,relapsed,N11,4.8848825,11.61278
AACACGCGGCCGCGAA-1-9,20221010-1_4,relapsed,N11,9.808003,9.430895
TTACGGTGTCACCGAG-1-9,20221010-1_4,relapsed,N11,8.264125,10.192176
GTGCGGGACCATCGGC-1-9,20221010-1_4,relapsed,N11,-2.4556687,6.9602447
AAGAAGGATCAGTTAG-1-21,20221010-4_16,relapsed,N11,6.5611715,6.856185
GGGTCATGCGTACCAT-1-21,20221010-4_16,relapsed,N11,5.901953,9.377799
CACGTCAATCAATGGA-1-21,20221010-4_16,relapsed,N11,4.543425,6.4115424
TCGTCTTAGGCGTTAA-1-9,20221010-1_4,relapsed,N11,2.9080336,8.861364
ACGGGTCATGTGACTT-1-21,20221010-4_16,relapsed,N11,8.444573,9.449545
TTACCGCCTTAGGGAA-1-21,20221010-4_16,relapsed,N11,6.154103,10.289892
CGTGCTGGCCTAGTCG-1-21,20221010-4_16,relapsed,N11,7.7023277,9.714793
GTACGACGGCGCTGCG-1-21,20221010-4_16,relapsed,N11,7.3688974,7.7362523
AATAGCTACCGCGTGC-1-21,20221010-4_16,relapsed,N11,9.086437,8.901988
TTCCTTTCTGTGTTGC-1-21,20221010-4_16,relapsed,N11,6.5803576,9.120219
GTGATTCGCCGCTCAA-1-9,20221010-1_4,relapsed,N11,9.197505,8.390687
ATAGCTGCTCTTGTTA-1-21,20221010-4_16,relapsed,N11,7.6316905,9.977359
CAGTGGTTGCACATGA-1-9,20221010-1_4,relapsed,N11,-0.5419447,11.633104
GTATAATCTCCCGGAT-1-21,20221010-4_16,relapsed,N11,8.503241,9.111581
GATCGGCGATAAGTCG-1-21,20221010-4_16,relapsed,N11,4.7507405,8.005019
TCCCTCTTCTCAAGGG-1-21,20221010-4_16,relapsed,N11,5.782751,10.228326
CACTTCGTCTTATCTC-1-21,20221010-4_16,relapsed,N11,6.0171666,11.042571
CCCTGATGTAACTCGT-1-21,20221010-4_16,relapsed,N11,8.562008,9.455713
CCATAGTCAGTAACCC-1-21,20221010-4_16,relapsed,N11,8.360388,10.117679
CTCTCGCTGTACTATG-1-21,20221010-4_16,relapsed,N11,5.8929033,10.7561035
GGGCGGTCCTATTGTC-1-9,20221010-1_4,relapsed,N11,3.1946104,11.664485
TGCACTATGTGAGTGC-1-21,20221010-4_16,relapsed,N11,5.428881,10.865969
TACCGGTCGTTTCCAT-1-9,20221010-1_4,relapsed,N11,8.680842,8.670183
CGTCGCGGCGGGATTT-1-21,20221010-4_16,relapsed,N11,8.064445,10.257081
ACGAGAACCCATCACG-1-9,20221010-1_4,relapsed,N11,7.9291096,10.382796
CGAAGACTGCCCGGGA-1-9,20221010-1_4,relapsed,N11,5.3155303,8.811994
CACGATTGGTCGTTAA-1-9,20221010-1_4,relapsed,N11,1.612803,11.204395
GGAACCCGAACAAGAA-1-21,20221010-4_16,relapsed,N11,5.9975824,7.117537
ATCTGATAGTGTCTTA-1-21,20221010-4_16,relapsed,N11,7.7893305,10.339659
CTTCTATTAATGCTAG-1-9,20221010-1_4,relapsed,N11,9.711799,9.247612
TCGGTTAGCCATGTAG-1-9,20221010-1_4,relapsed,N11,-0.53563243,11.639039
CGGGCCATAGCCGCAC-1-21,20221010-4_16,relapsed,N11,9.434957,8.966115
TGTAGCCATCCCATTC-1-21,20221010-4_16,relapsed,N11,6.30512,7.8370633
CGGTTCCGGCTTCTTG-1-9,20221010-1_4,relapsed,N11,9.65648,9.472649
GTCATCTCCTACAGCT-1-21,20221010-4_16,relapsed,N11,8.162784,10.086482
TTCTGTTTCCTGTCGC-1-21,20221010-4_16,relapsed,N11,6.186968,9.806743
AGTTCTGCGTTGTATC-1-21,20221010-4_16,relapsed,N11,8.784912,6.5066586
CAACAGAATAACGCTA-1-9,20221010-1_4,relapsed,N11,4.6522164,10.229181
TTCGCATCCGGAAGCA-1-21,20221010-4_16,relapsed,N11,6.7131867,10.360325
ATCGCACGATTGTTCA-1-21,20221010-4_16,relapsed,N11,7.2183547,9.515212
GGGTTCAGACGAACAA-1-21,20221010-4_16,relapsed,N11,6.296554,7.1955748
AAACAATCTACTAGCA-1-9,20221010-1_4,relapsed,N11,2.99964,11.106693
TCACAGATCCTCAAAC-1-21,20221010-4_16,relapsed,N11,6.331346,10.233349
TCTGCGTCCGGTTTCT-1-9,20221010-1_4,relapsed,N11,8.32347,9.128131
GGGTACCCACGGTCCT-1-21,20221010-4_16,relapsed,N11,7.515007,7.1371994
GGACCTACGGTAACGT-1-21,20221010-4_16,relapsed,N11,5.511979,6.4449058
TCGTTGGCTCGTCAAT-1-9,20221010-1_4,relapsed,N11,7.8876486,10.341144
CGAGTACTAAAGAGGA-1-9,20221010-1_4,relapsed,N11,8.837105,9.246679
GCTGTATTACTGGCCC-1-9,20221010-1_4,relapsed,N11,9.034447,9.629743
CAATCCTGCCGTGGAG-1-21,20221010-4_16,relapsed,N11,8.586105,7.240147
GAAGCCGGGTAAGCTC-1-21,20221010-4_16,relapsed,N11,8.389688,9.029151
CCTGCGATAGAACTGT-1-21,20221010-4_16,relapsed,N11,5.623937,9.223432
GAGGGCATCGCGTATC-1-21,20221010-4_16,relapsed,N11,5.7352657,7.262255
ACCAACGCTTATTTAT-1-9,20221010-1_4,relapsed,N11,9.017925,8.314766
TTGAACGAATCCTTTG-1-21,20221010-4_16,relapsed,N11,7.988038,8.748663
TAGTGTCAGAAACGGC-1-21,20221010-4_16,relapsed,N11,5.9390197,5.645995
CAATCCTGCCGTGGAG-1-9,20221010-1_4,relapsed,N11,-0.57686067,11.422786
GCCGTGGAAGAAATGT-1-21,20221010-4_16,relapsed,N11,7.268245,8.284853
AACGATAATGCCGTAG-1-9,20221010-1_4,relapsed,N11,3.3131187,11.024763
ACCCTATAGGACTGAG-1-21,20221010-4_16,relapsed,N11,7.7798705,8.2002125
CCAGCTTCCGCCCGCA-1-9,20221010-1_4,relapsed,N11,7.808341,9.460798
CGCGGCAGTATTACGG-1-21,20221010-4_16,relapsed,N11,7.927374,10.516243
CATTTCTAGCAGACTA-1-21,20221010-4_16,relapsed,N11,5.859942,5.6292624
CGTAAACGCTTGAGTG-1-21,20221010-4_16,relapsed,N11,6.703975,9.947176
GGCTTGGCTCTCACCT-1-21,20221010-4_16,relapsed,N11,6.3796077,10.524261
ATAATACCGTTAGCCG-1-21,20221010-4_16,relapsed,N11,8.341108,10.04407
GGCCACAAGCGATGGC-1-9,20221010-1_4,relapsed,N11,-0.7668797,11.578318
AGTTCACCGGTTGGAC-1-21,20221010-4_16,relapsed,N11,6.3667603,8.375301
AGCCTTAAAGCGGAAG-1-21,20221010-4_16,relapsed,N11,4.741791,7.021493
TTAGATAGGTCGATAC-1-21,20221010-4_16,relapsed,N11,6.6765943,5.895646
TGCTTGAAACCATGCA-1-21,20221010-4_16,relapsed,N11,8.466554,9.764452
GGTTACCACCCTCGGG-1-9,20221010-1_4,relapsed,N11,8.971203,9.303083
GTTATTAACGTGGGAG-1-21,20221010-4_16,relapsed,N11,6.4716263,6.645963
GGCTGGCTAGCTTAAA-1-9,20221010-1_4,relapsed,N11,7.8910065,10.508909
CTACACTAGCTTGTTC-1-9,20221010-1_4,relapsed,N11,7.262817,10.575158
GACATACTGTCGCAGA-1-21,20221010-4_16,relapsed,N11,6.1049113,9.870274
CAGTAATCCCTCCCAG-1-21,20221010-4_16,relapsed,N11,4.8322415,6.3040957
CGGCACTCAAGAAAGT-1-9,20221010-1_4,relapsed,N11,3.544635,11.46477
ACGGAATTTAGCAAAT-1-21,20221010-4_16,relapsed,N11,6.2926755,6.5679574
TATATGCTGGGTTGCC-1-21,20221010-4_16,relapsed,N11,5.9087768,8.619724
CACATGTTTGGACATG-1-21,20221010-4_16,relapsed,N11,6.4115376,10.580242
ATCGGAGACAGACGGC-1-9,20221010-1_4,relapsed,N11,-1.1396614,10.724779
GTATTCTTACCGTGCT-1-21,20221010-4_16,relapsed,N11,7.049914,8.5424795
GGTTGTGCTCTTGTCC-1-21,20221010-4_16,relapsed,N11,4.33862,6.1109705
GTTGAGTCCCGCCGGT-1-9,20221010-1_4,relapsed,N11,-0.6934262,11.578861
CGCTTATTCCCGGTCG-1-9,20221010-1_4,relapsed,N11,8.349328,8.757606
GGGATACGGTAATAAT-1-21,20221010-4_16,relapsed,N11,6.8820915,9.625463
CTTGAGGTTATCCCGA-1-21,20221010-4_16,relapsed,N11,6.0371003,7.327446
ACTCAACGAATGTATT-1-9,20221010-1_4,relapsed,N11,8.238585,10.315285
CTGGCGGGAATAAGTA-1-9,20221010-1_4,relapsed,N11,2.2741942,11.481862
TCGGGCACTTCTGGAT-1-9,20221010-1_4,relapsed,N11,3.298383,11.227308
GTCCTTCTACAACCCA-1-21,20221010-4_16,relapsed,N11,5.7272596,11.145333
TCTCGGCTCCAGGACT-1-21,20221010-4_16,relapsed,N11,7.6235557,7.715827
GAAATGGGATGTAAAC-1-21,20221010-4_16,relapsed,N11,7.043368,9.535639
CATTGTGTGCTAGATC-1-21,20221010-4_16,relapsed,N11,7.526611,9.44795
CTAAACGGGTGTAATC-1-9,20221010-1_4,relapsed,N11,3.6346576,10.886489
ATGCCAATCGCTCTGC-1-21,20221010-4_16,relapsed,N11,5.868742,5.5641723
CTCCGGCTTGTAGACA-1-21,20221010-4_16,relapsed,N11,9.531783,9.1127825
TTAGTTCAAGTGTTCG-1-21,20221010-4_16,relapsed,N11,6.715605,9.528013
AACCAAGACTTCTCTG-1-9,20221010-1_4,relapsed,N11,8.301797,8.91885
TTACTCTGGTACGTAC-1-9,20221010-1_4,relapsed,N11,9.747384,8.17925
GAAGCAAGGCAATGTT-1-9,20221010-1_4,relapsed,N11,4.2329783,10.215553
AGTGTGGTCTATTGTG-1-21,20221010-4_16,relapsed,N11,6.118954,6.3228436
AAATGCTCGTTACGTT-1-9,20221010-1_4,relapsed,N11,-0.45545208,11.714109
GTTCGGAGCACTCAAC-1-21,20221010-4_16,relapsed,N11,7.410888,9.576934
TTAAGGATACGGAGGT-1-9,20221010-1_4,relapsed,N11,1.8937409,11.19098
CTGGGCGGCCAAATGT-1-9,20221010-1_4,relapsed,N11,-1.1978284,7.781763
CCAAGTTTCTACAGAT-1-21,20221010-4_16,relapsed,N11,8.468319,8.974534
GTTATTAACGTGGGAG-1-9,20221010-1_4,relapsed,N11,7.886808,10.450106
GACACGAGTTAGAGGA-1-21,20221010-4_16,relapsed,N11,8.324618,6.971383
CCTCATGCAGCTACGA-1-9,20221010-1_4,relapsed,N11,7.839857,10.527969
TCTGCAGATTCGAGTC-1-21,20221010-4_16,relapsed,N11,4.8780894,6.082677
AACTTGCGTTCTCGCG-1-9,20221010-1_4,relapsed,N11,7.3402514,10.673907
CCGAAGTATATTGTTC-1-21,20221010-4_16,relapsed,N11,6.743467,5.9136705
CTTATGTTGACTACCA-1-21,20221010-4_16,relapsed,N11,5.483789,5.539072
TGTCGGCATGGTGGAA-1-21,20221010-4_16,relapsed,N11,5.8768406,10.334072
AAACTCGTGATATAAG-1-21,20221010-4_16,relapsed,N11,7.336822,8.418638
TCACAGCAAACTCGAA-1-9,20221010-1_4,relapsed,N11,8.457491,9.066366
TAAGTAAATGTGCCGC-1-9,20221010-1_4,relapsed,N11,3.8298857,10.67838
AGGCTTGCTAGACACC-1-21,20221010-4_16,relapsed,N11,4.3424697,6.1251564
CTTGAGGTTATCCCGA-1-9,20221010-1_4,relapsed,N11,9.175661,9.7334795
TATGATTCTGCTTGGT-1-9,20221010-1_4,relapsed,N11,7.320154,9.43504
AAGAAGGATCAGTTAG-1-9,20221010-1_4,relapsed,N11,9.778555,9.463703
ACGGCCAACATGGACT-1-9,20221010-1_4,relapsed,N11,9.228357,9.3767395
GCGCGATGGGTCAAGT-1-9,20221010-1_4,relapsed,N11,7.6820784,10.594216
TAGTGTCAGAAACGGC-1-9,20221010-1_4,relapsed,N11,8.0324335,10.567832
AGTCAGCCACCGCCTG-1-21,20221010-4_16,relapsed,N11,6.425165,7.828237
AGCGTTCCGATTTAAA-1-9,20221010-1_4,relapsed,N11,4.021302,10.187497
CCCGCGCAATGCACCC-1-21,20221010-4_16,relapsed,N11,7.6557727,7.8347206
GTACGACGGCGCTGCG-1-9,20221010-1_4,relapsed,N11,7.205315,10.159968
TTCGGCTAGAGATGGT-1-21,20221010-4_16,relapsed,N11,7.221046,6.981662
AGTTACCCTTAAGACT-1-21,20221010-4_16,relapsed,N11,6.5597296,9.471415
TGGACCACGGCGTTGA-1-21,20221010-4_16,relapsed,N11,6.8351927,10.257362
GGTCCTTCATACGACT-1-21,20221010-4_16,relapsed,N11,6.913964,9.316946
TTAACTCACGCGTGGA-1-21,20221010-4_16,relapsed,N11,7.1331606,6.8642507
GGCCCTCACCCACTTA-1-9,20221010-1_4,relapsed,N11,9.5250225,8.168324
TACGGCATGGACGCTA-1-21,20221010-4_16,relapsed,N11,4.3240476,6.028288
GACATCGATTTATAAC-1-9,20221010-1_4,relapsed,N11,9.031204,8.652756
TTCCACACAGATTTGA-1-9,20221010-1_4,relapsed,N11,7.8723373,9.587281
CTTATGTTGACTACCA-1-9,20221010-1_4,relapsed,N11,8.117319,10.395378
TCTGCGTCCGGTTTCT-1-21,20221010-4_16,relapsed,N11,8.624894,7.3102784
CGAGGCCAGGCATTGG-1-21,20221010-4_16,relapsed,N11,7.2831635,6.422521
TCTTCGCGGTGAGAGG-1-21,20221010-4_16,relapsed,N11,5.036063,6.6772676
CTCAGGACTCACCTGT-1-21,20221010-4_16,relapsed,N11,6.7844667,7.0678577
CGTTGTAAACGTCAGG-1-21,20221010-4_16,relapsed,N11,5.982861,10.96696
CCCTGTTGGCAAAGAC-1-21,20221010-4_16,relapsed,N11,7.815752,9.76373
GCAGCGGTGGGCATTA-1-9,20221010-1_4,relapsed,N11,7.7195883,10.637866
CTGGCTGGTTGTCAGT-1-9,20221010-1_4,relapsed,N11,8.354093,6.8458962
GTCCTACAGGCGGCTC-1-21,20221010-4_16,relapsed,N11,8.14473,8.519752
TCCGTAACCACAATCC-1-21,20221010-4_16,relapsed,N11,7.469309,8.389611
ATAGGCGGCTATAGAA-1-9,20221010-1_4,relapsed,N11,9.165564,8.868059
CATTCCCTAAGTACAA-1-21,20221010-4_16,relapsed,N11,8.204717,9.933472
CTCGAGATCCAAAGCA-1-21,20221010-4_16,relapsed,N11,7.9462943,10.224293
TGAAGAGCGGTCCTAG-1-21,20221010-4_16,relapsed,N11,5.9047427,11.113323
CAACCAGTGGCCTACC-1-21,20221010-4_16,relapsed,N11,6.5221076,9.417441
AGTATCCATAATAACG-1-21,20221010-4_16,relapsed,N11,5.8622117,9.148565
CAATTTGACCGGGAAG-1-21,20221010-4_16,relapsed,N11,5.7575927,11.08854
TCTCGGCTCCAGGACT-1-9,20221010-1_4,relapsed,N11,8.105707,10.477425
TAGTGAGAAGTGGTTG-1-9,20221010-1_4,relapsed,N11,7.673591,10.22997
GCTCAACCTCTTAGAG-1-21,20221010-4_16,relapsed,N11,8.617182,8.74878
ACACTGGGACAGTCGT-1-21,20221010-4_16,relapsed,N11,9.329688,8.748249
TTGCTGCACCTATCCA-1-21,20221010-4_16,relapsed,N11,8.574913,7.6341624
AGTTGACATCGGCTGG-1-9,20221010-1_4,relapsed,N11,9.487694,9.006571
CTAGGCGGCAGAGAAT-1-21,20221010-4_16,relapsed,N11,6.8300953,9.727108
GTAATCTGATTCTTCG-1-9,20221010-1_4,relapsed,N11,8.288362,9.255306
TTATCGCCTGCGAAGC-1-9,20221010-1_4,relapsed,N11,8.067805,9.037136
TTACGTATCTATGACA-1-21,20221010-4_16,relapsed,N11,6.0831046,8.929861
TGCCTGACATCGGTCA-1-9,20221010-1_4,relapsed,N11,7.5601134,10.667532
GAAGACTTCAATGCCG-1-20,20221010-4_15,mrd12,N12,10.99675,10.529916
CAGCCCTCACAGGCAG-1-20,20221010-4_15,mrd12,N12,10.986297,10.48515
TTATAGATGCACATTA-1-20,20221010-4_15,mrd12,N12,11.07047,10.647664
AATAAGTCCTCGAGAC-1-20,20221010-4_15,mrd12,N12,10.947993,10.435727
TACAATGAAACCAGCA-1-20,20221010-4_15,mrd12,N12,11.185907,10.822236
TATCACAGCACGGGCA-1-20,20221010-4_15,mrd12,N12,11.082703,10.642955
GACCAGGTCATTCATA-1-20,20221010-4_15,mrd12,N12,10.865399,10.262838
CATGAACCTCTTATCA-1-20,20221010-4_15,mrd12,N12,11.071625,10.650288
GTTTGGGCTTGTGAGC-1-8,20221010-1_3,mrd12,N12,8.4074745,6.304004
AGCGGCGGTTAGCGGT-1-8,20221010-1_3,mrd12,N12,9.261397,7.22404
ATACCAGCAAATTGCT-1-20,20221010-4_15,mrd12,N12,11.201237,10.840097
GGCGTACCCTATATAA-1-20,20221010-4_15,mrd12,N12,11.1416445,10.771133
CCCGCTTGCCCTCGTC-1-20,20221010-4_15,mrd12,N12,10.072347,8.891903
ACTGTTTAGTGTAGGC-1-20,20221010-4_15,mrd12,N12,11.068695,10.647412
CATTCACTGACAGCTA-1-20,20221010-4_15,mrd12,N12,11.143899,10.756126
CACCGTTAGGGATCAC-1-8,20221010-1_3,mrd12,N12,8.689071,6.2397914
ACCAGCCCGGTCTTTG-1-20,20221010-4_15,mrd12,N12,10.955531,10.44566
AAATGTGGGTGCTCCT-1-20,20221010-4_15,mrd12,N12,11.088267,10.683714
TGCTATACAAACGGAC-1-20,20221010-4_15,mrd12,N12,11.259307,10.8829365
GGCATCAACGAGCACG-1-20,20221010-4_15,mrd12,N12,10.650517,9.884148
CCCTGGTATGGGCGGC-1-20,20221010-4_15,mrd12,N12,10.797712,10.054476
GCCGGAAACACATCTT-1-20,20221010-4_15,mrd12,N12,11.206336,10.841874
GATTGACACTCTGCTC-1-20,20221010-4_15,mrd12,N12,11.165331,10.780624
AAGGAGAACTTATAAG-1-20,20221010-4_15,mrd12,N12,11.204405,10.83032
CACTACTCAGTTCTGT-1-20,20221010-4_15,mrd12,N12,11.040659,10.596072
ATGCATTCCGTGATGG-1-20,20221010-4_15,mrd12,N12,11.222769,10.866847
GGGCTATGATCGATGG-1-8,20221010-1_3,mrd12,N12,9.080702,4.7923226
TACAAGCTGTTCACTG-1-20,20221010-4_15,mrd12,N12,10.720931,10.069683
AAACAATCTACTAGCA-1-20,20221010-4_15,mrd12,N12,10.701746,10.038152
GACGGACCGCGTTCCT-1-20,20221010-4_15,mrd12,N12,11.210317,10.847283
CCCAAGAATGCACGGT-1-24,20230607-2_8,mrd12,N12,9.842126,7.6762695
AGGGACAGCACGGCGG-1-20,20221010-4_15,mrd12,N12,10.296878,8.831694
AGAGGTATCTCGGTCC-1-20,20221010-4_15,mrd12,N12,11.241828,10.881778
TCTGTGGCTACATTTC-1-20,20221010-4_15,mrd12,N12,10.914302,10.394191
CGAGAGCGCGTAGATA-1-8,20221010-1_3,mrd12,N12,7.776783,6.6562185
CATTTATCGTTCAAGA-1-20,20221010-4_15,mrd12,N12,9.939705,8.4610405
GCACTCCCACAGTCCC-1-20,20221010-4_15,mrd12,N12,10.847593,10.272955
ATGTGTAGTTTAGTCA-1-20,20221010-4_15,mrd12,N12,11.21631,10.8566
AAGTAAGCTTCCAAAC-1-20,20221010-4_15,mrd12,N12,10.938689,10.433703
GCGTGTATGTCGTATT-1-20,20221010-4_15,mrd12,N12,10.798306,10.200427
ATGGTGCTCAAAGCCA-1-20,20221010-4_15,mrd12,N12,11.237204,10.882083
GGGCCCTACGAAAGGG-1-8,20221010-1_3,mrd12,N12,4.015533,10.413812
CGCTACCGCCCTATGA-1-20,20221010-4_15,mrd12,N12,10.65919,9.983267
ACTTGCCATATTGTAC-1-20,20221010-4_15,mrd12,N12,11.212059,10.8511915
ACAATCGATCTTTATA-1-20,20221010-4_15,mrd12,N12,9.793557,8.762305
GTTTGAGCGGTTATGT-1-20,20221010-4_15,mrd12,N12,10.663858,9.971697
ACCGTTCCCGCTCTGA-1-20,20221010-4_15,mrd12,N12,11.058522,10.642167
CGAAGACTGCCCGGGA-1-20,20221010-4_15,mrd12,N12,10.923543,10.36328
AACGTAGTCTACCCAT-1-20,20221010-4_15,mrd12,N12,11.154012,10.772414
ACCCTTTAGTTCTCCA-1-20,20221010-4_15,mrd12,N12,9.98072,8.858101
CAAACGAGTATCGCAG-1-8,20221010-1_3,mrd12,N12,8.690136,6.4200935
AAGTTTACTAATGGCA-1-20,20221010-4_15,mrd12,N12,11.199303,10.839815
CACGATTGGTCGTTAA-1-20,20221010-4_15,mrd12,N12,10.581217,9.903718
GGGCCTAAATGGGCTA-1-8,20221010-1_3,mrd12,N12,8.49134,7.398779
GGTTGTATCGTGAAAT-1-20,20221010-4_15,mrd12,N12,10.9195795,10.366792
CTTCCGCTCCGTGAAG-1-8,20221010-1_3,mrd12,N12,7.4231725,7.160431
GTGCGCTTACAAATGA-1-20,20221010-4_15,mrd12,N12,10.925973,10.4174
CAAATGCGGAGTGTTC-1-20,20221010-4_15,mrd12,N12,9.248543,8.792948
TCGGAATGACCATCAA-1-20,20221010-4_15,mrd12,N12,10.63653,9.864569
CGTCAGTTTATCGTCT-1-20,20221010-4_15,mrd12,N12,10.828081,10.246901
CGTCGGATAGTGTTGA-1-24,20230607-2_8,mrd12,N12,8.7658415,7.4933505
CGCGTCATATTAAACC-1-20,20221010-4_15,mrd12,N12,10.408887,9.513727
CATGCATGGAGACCCT-1-20,20221010-4_15,mrd12,N12,10.336343,9.185684
CCGCCACCACAATCCA-1-20,20221010-4_15,mrd12,N12,11.07264,10.626742
GAGGAGTAATTCCTAC-1-20,20221010-4_15,mrd12,N12,11.12958,10.743496
CCCAAGACAGAGTATG-1-20,20221010-4_15,mrd12,N12,11.240489,10.876701
GATGTGTTGTCACAAG-1-20,20221010-4_15,mrd12,N12,10.633759,9.883516
GAACCATCTGGGAGAC-1-20,20221010-4_15,mrd12,N12,11.217531,10.855518
TTGCGGCGACTCATGC-1-20,20221010-4_15,mrd12,N12,9.374553,8.769019
GTATCTTGTTGCTCAC-1-20,20221010-4_15,mrd12,N12,10.832393,10.264068
CAGGATCCGCCCGACC-1-20,20221010-4_15,mrd12,N12,10.9504595,10.450309
CTACGAACTAGGTCGA-1-20,20221010-4_15,mrd12,N12,10.789881,10.18533
CCCTCGGGAGCCTTGT-1-20,20221010-4_15,mrd12,N12,11.148985,10.755967
TATTCCGGCAGTCCTA-1-20,20221010-4_15,mrd12,N12,11.206158,10.8350525
CGTGCCCGACATTTGT-1-20,20221010-4_15,mrd12,N12,11.006453,10.530844
ATACCAGGTGAGCGAT-1-20,20221010-4_15,mrd12,N12,10.931909,10.416954
TGTGGAGGAAGCTTAA-1-20,20221010-4_15,mrd12,N12,10.919167,10.398911
CTCTCGATGTGCGCCT-1-20,20221010-4_15,mrd12,N12,11.197758,10.825116
GAAGCAAGGCAATGTT-1-20,20221010-4_15,mrd12,N12,10.945491,10.4921055
TGGAGCTAAAGTTCCC-1-20,20221010-4_15,mrd12,N12,10.016988,8.831242
CACGACTAAAGTTCTG-1-20,20221010-4_15,mrd12,N12,11.269706,10.914138
AGGCAAAGAGGAATCA-1-20,20221010-4_15,mrd12,N12,9.972444,8.896173
AGTTAAGTCAACCGCT-1-8,20221010-1_3,mrd12,N12,10.817277,7.058298
CCTAAACAGGGTCCGT-1-20,20221010-4_15,mrd12,N12,10.59596,9.831573
ACCAAACTAGAAATCC-1-20,20221010-4_15,mrd12,N12,10.858849,10.287992
ATGGAGCAGGCCGTGA-1-8,20221010-1_3,mrd12,N12,5.8955235,9.467253
ACCAGGAGTGTGATCT-1-20,20221010-4_15,mrd12,N12,11.2352085,10.870814
TCTTATGGGTAGTACC-1-20,20221010-4_15,mrd12,N12,10.879506,10.347801
GGCCACAAGCGATGGC-1-20,20221010-4_15,mrd12,N12,10.237664,8.613678
TCGGGCACTTCTGGAT-1-20,20221010-4_15,mrd12,N12,10.943533,10.453469
TAGTGAGAAGTGGTTG-1-20,20221010-4_15,mrd12,N12,9.548482,8.758634
ACATCTCAACGCGTAA-1-20,20221010-4_15,mrd12,N12,10.000484,8.725476
CTCTGTGCCTGCTATG-1-20,20221010-4_15,mrd12,N12,11.141707,10.76426
GCGCGATGGGTCAAGT-1-20,20221010-4_15,mrd12,N12,10.752136,10.116079
AACTAGCGTATCGCAC-1-20,20221010-4_15,mrd12,N12,10.744004,10.136862
TTAATGCGAGGTAACT-1-20,20221010-4_15,mrd12,N12,10.7872505,10.181347
CCGCTGGTGCCATTCA-1-20,20221010-4_15,mrd12,N12,10.653979,9.944206
GCGGACCGCGTTGTGG-1-7,20221010-1_2,mrd7,N12,10.933975,6.0850563
GGAGGGTCAAGTAAGA-1-19,20221010-4_14,mrd7,N12,12.274105,6.3288646
GCCATCGAGCTGCGTG-1-7,20221010-1_2,mrd7,N12,10.158229,5.7878547
TTGCGTCGGCCAACCG-1-7,20221010-1_2,mrd7,N12,10.369089,5.48842
CTGTGCAGGGTAGGTC-1-10,20221010-2_5,primary,N12,-1.8482417,7.762703
CGTGCAGACTGGGACA-1-22,20230607-1_1,primary,N12,-0.017789593,6.7882442
TGCGGAGTAAAGGTGC-1-10,20221010-2_5,primary,N12,-0.9536784,4.269363
CGAGGGTATCCAGGTG-1-6,20221010-1_1,primary,N12,-1.2017856,9.115211
CCAGAGACAAAGCCGG-1-22,20230607-1_1,primary,N12,10.459139,9.771003
ATTATCTCGACAGATC-1-8,20221010-1_3,mrd12,N2,2.6903706,6.707532
CACCTTGGCGCCTTTG-1-20,20221010-4_15,mrd12,N2,2.9469693,6.9123335
CTTTAGTGCTATTATT-1-20,20221010-4_15,mrd12,N2,4.270409,6.0816665
GACAACGACCATTGAA-1-8,20221010-1_3,mrd12,N2,5.0714254,5.510771
CGCATCCATCAGCCAG-1-20,20221010-4_15,mrd12,N2,6.7696505,5.181854
TAGACGCCCGTACCGG-1-24,20230607-2_8,mrd12,N2,6.7242613,5.7523794
GTCTTGTAGCTATTCA-1-20,20221010-4_15,mrd12,N2,6.840728,5.565385
TGCACGAGTCGGCAGC-1-8,20221010-1_3,mrd12,N2,7.0357347,6.986296
ACATCCCGGCCATACG-1-8,20221010-1_3,mrd12,N2,7.757683,6.819176
GTCATTGCATTGACCC-1-20,20221010-4_15,mrd12,N2,0.34226802,4.5773387
ATAGTCTTTGACGTGC-1-8,20221010-1_3,mrd12,N2,3.9931731,5.637653
TTAATCAGTACGTCAG-1-8,20221010-1_3,mrd12,N2,6.299844,6.4130373
TATTTATACCGAGTAG-1-8,20221010-1_3,mrd12,N2,3.6021633,7.0783243
TGAGATTAGGCCCTAA-1-20,20221010-4_15,mrd12,N2,5.3524537,4.5919256
CCTCGACCCACTGCCT-1-24,20230607-2_8,mrd12,N2,5.935555,5.488229
ATTAGGCGATGCTTTC-1-20,20221010-4_15,mrd12,N2,2.4394395,7.2990923
GATGGTGCCCTAGGCA-1-8,20221010-1_3,mrd12,N2,4.603513,8.035175
ACACGGGAACTTAGGG-1-8,20221010-1_3,mrd12,N2,3.380736,7.049083
TGGGAAATGCCTTTCC-1-20,20221010-4_15,mrd12,N2,2.8407156,6.769177
GGAAAGTGCCCATGCC-1-20,20221010-4_15,mrd12,N2,5.237727,4.619795
CCGAACACTGGGCCTC-1-8,20221010-1_3,mrd12,N2,4.720628,4.7913556
AATTCATAAGGGATCT-1-20,20221010-4_15,mrd12,N2,4.6306114,4.47752
AGGTCAGGTGAGAGTG-1-8,20221010-1_3,mrd12,N2,6.2579546,5.806908
CTACGACTAGCTATAA-1-8,20221010-1_3,mrd12,N2,3.3263,6.86821
TTGAGGCATTTAACTC-1-24,20230607-2_8,mrd12,N2,6.3741274,4.7635756
CAAACTATTGAGCTTC-1-20,20221010-4_15,mrd12,N2,3.2245352,4.9771214
AAATTTACCGAAATCC-1-24,20230607-2_8,mrd12,N2,8.237532,5.7618237
CCGAGGGATGTTAGGC-1-8,20221010-1_3,mrd12,N2,4.8317523,6.462732
CGCAGATCTTCACCCG-1-20,20221010-4_15,mrd12,N2,6.0059,4.6871004
AGCCGTGGCTAAATGT-1-8,20221010-1_3,mrd12,N2,6.330486,4.4412837
CACACGTTTCAATGGG-1-24,20230607-2_8,mrd12,N2,6.9875007,5.058577
ACGCCCAGCTGTCGAT-1-24,20230607-2_8,mrd12,N2,5.927884,5.387075
GCCTATTTGCTACACA-1-20,20221010-4_15,mrd12,N2,6.658093,5.7138724
CACCGCCAGAAGGTTT-1-8,20221010-1_3,mrd12,N2,5.71051,6.8495417
ATCGGCAAGCAGTCCA-1-20,20221010-4_15,mrd12,N2,3.920932,5.45234
AGCGTGGTATTCTACT-1-20,20221010-4_15,mrd12,N2,3.449038,5.505695
GATATGCGGTAGCCAA-1-20,20221010-4_15,mrd12,N2,6.2659316,5.4191914
ACCAAACTAGAAATCC-1-8,20221010-1_3,mrd12,N2,6.7927194,5.922831
AAACTCGTGATATAAG-1-20,20221010-4_15,mrd12,N2,5.6922956,4.8095975
TCAAACAACCGCGTCG-1-8,20221010-1_3,mrd12,N2,4.4245825,7.2600093
TTGGTTGCGGTGCGCG-1-8,20221010-1_3,mrd12,N2,4.601977,5.1861253
TGTAGTGATCTATAAT-1-20,20221010-4_15,mrd12,N2,1.6445303,6.8723636
ATATCGTGCCAGACCC-1-8,20221010-1_3,mrd12,N2,5.611164,4.8812075
TTGATAGTCAATACAT-1-20,20221010-4_15,mrd12,N2,5.4640446,4.591654
CTCTGCGAAGCAAGCA-1-20,20221010-4_15,mrd12,N2,2.161585,7.002358
AGGGCGAGCAGCTGAT-1-8,20221010-1_3,mrd12,N2,4.842337,4.506805
GCTGCTACTGCGTAGC-1-8,20221010-1_3,mrd12,N2,7.7992544,6.7530594
CAAACTCGCGACGCCG-1-20,20221010-4_15,mrd12,N2,4.79684,4.586129
GATTGACACTCTGCTC-1-8,20221010-1_3,mrd12,N2,5.05875,4.5835013
CTGCACCTGGAACCGC-1-20,20221010-4_15,mrd12,N2,0.72114515,4.37266
TTGCGGCGACTCATGC-1-8,20221010-1_3,mrd12,N2,7.745495,7.1424103
TATAGATGGTCGCAGT-1-20,20221010-4_15,mrd12,N2,2.502007,7.124382
GCGCAAGAGCGCGCTG-1-20,20221010-4_15,mrd12,N2,2.4242556,6.302797
TGGTTTAAACGTGGGT-1-20,20221010-4_15,mrd12,N2,5.2162313,4.5821404
CTGGCTGGTTGTCAGT-1-8,20221010-1_3,mrd12,N2,7.707985,6.707544
AGGGACTCTACGCGAC-1-8,20221010-1_3,mrd12,N2,9.201556,5.02201
CGAGCTGGGCTTTAGG-1-8,20221010-1_3,mrd12,N2,6.0495033,5.590717
GTGGTCAGCGAAGTAT-1-24,20230607-2_8,mrd12,N2,7.620745,5.0230703
GGGAACGGGAGGTTAG-1-8,20221010-1_3,mrd12,N2,3.9500833,4.949741
ACATCTCAACGCGTAA-1-24,20230607-2_8,mrd12,N2,6.000952,5.546747
CCCGCAGGGCCCAAAG-1-20,20221010-4_15,mrd12,N2,5.179129,4.6653533
GGGAGGATGCCCGAAA-1-20,20221010-4_15,mrd12,N2,2.995617,5.5436516
CATGCCAACTCGCAAA-1-8,20221010-1_3,mrd12,N2,5.0227995,6.2558208
CTGGTCCTAACTTGGC-1-8,20221010-1_3,mrd12,N2,3.8775415,4.779125
CAAGGTCCTATAGGCT-1-20,20221010-4_15,mrd12,N2,7.9364476,6.117464
CTTATGCGCTCAGGGC-1-8,20221010-1_3,mrd12,N2,4.359322,4.4526844
ACGTGCGCCTCGTGCA-1-24,20230607-2_8,mrd12,N2,6.880256,6.7427716
GAGTCAGACCAGAATC-1-8,20221010-1_3,mrd12,N2,8.51379,6.033242
GTCGTATTGGCGTACA-1-24,20230607-2_8,mrd12,N2,6.6657166,6.764198
CTACCCTAAGGTCATA-1-24,20230607-2_8,mrd12,N2,7.0907326,5.579158
TCGGGTGAAACTGCTA-1-8,20221010-1_3,mrd12,N2,5.0312495,9.056945
TGCATGTGGTAATCTA-1-20,20221010-4_15,mrd12,N2,2.0013235,5.7765875
GTGGGAAGACTGAATC-1-8,20221010-1_3,mrd12,N2,4.114285,5.848924
TCAGGGTGCACGAAAC-1-24,20230607-2_8,mrd12,N2,8.8267355,5.8812723
ATTCAGGACCTATTTC-1-20,20221010-4_15,mrd12,N2,2.310908,6.494415
GCGGACCGCGTTGTGG-1-8,20221010-1_3,mrd12,N2,9.325165,5.052728
AGCTAGAAGCAGAAGT-1-20,20221010-4_15,mrd12,N2,0.917725,7.7794166
AGACCATGGGATACAA-1-20,20221010-4_15,mrd12,N2,2.6248584,6.7667327
CACAGCTAGGGAGTGA-1-20,20221010-4_15,mrd12,N2,3.706009,5.077386
GAAATTCACATCGCTG-1-8,20221010-1_3,mrd12,N2,1.2553276,6.661608
AAGTGACGACCGAATT-1-8,20221010-1_3,mrd12,N2,4.588882,5.594437
CATTCCCATTCCGTCG-1-20,20221010-4_15,mrd12,N2,6.066278,4.8479095
AAATTCCAGGTCCAAA-1-20,20221010-4_15,mrd12,N2,5.434529,4.85616
CGAAACATAGATGGCA-1-20,20221010-4_15,mrd12,N2,4.9166903,4.5297484
GGGCGTACATTTATAT-1-20,20221010-4_15,mrd12,N2,3.5526555,5.3119106
CGAGACCCTAGAGTGT-1-20,20221010-4_15,mrd12,N2,5.896518,4.7226286
GTTATTAAATACGACC-1-24,20230607-2_8,mrd12,N2,6.671688,6.523303
AAAGTTGACTCCCGTA-1-20,20221010-4_15,mrd12,N2,1.9177022,10.824796
ATTACGCGCTGGCAGG-1-8,20221010-1_3,mrd12,N2,5.7165146,6.2277613
TATCTACCACAGCGGG-1-20,20221010-4_15,mrd12,N2,4.7170444,4.9873056
GCCGGGTTAGGGTCGC-1-20,20221010-4_15,mrd12,N2,4.5543,4.4496026
GTTTCATATCGTCGCT-1-8,20221010-1_3,mrd12,N2,4.4961205,5.460452
GGTCGGCCAGGAGCTT-1-24,20230607-2_8,mrd12,N2,6.623997,8.176981
ACACACTTTCTACACG-1-8,20221010-1_3,mrd12,N2,5.06251,6.186996
CGCCACAGGTCGCGAT-1-8,20221010-1_3,mrd12,N2,7.815724,7.7806168
GACTAACACAGCACCT-1-24,20230607-2_8,mrd12,N2,6.658808,5.1874037
AGAGCGGGCTAATCAT-1-24,20230607-2_8,mrd12,N2,5.951626,7.1410537
CGTTTCACTTCGGGCG-1-20,20221010-4_15,mrd12,N2,5.528665,4.532061
CTCTCGATGTGCGCCT-1-8,20221010-1_3,mrd12,N2,4.2592874,4.7982926
CACTCAGCTCTTGAGG-1-20,20221010-4_15,mrd12,N2,3.8028882,4.898051
GGAATAACCTCAAGAA-1-8,20221010-1_3,mrd12,N2,4.228398,5.4362607
AACTCCTAATCCCATG-1-24,20230607-2_8,mrd12,N2,7.2578998,6.398129
CCGACTCGCATAGTCT-1-24,20230607-2_8,mrd12,N2,5.8031335,5.686026
ATTGACGTAACTCGGT-1-8,20221010-1_3,mrd12,N2,4.8658185,8.645922
ACGTGCGCCTCGTGCA-1-8,20221010-1_3,mrd12,N2,8.882683,6.800217
CAGCCCTCACAGGCAG-1-8,20221010-1_3,mrd12,N2,6.5513477,8.082215
ATGACGCCGGCTCTAA-1-8,20221010-1_3,mrd12,N2,3.191608,6.921445
CCACGAGAAGAGAATC-1-8,20221010-1_3,mrd12,N2,6.847157,6.0617385
AGCGCGGGTGCCAATG-1-20,20221010-4_15,mrd12,N2,4.8226876,4.4065824
TGGGTAAGGTTCCCGC-1-8,20221010-1_3,mrd12,N2,5.223098,6.4314084
AATATCGAGGGTTCTC-1-20,20221010-4_15,mrd12,N2,2.440802,7.502834
AGTAGCGTGAACGAAC-1-8,20221010-1_3,mrd12,N2,5.6197085,5.092155
GGCTAAAGGGCGGGTC-1-20,20221010-4_15,mrd12,N2,6.282369,5.5466967
TAATACACAGTAGTAT-1-8,20221010-1_3,mrd12,N2,3.97155,4.651114
GCTAGACCGTCTACTG-1-20,20221010-4_15,mrd12,N2,4.1785116,5.204356
AATGATGCGACTCCTG-1-20,20221010-4_15,mrd12,N2,1.920405,3.5877948
CCTCGGACCGGGATAG-1-8,20221010-1_3,mrd12,N2,3.4616284,7.347257
TTGGAAGAATACAGTC-1-8,20221010-1_3,mrd12,N2,6.023653,4.590654
TATGATCCGGCACGCC-1-20,20221010-4_15,mrd12,N2,4.7872143,4.8054395
TAGACGCCCGTACCGG-1-8,20221010-1_3,mrd12,N2,1.2668766,10.964715
CCTAGGCGTAGCGATC-1-20,20221010-4_15,mrd12,N2,2.0441363,7.8237576
TCACTACGACCAATGC-1-24,20230607-2_8,mrd12,N2,7.614044,6.5515866
GATCGCGGGCTCTCCA-1-8,20221010-1_3,mrd12,N2,1.8212469,9.164779
CCAAGACTTCTGCGAA-1-8,20221010-1_3,mrd12,N2,4.043845,5.454719
TCACTCGTGCAACGGC-1-20,20221010-4_15,mrd12,N2,6.406352,5.6918387
GCCATATTGCACACAG-1-20,20221010-4_15,mrd12,N2,3.1644065,5.6126065
GATTCCGCGTTTCCGT-1-8,20221010-1_3,mrd12,N2,4.8827124,6.4496536
CGTCAGTGCGCACAAG-1-20,20221010-4_15,mrd12,N2,3.6183038,5.5823803
ATATTCCCACAGGTCA-1-8,20221010-1_3,mrd12,N2,6.27852,6.458568
TCAGTTACGGAATGAT-1-24,20230607-2_8,mrd12,N2,6.2760973,5.5290494
CAGTGAATAAATGACT-1-20,20221010-4_15,mrd12,N2,2.9790778,6.3304334
AAAGGGATGTAGCAAG-1-8,20221010-1_3,mrd12,N2,5.454564,6.2560844
TGGTTCGTAGCAAAGG-1-20,20221010-4_15,mrd12,N2,3.2676218,5.828307
TCGGCTAACTTCCCTT-1-8,20221010-1_3,mrd12,N2,5.9828463,5.1563783
TTACATGCCACAACTA-1-20,20221010-4_15,mrd12,N2,3.2059412,4.9667068
GGTATAGTGACACATA-1-20,20221010-4_15,mrd12,N2,5.528492,4.7093487
TCAACGCGACCGGCAG-1-8,20221010-1_3,mrd12,N2,3.9839866,5.4768434
CATCATCTACCCGGAC-1-8,20221010-1_3,mrd12,N2,4.838083,5.4143677
CTAGTTACAACCCGGT-1-8,20221010-1_3,mrd12,N2,6.539908,8.611814
GAATGTATGGCAGGTC-1-20,20221010-4_15,mrd12,N2,5.9433446,5.5299273
CCAATGTCACAGCAAG-1-20,20221010-4_15,mrd12,N2,1.7102089,7.3081903
ACGCCAGATGATTTCT-1-8,20221010-1_3,mrd12,N2,7.19345,8.0838995
TTAAGCCGACAACTTC-1-24,20230607-2_8,mrd12,N2,6.1350904,5.877794
TGGGCCACAAGAGCGC-1-20,20221010-4_15,mrd12,N2,2.582025,7.3029203
ATCTCCCTGCAATCTA-1-8,20221010-1_3,mrd12,N2,7.9158564,6.9243374
GTTTCTGCAGTCTCCC-1-20,20221010-4_15,mrd12,N2,2.3542445,6.530547
ACAATTTAGGAGGCTC-1-8,20221010-1_3,mrd12,N2,4.2266316,6.24754
ACGTTCGCAATCAATT-1-20,20221010-4_15,mrd12,N2,4.990292,4.6994967
ATTTCATTATTTCGCG-1-8,20221010-1_3,mrd12,N2,5.3372693,6.307272
CTATAAGAGCCAATCG-1-20,20221010-4_15,mrd12,N2,1.6447349,6.9192214
TGAGAGATTTACCACG-1-24,20230607-2_8,mrd12,N2,8.542858,6.311312
ATTCTCGTCTCTTTAG-1-20,20221010-4_15,mrd12,N2,2.5320356,7.558685
CTCACTTGGCTGGTAA-1-8,20221010-1_3,mrd12,N2,4.209536,5.121677
ATTAGATTCCTCAGCA-1-20,20221010-4_15,mrd12,N2,3.40548,5.403089
AGGTCGCGGAGTTACT-1-20,20221010-4_15,mrd12,N2,3.3548758,6.485164
CGCACATGTCCACTAC-1-24,20230607-2_8,mrd12,N2,7.757728,7.173893
TCCCGTCGCGTCATAG-1-20,20221010-4_15,mrd12,N2,5.650936,4.6545286
GAACGACCGAATGATA-1-8,20221010-1_3,mrd12,N2,4.155983,4.6131396
ACTTACCGGGCGCGCA-1-24,20230607-2_8,mrd12,N2,9.036393,5.9705367
CTCCCTCCTTTCGATC-1-8,20221010-1_3,mrd12,N2,5.9131217,4.453643
CCCGTAAGTCTAGGCC-1-8,20221010-1_3,mrd12,N2,4.142749,6.036514
GTTGTCGTGTTAGTTG-1-20,20221010-4_15,mrd12,N2,3.185686,6.749872
CGAGGATCGGGAACGA-1-20,20221010-4_15,mrd12,N2,7.251709,6.049935
CATTACGTCGGCCCGT-1-8,20221010-1_3,mrd12,N2,3.4219022,6.1699276
ACTTGACTCCCTCTTT-1-20,20221010-4_15,mrd12,N2,2.9154701,6.8795643
CCTCACCTGAGGGAGC-1-20,20221010-4_15,mrd12,N2,6.217027,5.9618077
AGTTATTGAAAGGTAA-1-8,20221010-1_3,mrd12,N2,5.128669,6.6530724
TATGTCTCATTGTGCC-1-20,20221010-4_15,mrd12,N2,2.2885187,6.091993
TAATCGATCCGTACGT-1-20,20221010-4_15,mrd12,N2,4.803104,4.7895627
GCATTGTAATTCATAT-1-8,20221010-1_3,mrd12,N2,3.7699525,6.3063073
CATGGTCTAGATACCG-1-8,20221010-1_3,mrd12,N2,4.8471055,6.524966
TTGACGCTCCATGAGC-1-20,20221010-4_15,mrd12,N2,2.713088,6.9091015
CCGTTCCGAATCTCGG-1-8,20221010-1_3,mrd12,N2,5.5168686,6.558799
TACTATGGTTCCTCAG-1-8,20221010-1_3,mrd12,N2,9.078912,5.359144
TCCGAATGGTCCTGAG-1-20,20221010-4_15,mrd12,N2,5.3943176,4.742361
CGGTAGAGGTGCAGGT-1-20,20221010-4_15,mrd12,N2,4.6794906,4.3581543
CCCAACCACACTAACA-1-8,20221010-1_3,mrd12,N2,5.2173843,5.325493
CAGTACATTCTCTAAA-1-20,20221010-4_15,mrd12,N2,5.383206,4.6366253
GGCGCAGGACATCTTC-1-20,20221010-4_15,mrd12,N2,0.937233,6.452894
AAGTTTACTAATGGCA-1-8,20221010-1_3,mrd12,N2,4.5707192,5.184285
TGCATGGATCGGATCT-1-8,20221010-1_3,mrd12,N2,6.6514106,7.3260746
CGAACGCCCAGTGCCG-1-8,20221010-1_3,mrd12,N2,7.788285,6.565072
ATGATCGGGAATAGAC-1-20,20221010-4_15,mrd12,N2,3.1440089,5.7550597
CGGCTCTTCGTCGAAC-1-24,20230607-2_8,mrd12,N2,5.8058715,5.7021837
TGAGAGATTTACCACG-1-20,20221010-4_15,mrd12,N2,3.6943188,5.126031
GCTCATTACTGCATGT-1-24,20230607-2_8,mrd12,N2,6.784545,6.746208
CCTATGGGTTACCGTC-1-8,20221010-1_3,mrd12,N2,3.3626509,7.863109
CGTTAGCTCACAACTG-1-20,20221010-4_15,mrd12,N2,5.118561,4.597445
GCACAAGTGTCGGAAG-1-8,20221010-1_3,mrd12,N2,5.559401,5.1732507
CAGAGGCGATGCATGA-1-8,20221010-1_3,mrd12,N2,8.909243,5.6088715
TTCGCACTCGCGTGCT-1-20,20221010-4_15,mrd12,N2,2.7296371,7.347276
ACAGCGCACCCGCAGC-1-8,20221010-1_3,mrd12,N2,6.225652,6.27169
GAAATTAGCACGGATA-1-20,20221010-4_15,mrd12,N2,6.5467706,6.490284
TTGGATCGACTTCTGG-1-20,20221010-4_15,mrd12,N2,2.2782946,6.5776052
TTAATTTCAGACGCGG-1-8,20221010-1_3,mrd12,N2,6.939341,7.559348
GTTGGTCATGCTATCC-1-8,20221010-1_3,mrd12,N2,7.002076,7.004425
GCGTCGAAATGTCGGT-1-8,20221010-1_3,mrd12,N2,5.8922114,4.889646
CAATGGAATCTACATA-1-24,20230607-2_8,mrd12,N2,7.0260406,5.7399764
CGTGACCAGTCCTCTG-1-24,20230607-2_8,mrd12,N2,8.283743,6.284102
GTCGGATGTAGCGCGC-1-8,20221010-1_3,mrd12,N2,4.014052,7.761736
ACAGGTGGAGGTGAGG-1-8,20221010-1_3,mrd12,N2,9.027125,5.341129
AGACCGGGAAACCCTG-1-8,20221010-1_3,mrd12,N2,3.9435925,5.9042897
CGGTAGAGGTGCAGGT-1-8,20221010-1_3,mrd12,N2,8.420909,6.8781276
ACCAGCCCGGTCTTTG-1-24,20230607-2_8,mrd12,N2,6.1250596,5.5213103
ATCGACCCAATACAGA-1-20,20221010-4_15,mrd12,N2,3.8491976,5.7690487
AGGGCAGCGGCGTGGT-1-8,20221010-1_3,mrd12,N2,4.662213,8.316608
CTCGATATTTGCGAGC-1-20,20221010-4_15,mrd12,N2,4.1540275,4.9905806
GAAGTGCTGGATAGCT-1-8,20221010-1_3,mrd12,N2,2.8538451,9.267084
AGTACGTGGCCTGTCT-1-24,20230607-2_8,mrd12,N2,6.252447,5.5081735
ATGTAAGGCTGCTCTT-1-20,20221010-4_15,mrd12,N2,5.551077,4.597364
TTACAGACCTAAATGA-1-20,20221010-4_15,mrd12,N2,4.4132137,4.599323
CTGCGGTAGTCACGTG-1-24,20230607-2_8,mrd12,N2,6.725696,6.0595484
CTCATGGCTCACAATC-1-8,20221010-1_3,mrd12,N2,5.7365146,6.293992
CGACATGCGATCTTCT-1-8,20221010-1_3,mrd12,N2,5.3237367,5.8967614
TGGAGCTAAAGTTCCC-1-8,20221010-1_3,mrd12,N2,7.418111,5.8778915
CCTCCCGACAATCCCT-1-8,20221010-1_3,mrd12,N2,3.5158675,7.4120274
AATCTGCGTTGGGACG-1-24,20230607-2_8,mrd12,N2,8.075382,5.662402
GCAGGTAGAGTATGGT-1-20,20221010-4_15,mrd12,N2,4.8857307,4.511177
AAATTACCTATCGATG-1-24,20230607-2_8,mrd12,N2,7.1922464,6.3171105
GTCTTAGTACAGCCGG-1-20,20221010-4_15,mrd12,N2,4.8944097,6.0031605
AGCATCATTTCGAAAG-1-8,20221010-1_3,mrd12,N2,7.72434,8.12257
TGGAAGGATAAAGATG-1-20,20221010-4_15,mrd12,N2,3.543081,6.25653
AGTAGCGTGAACGAAC-1-24,20230607-2_8,mrd12,N2,6.112015,5.6553264
TTGACGATTCAGCACG-1-20,20221010-4_15,mrd12,N2,5.0372777,7.73084
CTGGCTGATTCATCCT-1-20,20221010-4_15,mrd12,N2,1.2115408,9.469625
CGCGCCCGACTTAATA-1-8,20221010-1_3,mrd12,N2,2.9398766,6.065638
TTCTTTGGTCGCGACG-1-20,20221010-4_15,mrd12,N2,3.0987225,6.9119906
CCTAGGTAAAGGTAGC-1-8,20221010-1_3,mrd12,N2,8.507528,6.2045493
GTCCGAGAGCAATCAT-1-8,20221010-1_3,mrd12,N2,3.030649,7.446666
AGTACGGGCACCTGGC-1-8,20221010-1_3,mrd12,N2,5.658122,6.7432327
CGCCTGGCCTACGTAA-1-8,20221010-1_3,mrd12,N2,4.62208,5.1000495
TGAAACTTATGCAAGC-1-20,20221010-4_15,mrd12,N2,4.815602,5.4069552
CGGCTCTAAAGCTGCA-1-20,20221010-4_15,mrd12,N2,5.6357355,5.349718
TCCCACGGAGGGAGCT-1-24,20230607-2_8,mrd12,N2,6.333146,5.744831
GTCGTATTGGCGTACA-1-20,20221010-4_15,mrd12,N2,3.0086644,7.2967706
GTGGTTACTTCTTTCG-1-20,20221010-4_15,mrd12,N2,6.370788,5.4531093
AGTCCATTGGCTGATG-1-20,20221010-4_15,mrd12,N2,3.3679652,5.495588
CATGAACCTCTTATCA-1-8,20221010-1_3,mrd12,N2,7.4844465,6.964394
CGATCCGACCCAGTGC-1-20,20221010-4_15,mrd12,N2,2.4540727,7.885436
ATTGGGAATATCTTGG-1-24,20230607-2_8,mrd12,N2,5.0284734,4.724288
GTGCCTCAGTGTACGG-1-24,20230607-2_8,mrd12,N2,7.484816,6.340579
AACTGATATTAGGCCT-1-8,20221010-1_3,mrd12,N2,4.298202,5.824572
CCTGTACTCACGCCCA-1-8,20221010-1_3,mrd12,N2,4.5534463,4.583855
CCAATTACGGGTCGAG-1-20,20221010-4_15,mrd12,N2,5.0351043,4.5434704
ATAAGTAGGATTCAGA-1-20,20221010-4_15,mrd12,N2,4.0313144,4.714829
CCTAACTAAGGCTCTA-1-20,20221010-4_15,mrd12,N2,2.693868,6.0117517
TGAGATCAAATACTCA-1-8,20221010-1_3,mrd12,N2,4.01291,4.505915
TCCGATAATTGCCATA-1-8,20221010-1_3,mrd12,N2,5.275516,6.830574
AAATTACCTATCGATG-1-20,20221010-4_15,mrd12,N2,3.4155524,5.7734494
GTACTGAGGTCGTAAC-1-8,20221010-1_3,mrd12,N2,5.731533,4.684366
TCTTACCGGAACTCGT-1-20,20221010-4_15,mrd12,N2,4.2190294,5.029965
GAGCGAGGGAGTACCG-1-8,20221010-1_3,mrd12,N2,2.0456645,10.270175
TTAAACCGGTAGCGAC-1-20,20221010-4_15,mrd12,N2,6.4443173,6.082034
TGGTTAAGGGCGCTGG-1-20,20221010-4_15,mrd12,N2,5.2996674,4.461259
ACATCCTGGTAACTGT-1-20,20221010-4_15,mrd12,N2,2.8784056,6.008873
TTGCACGGAGCAGCAC-1-24,20230607-2_8,mrd12,N2,6.629273,6.3529997
AGTAATGTCTTGCCGC-1-8,20221010-1_3,mrd12,N2,3.698189,5.13158
GTCTCGACTAAGTTTG-1-20,20221010-4_15,mrd12,N2,5.2771564,5.264556
GAAGACTTCAATGCCG-1-8,20221010-1_3,mrd12,N2,4.9781237,8.718458
TGCGGGTATTGGGATC-1-8,20221010-1_3,mrd12,N2,5.294054,4.500773
TGACGAATATTTCCCT-1-8,20221010-1_3,mrd12,N2,3.6611252,6.9008403
ATAGACAACGGGACCT-1-7,20221010-1_2,mrd7,N2,5.0445113,4.5792913
ACCGAAAGGGCCCTGC-1-19,20221010-4_14,mrd7,N2,5.6709604,4.683462
CGAGTTTATCGGACTG-1-19,20221010-4_14,mrd7,N2,3.6281679,6.121161
TCCTCGGGCTGGGCTT-1-7,20221010-1_2,mrd7,N2,6.6877203,4.8224893
TTCCGCAGAGAAATAT-1-19,20221010-4_14,mrd7,N2,6.335806,5.1894927
GTCTCGATCTGCTTTC-1-19,20221010-4_14,mrd7,N2,5.0367355,4.8599916
TGTTTCGGTACTTCTC-1-19,20221010-4_14,mrd7,N2,4.4844985,4.37471
CTACACTCGCAGATGG-1-19,20221010-4_14,mrd7,N2,7.881458,5.377826
TGGGCACGTTCTATGG-1-19,20221010-4_14,mrd7,N2,4.8725343,4.3042903
GCGAAACGATCGGGAG-1-19,20221010-4_14,mrd7,N2,5.618908,4.6318173
GAGTCCGCTTACCGGA-1-7,20221010-1_2,mrd7,N2,8.429215,5.772348
TTCTTAGTGGCTCAGA-1-7,20221010-1_2,mrd7,N2,5.487507,6.1511407
GGTTCTACTCGTCTGA-1-19,20221010-4_14,mrd7,N2,6.173093,5.283817
TTACCATTGATTACCC-1-19,20221010-4_14,mrd7,N2,4.747307,5.574223
AACCCTGGTGGAACCA-1-19,20221010-4_14,mrd7,N2,5.595187,4.895652
TTACTGGGATATTTCA-1-7,20221010-1_2,mrd7,N2,9.240676,5.7213497
CGTGGCCGAATATCTA-1-19,20221010-4_14,mrd7,N2,7.100084,5.2665567
CGTCACGTCCATTGGT-1-7,20221010-1_2,mrd7,N2,7.0629644,4.90656
GCCCAGTTGGTATGCC-1-7,20221010-1_2,mrd7,N2,8.87894,5.365913
TAAAGCGGTATTTCCA-1-19,20221010-4_14,mrd7,N2,6.4970126,4.953871
CACGACTAAAGTTCTG-1-7,20221010-1_2,mrd7,N2,5.9587083,5.445786
GAAACCGAATTACCTT-1-7,20221010-1_2,mrd7,N2,7.3448844,4.953398
ATTAGATTCCTCAGCA-1-19,20221010-4_14,mrd7,N2,5.752997,4.4578824
GTAGGTGATCCGTGTA-1-19,20221010-4_14,mrd7,N2,4.0454655,5.412909
TTAAGATAGGATTGAC-1-19,20221010-4_14,mrd7,N2,4.108403,6.0520825
GACCCGTCGCCGGCTA-1-19,20221010-4_14,mrd7,N2,4.8649473,4.6008124
TACCGGCTCACTGCCC-1-7,20221010-1_2,mrd7,N2,7.304906,5.242447
ATTTGTTCCAGGGCTC-1-7,20221010-1_2,mrd7,N2,6.4903545,4.5409937
AATTAGCGCTGCAGCG-1-7,20221010-1_2,mrd7,N2,7.3077645,5.0393453
TACCAGAAGTAGGTTC-1-7,20221010-1_2,mrd7,N2,7.128497,4.7842464
AGGCCCATTGTACAGG-1-7,20221010-1_2,mrd7,N2,9.045009,5.8552585
TACGACGCTTGCTGCG-1-7,20221010-1_2,mrd7,N2,5.536147,4.391622
AGTGACCTACTTTACG-1-7,20221010-1_2,mrd7,N2,8.056889,5.1722083
TATACACAGACGCCTT-1-7,20221010-1_2,mrd7,N2,7.3432746,5.224376
TCGCACCAGGAGGCAG-1-7,20221010-1_2,mrd7,N2,4.845482,4.3710933
GAAGTCAGTTGCACTA-1-7,20221010-1_2,mrd7,N2,5.818746,4.5955753
GTAATAAAGGGCTCCC-1-19,20221010-4_14,mrd7,N2,6.5337033,5.2113543
GTCCAATATTTAGCCT-1-19,20221010-4_14,mrd7,N2,1.7257537,3.5483665
AAGCTAGATCGAGTAA-1-7,20221010-1_2,mrd7,N2,7.128243,4.9391336
CTGGAAGACACGGTGG-1-7,20221010-1_2,mrd7,N2,9.278539,6.0050254
CACTCGAGCTGAACAA-1-7,20221010-1_2,mrd7,N2,7.9896307,6.14715
TCCCTGGCTCGCTGGA-1-7,20221010-1_2,mrd7,N2,11.079643,6.110705
CTGCACCTGGAACCGC-1-7,20221010-1_2,mrd7,N2,7.0467925,4.739658
AGTTAAGCGGTCCCGG-1-7,20221010-1_2,mrd7,N2,6.0038786,5.782786
GTTTGGCCCAAGTTAT-1-7,20221010-1_2,mrd7,N2,8.410541,5.6065397
CTCTGTTTGAGGATTC-1-19,20221010-4_14,mrd7,N2,5.571466,4.6245327
ACTTCAGGCTGATCCC-1-7,20221010-1_2,mrd7,N2,7.110347,5.1856775
TTGCTGGCCGGGCTTC-1-19,20221010-4_14,mrd7,N2,4.775473,6.214983
TGAGTAAATTAGCGTA-1-7,20221010-1_2,mrd7,N2,7.7610216,5.1458225
TTAATTTCAGACGCGG-1-19,20221010-4_14,mrd7,N2,3.9738138,5.8851137
GCTATCATACTCATGG-1-7,20221010-1_2,mrd7,N2,7.8039913,5.3049064
AAATAGCTTAGACTTT-1-19,20221010-4_14,mrd7,N2,7.7489095,5.551814
AACTCTCAATAGAGCG-1-19,20221010-4_14,mrd7,N2,4.273304,6.115129
ACCGCAATAACTGCCT-1-7,20221010-1_2,mrd7,N2,5.1767917,4.339118
CACTGACGATTGTGGA-1-19,20221010-4_14,mrd7,N2,6.705536,6.284569
AATTCTAGAGTTAGGC-1-7,20221010-1_2,mrd7,N2,7.8145227,5.496293
TGTACTATCGCTCGTT-1-19,20221010-4_14,mrd7,N2,8.397111,5.14298
TCAGTAGGGACTATAA-1-7,20221010-1_2,mrd7,N2,7.036577,4.7310348
ATATTCCACATAGTGA-1-7,20221010-1_2,mrd7,N2,7.289029,4.8288093
AGGTCGCGGAGTTACT-1-19,20221010-4_14,mrd7,N2,8.227312,5.087284
TTCTACTTGCGAGGGC-1-7,20221010-1_2,mrd7,N2,5.424695,4.3036413
GGCATCAACGAGCACG-1-7,20221010-1_2,mrd7,N2,4.639313,6.613596
ATGATCGGGAATAGAC-1-7,20221010-1_2,mrd7,N2,7.1589804,4.9356403
TGTTTCGGTACTTCTC-1-7,20221010-1_2,mrd7,N2,6.4529953,4.71505
ACGCGAAGTCAGACGA-1-7,20221010-1_2,mrd7,N2,7.0408645,4.884218
TCGTTCGTTATTATGT-1-19,20221010-4_14,mrd7,N2,5.259553,4.584419
TAAAGCGTTAGGAGAA-1-19,20221010-4_14,mrd7,N2,3.4815593,6.5397325
CTGCTTGGCGATAGCT-1-7,20221010-1_2,mrd7,N2,8.438468,5.595274
GGATTTCACTTCTATA-1-19,20221010-4_14,mrd7,N2,3.9610896,4.866209
GTATTAAGGCGTCTAA-1-7,20221010-1_2,mrd7,N2,8.392908,5.263759
GGAGTGCCGCCCTGGA-1-7,20221010-1_2,mrd7,N2,7.19877,4.790927
CGAGAGGGTAGCCGCG-1-19,20221010-4_14,mrd7,N2,8.39432,5.05254
CCATGCCCTAGATTTC-1-19,20221010-4_14,mrd7,N2,8.227321,6.2767525
GAATTCACCCGGGTGT-1-7,20221010-1_2,mrd7,N2,6.472454,4.6777763
ACTCCCTAGAATAGTA-1-7,20221010-1_2,mrd7,N2,6.527626,4.880142
TTGGATTGGGTACCAC-1-19,20221010-4_14,mrd7,N2,4.353608,5.9320245
CTAAATCCTATTCCGG-1-19,20221010-4_14,mrd7,N2,4.739246,4.7378964
GGCAAGGCGAAATAGC-1-7,20221010-1_2,mrd7,N2,7.5799136,5.271612
GATGCTACAAGCGCCT-1-7,20221010-1_2,mrd7,N2,5.8934293,4.914275
GTTTACGTTCCATCTG-1-7,20221010-1_2,mrd7,N2,5.3797956,4.5505977
CCGGGACCCGCAGAGA-1-7,20221010-1_2,mrd7,N2,7.060599,4.8058124
GTTGAACCGGTTCCAT-1-7,20221010-1_2,mrd7,N2,8.461018,5.219695
GATATTGAGATTGGCG-1-19,20221010-4_14,mrd7,N2,4.43228,4.9586816
ATGCTCAGTGTTGCAT-1-7,20221010-1_2,mrd7,N2,7.0952134,4.7502313
AATCATGTAAAGACTC-1-19,20221010-4_14,mrd7,N2,8.91675,6.1403184
GCTACTATAGTAGAGT-1-19,20221010-4_14,mrd7,N2,5.9729967,5.2973866
CGACTCAGGATGTTAT-1-7,20221010-1_2,mrd7,N2,3.5351272,5.5951967
GGTGAAACCGGGAATG-1-7,20221010-1_2,mrd7,N2,7.732532,5.664697
ACTGTAGCACTTTGGA-1-19,20221010-4_14,mrd7,N2,5.404577,5.8035746
GCACAAGTGTCGGAAG-1-19,20221010-4_14,mrd7,N2,6.6215215,4.4554467
ATAGGGATATCCTTGA-1-7,20221010-1_2,mrd7,N2,6.6394,4.614665
TCTCTAATAGCTGGTA-1-19,20221010-4_14,mrd7,N2,5.0981064,4.9844522
GAGATCTTCCATGACA-1-7,20221010-1_2,mrd7,N2,5.2696457,4.56674
CCATAAACAACCCGAC-1-19,20221010-4_14,mrd7,N2,4.3375916,5.4991055
TTCGCACTCGCGTGCT-1-19,20221010-4_14,mrd7,N2,5.714275,5.446943
GTGATCACTAACGCCT-1-19,20221010-4_14,mrd7,N2,4.3307266,5.3271747
CAGTGAATAAATGACT-1-19,20221010-4_14,mrd7,N2,4.176237,5.2642665
GTGAGGACACTTAAGG-1-7,20221010-1_2,mrd7,N2,6.657077,4.7969184
ATATAACACGGGCGCA-1-19,20221010-4_14,mrd7,N2,6.175589,4.7210507
CTAGATGTGAGTGTAA-1-19,20221010-4_14,mrd7,N2,7.858662,5.1576033
ACAATTGTGTCTCTTT-1-19,20221010-4_14,mrd7,N2,7.8071637,5.4284053
CTGGCGGGAATAAGTA-1-7,20221010-1_2,mrd7,N2,6.6376877,4.6854324
AAATTGCGGCGGTTCT-1-7,20221010-1_2,mrd7,N2,7.305641,4.847067
GAAGTGCTGGATAGCT-1-7,20221010-1_2,mrd7,N2,4.2666793,4.7938266
GTTATATTATCTCCCT-1-7,20221010-1_2,mrd7,N2,6.271912,4.9604588
TTCAAGCCGAGCTGAG-1-7,20221010-1_2,mrd7,N2,6.456107,6.0175056
TTCTGACCGGGCTCAA-1-7,20221010-1_2,mrd7,N2,7.3016667,4.8407173
GGTCAGTGGGTCCCAC-1-7,20221010-1_2,mrd7,N2,5.6591225,4.679639
GTTTGGTAGGGTCAAC-1-7,20221010-1_2,mrd7,N2,7.400177,5.1891975
TTCCGCGTGAGGCGAT-1-7,20221010-1_2,mrd7,N2,8.239081,5.3178678
ATCTTGACCTGCAACG-1-19,20221010-4_14,mrd7,N2,5.37634,5.981146
TCGGGTGAAACTGCTA-1-19,20221010-4_14,mrd7,N2,5.6566753,4.926791
GAAACTCGTGCGATGC-1-7,20221010-1_2,mrd7,N2,6.7830043,4.3012447
AGCTGAAGTAAACCAA-1-19,20221010-4_14,mrd7,N2,6.7769256,5.5633745
ATACGCCGGCGAAACC-1-7,20221010-1_2,mrd7,N2,5.1480303,6.3619504
GGATCCGGAATATACT-1-19,20221010-4_14,mrd7,N2,4.241279,4.7460666
CGGCTCTTCGTCGAAC-1-19,20221010-4_14,mrd7,N2,4.9061,5.4850883
TACGGGATGCTAGCAG-1-19,20221010-4_14,mrd7,N2,5.6536226,5.7425537
TATTTAGTCTAGATCG-1-7,20221010-1_2,mrd7,N2,6.029101,4.536691
TCGCCGGTCGATCCGT-1-7,20221010-1_2,mrd7,N2,5.9612684,4.4415817
AACTTTAGCTGCTGAG-1-7,20221010-1_2,mrd7,N2,4.011163,5.2772074
TACCTGCTGCACTGTG-1-7,20221010-1_2,mrd7,N2,8.258958,5.6527524
CCTGACCACCGATGGT-1-7,20221010-1_2,mrd7,N2,8.698772,5.989783
AACACGACTGTACTGA-1-19,20221010-4_14,mrd7,N2,5.782751,5.1478424
ATTCAGGACCTATTTC-1-19,20221010-4_14,mrd7,N2,6.904995,5.806945
TTACCGCCTTAGGGAA-1-7,20221010-1_2,mrd7,N2,3.7657006,4.9652047
CTGAAAGAGATCCGAC-1-7,20221010-1_2,mrd7,N2,6.916992,5.132756
CGCTTAGTATTGATAC-1-19,20221010-4_14,mrd7,N2,2.565225,4.83141
GCCTTCAGCCCTACCG-1-7,20221010-1_2,mrd7,N2,7.0725937,5.078555
ATCACATTAGAATATC-1-19,20221010-4_14,mrd7,N2,6.360934,5.039677
ACAAGGAAATCCGCCC-1-7,20221010-1_2,mrd7,N2,6.029048,5.5608063
ATCTGTAATTGTACCC-1-7,20221010-1_2,mrd7,N2,5.9651995,4.442787
ATACCACGGGCAACTT-1-7,20221010-1_2,mrd7,N2,6.2779846,4.561279
CTTTGCATCGCTCTTG-1-19,20221010-4_14,mrd7,N2,6.8194485,5.8523216
TTATTAGAGCGTGTTC-1-7,20221010-1_2,mrd7,N2,6.454143,4.841833
CATGGCAGGAAGATCG-1-7,20221010-1_2,mrd7,N2,5.8085833,4.9078393
GGGTGACACCTTAACT-1-7,20221010-1_2,mrd7,N2,6.0597563,4.4440207
GCCGCACTCCGTTTCA-1-19,20221010-4_14,mrd7,N2,6.834677,4.1121397
CAGTACATTCTCTAAA-1-19,20221010-4_14,mrd7,N2,8.580263,5.6731577
ATTCATATACTGTCCA-1-7,20221010-1_2,mrd7,N2,5.714726,4.515491
GGGTGGTCCAGCCTGT-1-19,20221010-4_14,mrd7,N2,6.739988,5.1700945
CAACGACCCGTTTACA-1-19,20221010-4_14,mrd7,N2,5.590357,6.2544866
TGGCAGATTACGATCA-1-7,20221010-1_2,mrd7,N2,7.4369345,5.312043
ATAAACGGACCCGTAA-1-7,20221010-1_2,mrd7,N2,7.6842537,5.131064
TTCGTAATCCCAGCGG-1-19,20221010-4_14,mrd7,N2,4.345242,6.058018
TTAGCAACATGGATGT-1-7,20221010-1_2,mrd7,N2,8.54314,5.1819277
GACCGTCAGGTCGTGA-1-19,20221010-4_14,mrd7,N2,4.907862,5.4430265
AAATACCTATAAGCAT-1-7,20221010-1_2,mrd7,N2,4.772337,4.265602
GTTCTTCCCTCGATGT-1-19,20221010-4_14,mrd7,N2,6.346833,4.534723
GTAGCGGCTATACACT-1-7,20221010-1_2,mrd7,N2,6.0320964,4.760451
GATGTGTTGTCACAAG-1-19,20221010-4_14,mrd7,N2,6.002049,4.9342756
TATGGTTAGTGGGAGA-1-19,20221010-4_14,mrd7,N2,7.1230273,5.061619
GGTTAGTTACGGCGCC-1-7,20221010-1_2,mrd7,N2,7.5155005,4.9725475
ATGACGCCGGCTCTAA-1-7,20221010-1_2,mrd7,N2,8.550488,6.4212146
CGTGCCCTCCCGAAGA-1-7,20221010-1_2,mrd7,N2,6.2949715,4.585052
TTGGATTGGGTACCAC-1-7,20221010-1_2,mrd7,N2,7.6916614,5.0368056
CGAACAGTATGGGCGT-1-19,20221010-4_14,mrd7,N2,5.9027667,4.822307
ACCGATGGTAGCATCG-1-19,20221010-4_14,mrd7,N2,4.837682,7.285697
ACAAATCGCACCGAAT-1-7,20221010-1_2,mrd7,N2,5.762598,4.74097
TTGTAAGGCCAGTTGG-1-19,20221010-4_14,mrd7,N2,3.8198378,5.6417193
GTGAACTCCCATTCGA-1-19,20221010-4_14,mrd7,N2,7.374235,4.9211316
ATAATAGCTGTTGAAT-1-7,20221010-1_2,mrd7,N2,7.2708817,4.9309525
CAGAGTGATTTAACGT-1-19,20221010-4_14,mrd7,N2,8.223811,5.5912757
AACGATAGAAGGGCCG-1-7,20221010-1_2,mrd7,N2,6.3961124,4.5612206
TCCATTGTGACCTCGT-1-7,20221010-1_2,mrd7,N2,6.914701,5.27045
ATAGTGAAGCGTTCTC-1-7,20221010-1_2,mrd7,N2,6.6889057,4.6718545
ACTCCGGCCGACCACT-1-19,20221010-4_14,mrd7,N2,7.4311423,4.8897977
ACCAAGAACGCGTGTC-1-19,20221010-4_14,mrd7,N2,5.24572,4.5910764
AGGGTTCCCTTTGGTT-1-19,20221010-4_14,mrd7,N2,2.042199,5.5412097
GACGAGGCTAATAAAC-1-19,20221010-4_14,mrd7,N2,6.884703,4.6410127
TTAACCAACCCTCCCT-1-7,20221010-1_2,mrd7,N2,6.675283,5.2216
CTAATTTCAACAACAC-1-7,20221010-1_2,mrd7,N2,6.345399,4.9953995
TGCGACACCCTAGTGC-1-7,20221010-1_2,mrd7,N2,6.7517347,4.5940413
TCTAGCATGCCCAGAA-1-7,20221010-1_2,mrd7,N2,8.033045,5.6356993
TTCAATTAGCCATAAT-1-19,20221010-4_14,mrd7,N2,6.2594447,5.619324
GGTACCATTAAGACGG-1-19,20221010-4_14,mrd7,N2,7.516246,4.9867034
CTGTTCATCTCACGGG-1-7,20221010-1_2,mrd7,N2,6.8601475,4.6887035
GGTTTCAATCGGTCAG-1-19,20221010-4_14,mrd7,N2,5.5264616,4.8682337
CTCCGGCCTAATATGC-1-7,20221010-1_2,mrd7,N2,7.4201245,5.195799
CACATATTAGCAGGAT-1-7,20221010-1_2,mrd7,N2,6.7827444,4.641146
TGTGGCAAAGCGTATG-1-19,20221010-4_14,mrd7,N2,2.9563792,4.6384172
AACGCGACCTTGGGCG-1-19,20221010-4_14,mrd7,N2,3.8264806,4.530781
ATTCAGTAGCAGGGTC-1-7,20221010-1_2,mrd7,N2,6.979292,4.6432586
TCCCGTGTGCAATTTG-1-7,20221010-1_2,mrd7,N2,4.063727,5.5050187
AAATGGCATGTCTTGT-1-19,20221010-4_14,mrd7,N2,4.87291,4.761437
AGTAATGTCTTGCCGC-1-7,20221010-1_2,mrd7,N2,4.9875116,5.2547956
GGCATACAGGTAGCGG-1-19,20221010-4_14,mrd7,N2,4.05483,5.365111
TCTGTGCCATCATAGT-1-19,20221010-4_14,mrd7,N2,2.8932605,4.848444
GATCTTGGAGGGCATA-1-7,20221010-1_2,mrd7,N2,9.346916,6.002061
ATGTGGACATCTTGAT-1-7,20221010-1_2,mrd7,N2,7.8399954,5.831921
CGCGGGAATTAGGCAG-1-19,20221010-4_14,mrd7,N2,5.0887456,5.5527167
TATATTCGCGTCGATA-1-19,20221010-4_14,mrd7,N2,4.921006,4.247871
CAGACGAACCTGATAC-1-7,20221010-1_2,mrd7,N2,6.952545,4.7648263
GGCGCGTTCGAGTTTA-1-7,20221010-1_2,mrd7,N2,7.0929418,4.9925647
GGTCGGCCAGGAGCTT-1-19,20221010-4_14,mrd7,N2,2.4512615,5.1089473
TAGACTACCTAGCGTT-1-19,20221010-4_14,mrd7,N2,5.745753,5.2347975
ACATCCTGGTAACTGT-1-19,20221010-4_14,mrd7,N2,3.1118565,6.642607
CACAGCTAGGGAGTGA-1-7,20221010-1_2,mrd7,N2,6.8716917,4.99685
TTCCTCGGACTAACCA-1-7,20221010-1_2,mrd7,N2,7.089404,4.7306585
CCTAGTTAGTCGCATG-1-19,20221010-4_14,mrd7,N2,5.0061965,5.1903906
CTATGTCTATTGAAAC-1-19,20221010-4_14,mrd7,N2,5.619618,4.8036427
AACAATTACTCTACGC-1-7,20221010-1_2,mrd7,N2,8.393631,5.358732
GTTAACATCACTTAAA-1-7,20221010-1_2,mrd7,N2,6.800858,4.662101
CCATAGGTTGGCGTGG-1-7,20221010-1_2,mrd7,N2,6.764411,4.714373
TGCAGTTTCCTCCCAT-1-7,20221010-1_2,mrd7,N2,4.787302,4.3960633
AAATCGTGTACCACAA-1-7,20221010-1_2,mrd7,N2,8.364144,5.502881
TGCGGCATAGTTCAAC-1-19,20221010-4_14,mrd7,N2,5.8896737,4.9188714
GTCTTAGTACAGCCGG-1-7,20221010-1_2,mrd7,N2,8.871644,5.8983507
CATACCCGTACCCAGT-1-7,20221010-1_2,mrd7,N2,7.2797956,4.7774816
ACCACCAATGTAACAA-1-19,20221010-4_14,mrd7,N2,8.281401,5.2277765
GATAGGTAACGTTGAC-1-7,20221010-1_2,mrd7,N2,9.07042,5.618558
CTTGACCCGAAAGATA-1-19,20221010-4_14,mrd7,N2,4.7669325,4.327561
ATCCTGCGTGGAATGG-1-7,20221010-1_2,mrd7,N2,8.0522585,5.09581
TAGAGCTACGAAGAAC-1-19,20221010-4_14,mrd7,N2,5.8584375,4.993232
AAGTAGAAGACCGGGT-1-7,20221010-1_2,mrd7,N2,6.5999064,5.060463
AGGCCCATTGTACAGG-1-19,20221010-4_14,mrd7,N2,5.9551253,5.049565
CGGTCTATCAACCCGT-1-19,20221010-4_14,mrd7,N2,4.73134,4.773881
TCCTTACGACGGTCCG-1-19,20221010-4_14,mrd7,N2,5.416425,5.0104575
GTTGAGTCCCGCCGGT-1-7,20221010-1_2,mrd7,N2,8.532929,5.339926
GGATCAAAGGACGAGG-1-7,20221010-1_2,mrd7,N2,4.063551,5.5169506
GCAGATCCATAAGACT-1-7,20221010-1_2,mrd7,N2,6.8028283,4.644558
TCTCGGCTCCAGGACT-1-7,20221010-1_2,mrd7,N2,8.092971,5.4586477
CCAAGACTTCTGCGAA-1-7,20221010-1_2,mrd7,N2,5.436484,4.498374
GCTTAATGTAACTAAC-1-7,20221010-1_2,mrd7,N2,7.178152,4.7185845
AAGTGTTTGGAGACGG-1-7,20221010-1_2,mrd7,N2,5.9274087,4.9282494
ACAAGGGCAGGCTCTG-1-7,20221010-1_2,mrd7,N2,7.0166836,4.819269
CGTAGCGCCGACGTTG-1-7,20221010-1_2,mrd7,N2,4.976221,4.2648606
TGCATGTGGTAATCTA-1-19,20221010-4_14,mrd7,N2,4.1366496,5.2826614
TGAGAATGCTTTACCG-1-7,20221010-1_2,mrd7,N2,6.216899,4.635954
ACGTGCGCCTCGTGCA-1-7,20221010-1_2,mrd7,N2,6.4914975,5.46268
ACTACCAGCTCTCTGG-1-19,20221010-4_14,mrd7,N2,5.499954,4.9342027
CTTTACCGAATAGTAG-1-7,20221010-1_2,mrd7,N2,7.2463117,4.974382
TTCTTTGGTCGCGACG-1-19,20221010-4_14,mrd7,N2,8.192266,4.9338837
TGCCTTGGCCAGGCAA-1-7,20221010-1_2,mrd7,N2,7.598414,5.2692585
TAGAAAGGTGGCGCTA-1-19,20221010-4_14,mrd7,N2,1.5698496,4.9995728
GTAAGGATTTGTCGGA-1-19,20221010-4_14,mrd7,N2,4.2242856,4.6572037
TTAAGCCGACAACTTC-1-19,20221010-4_14,mrd7,N2,3.814003,6.427973
CTCATGGCTCACAATC-1-7,20221010-1_2,mrd7,N2,7.627012,5.1075215
CCCAAGACAGAGTATG-1-7,20221010-1_2,mrd7,N2,4.129525,7.201908
GTTACCTACAACTTGC-1-7,20221010-1_2,mrd7,N2,6.938772,5.223677
CATAGCCGCCCGGGAT-1-7,20221010-1_2,mrd7,N2,6.1494374,4.378462
TAGGTCGCCGGAACTG-1-19,20221010-4_14,mrd7,N2,6.613207,4.5815506
AGTGCACGCTTAAGAA-1-19,20221010-4_14,mrd7,N2,7.9049497,5.3548923
TAGTCTGTGACGTTGC-1-19,20221010-4_14,mrd7,N2,9.291485,5.549955
CCGGGCTGCTCCATAC-1-19,20221010-4_14,mrd7,N2,5.359353,4.99849
ACATCGTATGCAATGG-1-7,20221010-1_2,mrd7,N2,3.2707746,5.6708226
GAACGTCTCATGGTCG-1-19,20221010-4_14,mrd7,N2,4.386749,5.6196795
CCGGCGCATATTGGAT-1-19,20221010-4_14,mrd7,N2,5.2989187,5.228358
GGAATGCGCTAGCGTG-1-19,20221010-4_14,mrd7,N2,1.9664826,5.21255
AGCCCTGTCGCACCGT-1-19,20221010-4_14,mrd7,N2,6.9543386,4.150016
CGGGAATTTATGTAAA-1-7,20221010-1_2,mrd7,N2,7.080151,4.8653193
GGAAAGTGCCCATGCC-1-19,20221010-4_14,mrd7,N2,8.323451,6.1152315
CAGTAATCCCTCCCAG-1-7,20221010-1_2,mrd7,N2,7.604245,5.1103125
GCTGGCGGCGCATGCT-1-7,20221010-1_2,mrd7,N2,9.227853,6.0135646
GTGCACCAGCTTCAAC-1-19,20221010-4_14,mrd7,N2,2.0680199,5.1442256
TGATTCCCGGTTACCT-1-19,20221010-4_14,mrd7,N2,9.2244215,5.7887135
AGCGTGGTATTCTACT-1-7,20221010-1_2,mrd7,N2,9.173398,5.8279595
ACACGGCACTATGCAT-1-19,20221010-4_14,mrd7,N2,6.517607,4.81144
CCTCCCGACAATCCCT-1-19,20221010-4_14,mrd7,N2,5.766877,4.775094
TGTCCCGACATAGCAC-1-19,20221010-4_14,mrd7,N2,5.4852586,5.046648
TTGCTGAAGGAACCAC-1-7,20221010-1_2,mrd7,N2,6.652606,4.89496
TGACTATAATCCTTTC-1-7,20221010-1_2,mrd7,N2,7.984635,5.4962997
TTGTGGCCCTGACAGT-1-7,20221010-1_2,mrd7,N2,7.120299,4.8843184
GGTTGTATCGTGAAAT-1-7,20221010-1_2,mrd7,N2,4.6803794,6.791048
GCTATCGCGGCGCAAC-1-7,20221010-1_2,mrd7,N2,7.022594,4.6739817
GCATGCTAATAACGAT-1-19,20221010-4_14,mrd7,N2,7.479725,5.0728717
TCATACTTACAGATCC-1-7,20221010-1_2,mrd7,N2,6.00003,4.9063945
TTGTGGTGGTACTAAG-1-19,20221010-4_14,mrd7,N2,9.8123045,6.27926
AGACCCACCGCTGATC-1-7,20221010-1_2,mrd7,N2,5.2626586,4.932636
CCGGGACCCGCAGAGA-1-19,20221010-4_14,mrd7,N2,7.1599517,5.8985553
CTTTAATATTGGTCGA-1-7,20221010-1_2,mrd7,N2,8.411982,5.540502
GTTACAATTGGTGACG-1-7,20221010-1_2,mrd7,N2,9.072295,5.478986
TTGGATCGACTTCTGG-1-19,20221010-4_14,mrd7,N2,4.5366178,4.887599
GTCGTACCATCTCGGG-1-7,20221010-1_2,mrd7,N2,6.598097,4.7760634
TCAACTGCAGAGTCAG-1-22,20230607-1_1,primary,N2,4.3888173,6.032426
TTGCCCTGATCACGGG-1-10,20221010-2_5,primary,N2,0.97775245,4.969382
TGTTCCGCTTCCATGA-1-10,20221010-2_5,primary,N2,-0.42059138,4.143236
GTAGACGTCGTTACAT-1-6,20221010-1_1,primary,N2,-0.7657228,2.3863325
ACTAATACGTCAGGCG-1-17,20221010-3_9,primary,N2,2.2218206,6.342128
CAGAATAACACACGGA-1-22,20230607-1_1,primary,N2,3.8651123,6.1375976
AGGCTATGGTTAGCTT-1-18,20221010-4_13,primary,N2,2.050886,7.603502
GTGACCGCACACTACG-1-22,20230607-1_1,primary,N2,1.6071278,5.119116
TGAGTGGTCCGTGACG-1-23,20230607-2_5,primary,N2,1.3972782,3.220144
GAAGCTTGCTGACCGC-1-6,20221010-1_1,primary,N2,0.94820267,6.3116045
ACGCATTCGTGAGTAC-1-17,20221010-3_9,primary,N2,2.6299813,5.930044
ATAAACGTTGCACCAC-1-22,20230607-1_1,primary,N2,3.965223,6.2897058
GAATAGACGCGACCCA-1-22,20230607-1_1,primary,N2,2.474593,6.027107
GGATCTTGACTCAACC-1-17,20221010-3_9,primary,N2,1.7383425,6.640644
TCCTGCGTTGATACTC-1-10,20221010-2_5,primary,N2,0.69860876,5.1495023
TGTTCCGCTTCCATGA-1-17,20221010-3_9,primary,N2,-0.1001632,3.9389548
AACTGAGGTCAGCGTC-1-17,20221010-3_9,primary,N2,-0.47223148,4.436047
GGATCCGGAATATACT-1-23,20230607-2_5,primary,N2,8.660868,6.017336
GCGCGTCATTGGTACA-1-22,20230607-1_1,primary,N2,1.2788978,4.780472
CATCGAATGGATCTCT-1-6,20221010-1_1,primary,N2,2.37023,6.7539034
GTTAAAGTAGGACTGG-1-22,20230607-1_1,primary,N2,3.0848176,5.546636
TCCCGGTCAGGAATTT-1-6,20221010-1_1,primary,N2,3.2170937,4.8665133
TCGTGTCACGCTGACA-1-17,20221010-3_9,primary,N2,-0.62444675,5.4463997
AATACCGGAGGGCTGT-1-17,20221010-3_9,primary,N2,-0.23190384,3.3272014
CTATAGGCGTTGATGT-1-17,20221010-3_9,primary,N2,0.0424659,3.9513948
CTAAAGAATGCCTACT-1-10,20221010-2_5,primary,N2,0.31645268,4.8706145
TCCCGGGTGTGCTGCT-1-10,20221010-2_5,primary,N2,-1.0831337,6.1386523
AACCCTACTGTCAATA-1-22,20230607-1_1,primary,N2,1.3641617,4.792125
CCTCGTTACGCCTGTT-1-17,20221010-3_9,primary,N2,1.6443155,7.029535
CAGTCGAGGATGCAAT-1-23,20230607-2_5,primary,N2,1.5231526,2.9877331
TTGTTGGCAATGACTG-1-17,20221010-3_9,primary,N2,0.5968964,4.9616227
GGCGTACCCTATATAA-1-6,20221010-1_1,primary,N2,-1.1755089,4.224803
GGTAAATGTGCGTTAC-1-10,20221010-2_5,primary,N2,-0.2224256,3.8566048
CCGTTACGTTAGAACA-1-23,20230607-2_5,primary,N2,1.0646976,2.881328
AGTGTGGTCTATTGTG-1-10,20221010-2_5,primary,N2,-0.7553823,4.1000624
ATTCAGTAGCAGGGTC-1-6,20221010-1_1,primary,N2,-1.2961482,5.2432804
TTCTTATCCGCTGGGT-1-22,20230607-1_1,primary,N2,1.5007238,5.2887964
GTGAGTGGTACAACGC-1-23,20230607-2_5,primary,N2,1.434441,3.248031
TCTGCGTCCGGTTTCT-1-10,20221010-2_5,primary,N2,-0.75657725,4.58181
AGGTACGATATTGCCA-1-10,20221010-2_5,primary,N2,-0.2911467,3.3697412
CCTCTCTCCCATCTAG-1-10,20221010-2_5,primary,N2,1.4837049,6.497278
ACCGTTCCCGCTCTGA-1-6,20221010-1_1,primary,N2,0.79894775,3.9056458
TAGAGTCTAAGCGAAC-1-17,20221010-3_9,primary,N2,1.853319,5.8299627
CAACGTGGTGGAGTCT-1-22,20230607-1_1,primary,N2,4.1551037,6.8160534
GTGTCCGATAAGGCAT-1-6,20221010-1_1,primary,N2,-0.84885395,2.8187387
CCACAATGTACGTCTT-1-23,20230607-2_5,primary,N2,8.829676,6.8447423
TCCGCGGCAGCATCTG-1-22,20230607-1_1,primary,N2,2.2633076,6.6405816
TTAATTGCTTTGGGTG-1-22,20230607-1_1,primary,N2,0.58956623,4.059437
ACGGAATTTAGCAAAT-1-10,20221010-2_5,primary,N2,3.0078366,4.999074
GCACTGTGCAAATGTA-1-6,20221010-1_1,primary,N2,0.2856653,4.91438
CTATTTGGTTACGGAT-1-23,20230607-2_5,primary,N2,1.8020853,3.6245139
CCAACGATGCACTGAT-1-18,20221010-4_13,primary,N2,-0.19781882,5.4680114
TCCGAACTTGGCTTAC-1-18,20221010-4_13,primary,N2,0.94134617,5.948251
CCGCGGGTACGAAGAA-1-10,20221010-2_5,primary,N2,-2.2769132,7.0494204
TGGAAACGGAGTGAAC-1-6,20221010-1_1,primary,N2,-1.3201579,9.395791
GCAAATATTACGCTTT-1-18,20221010-4_13,primary,N2,1.4203624,6.399901
TCCGATTACATTGCCG-1-6,20221010-1_1,primary,N2,-0.7057622,3.9884021
TAGACGCCCGTACCGG-1-23,20230607-2_5,primary,N2,1.7685571,3.3904564
TCTACCGTCCACAAGC-1-23,20230607-2_5,primary,N2,1.6955342,3.55767
GTGCGCTTACAAATGA-1-6,20221010-1_1,primary,N2,2.2175307,5.949287
ACTCTCTGACTTAGGT-1-23,20230607-2_5,primary,N2,1.8812996,2.7855625
ACTTATACTTACCCGG-1-23,20230607-2_5,primary,N2,1.5531082,3.0296555
CCTAGGCGTAGCGATC-1-23,20230607-2_5,primary,N2,1.4092488,2.9741757
TTCGACGGGAAGGGCG-1-17,20221010-3_9,primary,N2,2.099669,5.6980805
TTCTTGTGTCCATCAG-1-18,20221010-4_13,primary,N2,2.214717,6.7616034
ACGCGGGCCAAGGACA-1-10,20221010-2_5,primary,N2,-0.28875786,3.0859048
AGAATTGTTTGACATA-1-10,20221010-2_5,primary,N2,0.08383399,3.5062132
CGATATTAGCCGCAGG-1-6,20221010-1_1,primary,N2,2.2769985,6.2738466
TTAGATAGGTCGATAC-1-6,20221010-1_1,primary,N2,-0.67054653,4.6633067
TTATCCAATCGAACTC-1-10,20221010-2_5,primary,N2,-0.76940656,5.195974
CACACAGGGATAGATT-1-6,20221010-1_1,primary,N2,-0.81182986,6.438465
CATACGAACTAGCTGG-1-17,20221010-3_9,primary,N2,-0.7656326,4.7001204
GGTCGGCCAGGAGCTT-1-23,20230607-2_5,primary,N2,5.2548513,4.642443
AAACTGCTGGCTCCAA-1-23,20230607-2_5,primary,N2,1.4043864,3.2090085
TTCAATACTCTGAATC-1-22,20230607-1_1,primary,N2,3.0632935,8.556323
AGGTAGGTACAAAGCT-1-10,20221010-2_5,primary,N2,-1.4345145,6.462802
CTCTGGACGCCTGGTG-1-17,20221010-3_9,primary,N2,1.6948578,6.6642103
GGTTCGGATTATACTA-1-18,20221010-4_13,primary,N2,-0.03162544,3.4423213
CTATCGACGAAATACA-1-22,20230607-1_1,primary,N2,0.6566993,4.4563065
TCGTTGGCTCGTCAAT-1-6,20221010-1_1,primary,N2,-0.68241173,4.4489655
GGGAGGATGCCCGAAA-1-10,20221010-2_5,primary,N2,-1.7798474,7.434626
GGATGAAGATCGCTGA-1-22,20230607-1_1,primary,N2,3.5380533,6.0925384
GAGATGGGAGTCGACA-1-10,20221010-2_5,primary,N2,-0.17399076,5.251999
GTCGGATATCTCAGAC-1-18,20221010-4_13,primary,N2,-0.13623771,3.2693083
GAAGCGTGAGGAATTT-1-17,20221010-3_9,primary,N2,2.3359537,6.323783
CGCGTCATATTAAACC-1-6,20221010-1_1,primary,N2,0.28961334,4.016232
GAAATATCACCATCAG-1-6,20221010-1_1,primary,N2,2.5894349,5.250264
GGTAACCGGGAGGATA-1-22,20230607-1_1,primary,N2,1.1620146,4.6544385
CTAACCGCGCGCCCGT-1-17,20221010-3_9,primary,N2,1.9557211,6.586256
ATACTACCCGTACCAC-1-22,20230607-1_1,primary,N2,1.8485429,4.912959
CGTAATAATTACGAGT-1-22,20230607-1_1,primary,N2,2.3491888,5.788169
GCTAACTGAAGTCTGA-1-22,20230607-1_1,primary,N2,1.0235583,4.414558
AACGGACGTACGTATA-1-22,20230607-1_1,primary,N2,2.382213,5.876228
CGCCGTTCAGCATAGT-1-22,20230607-1_1,primary,N2,1.3681146,5.0749464
GCGAAGCCATACCCGT-1-17,20221010-3_9,primary,N2,-0.8984321,3.6610155
AAACAAGTATCTCCCA-1-22,20230607-1_1,primary,N2,3.4547899,7.1225824
CTAGATAAACTCCTCG-1-6,20221010-1_1,primary,N2,-0.827277,4.5571837
GACGTGTAGGGATTAT-1-18,20221010-4_13,primary,N2,0.8768894,6.8328667
ATCCTGAATCGCTGCG-1-10,20221010-2_5,primary,N2,0.8373012,6.6668086
CTGGGATAAATAATGG-1-23,20230607-2_5,primary,N2,1.6033626,3.4241931
CGCTCTCCGTAGATTA-1-6,20221010-1_1,primary,N2,1.1346873,5.738561
CCTCTCTCCCATCTAG-1-17,20221010-3_9,primary,N2,2.4174857,5.9469156
GAACGTCTCATGGTCG-1-23,20230607-2_5,primary,N2,1.7423995,3.562786
GATTCCTATACGGCGC-1-6,20221010-1_1,primary,N2,-0.26768106,5.264505
CCTGTTTGAAGACACG-1-22,20230607-1_1,primary,N2,0.6184581,4.070946
CATGGATTGTCTTCCG-1-22,20230607-1_1,primary,N2,0.86553735,4.4093113
TCGCAAAGATGCATTT-1-17,20221010-3_9,primary,N2,-0.59420156,5.112237
CGCAGGCGATCCAAAC-1-22,20230607-1_1,primary,N2,1.8637104,5.4806423
GACACCCAAAGACGCG-1-17,20221010-3_9,primary,N2,-0.016056867,4.354942
AAAGGGCAGCTTGAAT-1-18,20221010-4_13,primary,N2,2.1110165,5.9168725
TCGGGCACTTCTGGAT-1-6,20221010-1_1,primary,N2,3.7681053,4.86845
TGACTATAATCCTTTC-1-10,20221010-2_5,primary,N2,-1.5857638,3.119592
ATATTTAACCCTCAAG-1-17,20221010-3_9,primary,N2,-0.07536867,4.4503613
CCTGAATATTTACATA-1-6,20221010-1_1,primary,N2,-0.080926485,3.1821558
CAATCCTGCCGTGGAG-1-6,20221010-1_1,primary,N2,0.6587784,7.067014
TTAGAGTTTAGAAGGA-1-22,20230607-1_1,primary,N2,1.6230825,6.034698
AGGACTTATAGGAGAA-1-22,20230607-1_1,primary,N2,0.7547337,4.3931036
CTGCCTAGCCACCAAG-1-10,20221010-2_5,primary,N2,-0.44058433,2.4625
GATGTCCGGATCACAT-1-6,20221010-1_1,primary,N2,2.476913,6.168523
CTGGGATCGCCCAGAT-1-6,20221010-1_1,primary,N2,0.45295516,3.6886115
TCGTGTTCGACCACAA-1-22,20230607-1_1,primary,N2,2.7552106,5.8436084
TTCGCATCCGGAAGCA-1-22,20230607-1_1,primary,N2,2.8617098,5.122707
TCCCTGGCTCGCTGGA-1-6,20221010-1_1,primary,N2,0.23602737,5.5892963
CCGCGATTTGGTAGGT-1-18,20221010-4_13,primary,N2,0.87638396,5.1239376
CCAACGATGCACTGAT-1-6,20221010-1_1,primary,N2,0.8051194,6.7649403
CAAGATATTATAACGT-1-22,20230607-1_1,primary,N2,1.4946473,6.1895523
CCTAAATTGTATCCTA-1-22,20230607-1_1,primary,N2,3.6398475,7.0086246
CATACAAAGCCGAACC-1-10,20221010-2_5,primary,N2,2.9393842,5.1773086
GAAGTCAGTTGCACTA-1-23,20230607-2_5,primary,N2,1.01316,2.674538
TATCTAGCCTAAAGGA-1-18,20221010-4_13,primary,N2,-0.25168386,6.280468
CAGCAGTCCAGACTAT-1-22,20230607-1_1,primary,N2,1.3875371,5.003671
TCTGTGATGGAGGTTG-1-17,20221010-3_9,primary,N2,0.69753975,7.066187
AGTCGACGGTCTCAAG-1-22,20230607-1_1,primary,N2,1.5803204,6.2060018
AACGAAAGTCGTCCCA-1-18,20221010-4_13,primary,N2,-0.014094228,3.094514
CTCCTAAGTTATGTCT-1-10,20221010-2_5,primary,N2,3.0975904,4.967453
AAATGCTCGTTACGTT-1-10,20221010-2_5,primary,N2,-0.73786414,4.7622886
CCCGTTTCGCAGATGT-1-22,20230607-1_1,primary,N2,1.7649431,5.2582116
GCCGCTTGTGAGAAAC-1-10,20221010-2_5,primary,N2,1.9390247,4.848599
TCAAGGTTACTACACC-1-22,20230607-1_1,primary,N2,3.681362,7.7885237
GCCGGGTTAGGGTCGC-1-10,20221010-2_5,primary,N2,-1.9504555,7.0243173
AGCACTTAAGGACGCC-1-18,20221010-4_13,primary,N2,2.4486637,4.9966874
TTGCTCCCATACCGGA-1-6,20221010-1_1,primary,N2,-0.19917308,3.3272452
CTGGTCCTAACTTGGC-1-6,20221010-1_1,primary,N2,-0.13980019,3.3329558
GGCCACAAGCGATGGC-1-6,20221010-1_1,primary,N2,-0.30163586,5.209287
ACATTCGCGCGGAATA-1-17,20221010-3_9,primary,N2,-0.46891737,4.739317
TTCGTACTCCAGAACG-1-6,20221010-1_1,primary,N2,0.17781022,5.2160096
GGAGCAACATTTCAAG-1-22,20230607-1_1,primary,N2,2.424259,5.8540783
GCGGCTCTGACGTACC-1-17,20221010-3_9,primary,N2,0.043831095,5.631995
ACGTGCGCCTCGTGCA-1-17,20221010-3_9,primary,N2,1.9989622,6.4779444
CTGCCAAGGTTGGAAG-1-17,20221010-3_9,primary,N2,-0.04563839,5.1852803
GACTCCTTCCAATTGA-1-18,20221010-4_13,primary,N2,-0.39347485,2.3840456
CGAAGTTGCTCTGTGT-1-10,20221010-2_5,primary,N2,-1.5900487,8.816468
TCGGCTTGTATCGACG-1-22,20230607-1_1,primary,N2,0.5948163,4.055399
CGCTGGTGACTACCCT-1-22,20230607-1_1,primary,N2,1.638844,5.11003
TCGGGCCGTCGTGGTA-1-22,20230607-1_1,primary,N2,1.9458859,6.504961
TAACAGCGTTTGTGCT-1-17,20221010-3_9,primary,N2,1.538973,5.446647
GAAACAGATGACCACC-1-22,20230607-1_1,primary,N2,3.4026499,6.8059416
TGATCTCCGGCGCCAG-1-17,20221010-3_9,primary,N2,2.178565,5.7406507
CATACACGGTTCCCAC-1-22,20230607-1_1,primary,N2,0.57039165,4.3529563
TTGGACCATCTGGCAA-1-22,20230607-1_1,primary,N2,3.5641932,6.348219
CTTTAGGAACACTGTT-1-22,20230607-1_1,primary,N2,3.3498087,7.5054264
AGATAACTTCAGGGCC-1-17,20221010-3_9,primary,N2,-0.09807903,5.320245
GGCGAGCATCGAGGAC-1-6,20221010-1_1,primary,N2,0.20065412,8.0785265
CTATGGGAAGCGGAAT-1-22,20230607-1_1,primary,N2,1.9398909,5.753848
CCGACAATAGGCCGCC-1-22,20230607-1_1,primary,N2,5.6833887,6.3969383
TTGATCTAACTTTGTC-1-17,20221010-3_9,primary,N2,0.76853395,6.281183
TGTAGTGATCTATAAT-1-10,20221010-2_5,primary,N2,0.25950533,5.9673142
GGGCAACCGCACGTGC-1-22,20230607-1_1,primary,N2,3.7816286,6.163817
ATTCAACCATTTAAGG-1-22,20230607-1_1,primary,N2,1.202593,4.884984
TTGCTCCCATACCGGA-1-10,20221010-2_5,primary,N2,-0.49421123,2.7259443
CCTCACCTGAGGGAGC-1-23,20230607-2_5,primary,N2,1.4195473,3.3089142
GGCCCAGTTATCAGCA-1-23,20230607-2_5,primary,N2,1.8156937,3.6912055
CCTCGGACCGGGATAG-1-22,20230607-1_1,primary,N2,1.9706087,7.05191
ACTTGGGACCCGGTGG-1-23,20230607-2_5,primary,N2,1.1058065,2.9882283
TCGCTCGATATATTCC-1-17,20221010-3_9,primary,N2,0.9346387,5.1993823
GAGATCTGCTTGGCAT-1-18,20221010-4_13,primary,N2,0.063496746,2.3656757
ATGACTATGCGACATT-1-22,20230607-1_1,primary,N2,1.0766679,4.726357
GGAACCTTGACTCTGC-1-17,20221010-3_9,primary,N2,-0.7099596,4.3294654
ATGCGAGTCCCACCAC-1-22,20230607-1_1,primary,N2,3.6554809,6.562933
ACCAGCCCGGTCTTTG-1-6,20221010-1_1,primary,N2,-0.35760552,2.339071
TTCCGCGTGAGGCGAT-1-10,20221010-2_5,primary,N2,-2.1388943,4.495787
CCATGCTCTGCAGGAA-1-18,20221010-4_13,primary,N2,0.97284746,7.6079597
ATGCCATTTGCGACCA-1-22,20230607-1_1,primary,N2,1.9642942,7.461027
AATTCCAAGCATGTAC-1-17,20221010-3_9,primary,N2,-1.1630945,5.228924
GAGCGCGCACGAGTAG-1-22,20230607-1_1,primary,N2,2.4767158,5.9996605
TGTACCTACACGAGGG-1-22,20230607-1_1,primary,N2,0.633835,4.2806854
ACTGTCTTCTTTAGAA-1-17,20221010-3_9,primary,N2,-0.24272597,4.4459896
ACGTAGATTGCTGATG-1-10,20221010-2_5,primary,N2,-0.86760974,2.3709292
GAGGAATGGAGAGGTT-1-6,20221010-1_1,primary,N2,-1.9546318,8.02282
CCGGGTTCGAGGTTAC-1-10,20221010-2_5,primary,N2,-0.09386555,6.5226445
TACGCAGTTCTTTCCT-1-22,20230607-1_1,primary,N2,1.3699822,6.5985365
TCATCACTCGAGCTCG-1-10,20221010-2_5,primary,N2,-1.1653949,6.6116085
GAAGCTTGCTGACCGC-1-18,20221010-4_13,primary,N2,3.225586,5.5435195
GTGACTTCAGTAGTGC-1-22,20230607-1_1,primary,N2,0.6806127,4.543391
ATTTACAGTTTACTGG-1-17,20221010-3_9,primary,N2,-0.23996519,4.4025335
CCCTGCGCTACGCATA-1-18,20221010-4_13,primary,N2,-0.65339065,4.519551
CGAGAGGGTAGCCGCG-1-22,20230607-1_1,primary,N2,2.0395975,5.4834456
GTCGGATATCTCAGAC-1-6,20221010-1_1,primary,N2,-0.62878144,5.666485
CACACGCGCTGTCTTA-1-23,20230607-2_5,primary,N2,1.5021108,3.0497506
TTAATGCGAGGTAACT-1-6,20221010-1_1,primary,N2,-0.11380179,3.3073487
CTACACTCGCAGATGG-1-22,20230607-1_1,primary,N2,1.6076676,5.3072805
CGAAACATAGATGGCA-1-10,20221010-2_5,primary,N2,0.16474658,4.4187737
CCTCAACGATCGCTGT-1-18,20221010-4_13,primary,N2,-0.7569977,3.2297559
AAGAGGATGTACGCGA-1-10,20221010-2_5,primary,N2,1.1007092,6.3844514
TAGTCCTGCACTAAGC-1-17,20221010-3_9,primary,N2,1.6574336,5.763601
CCGCGGGTACGAAGAA-1-6,20221010-1_1,primary,N2,0.28973365,7.205534
GCGCGATGGGTCAAGT-1-6,20221010-1_1,primary,N2,0.7075919,6.750755
GACCGACTGAAGCGTC-1-6,20221010-1_1,primary,N2,1.5119349,6.165934
TGCGCAAAGCATTTGG-1-17,20221010-3_9,primary,N2,0.4929851,4.857723
CTAAATCCGGTGTACA-1-17,20221010-3_9,primary,N2,2.0498796,6.36463
CGAGTTTATCGGACTG-1-22,20230607-1_1,primary,N2,3.3385482,7.877182
AGTTCCTACAGAATTA-1-17,20221010-3_9,primary,N2,0.955369,5.5012617
GTCCCGCGACGTTATG-1-22,20230607-1_1,primary,N2,0.8941117,4.322823
TAGGTGAGCCCTACTC-1-6,20221010-1_1,primary,N2,1.0344391,5.6370544
GCAGGACTATAGAATA-1-10,20221010-2_5,primary,N2,2.095221,4.64385
GAAGTTTCCACTCAAT-1-22,20230607-1_1,primary,N2,2.3247845,6.8529663
AACAATTACTCTACGC-1-18,20221010-4_13,primary,N2,-0.36982048,2.2092488
TGATTCGTCTATCACT-1-18,20221010-4_13,primary,N2,-0.05748672,3.3976526
ACGATGCATATGTTAT-1-17,20221010-3_9,primary,N2,1.148778,5.3112245
GGTTGTATCGTGAAAT-1-6,20221010-1_1,primary,N2,-0.8159147,3.729291
CGTTTCGCTCATTACA-1-10,20221010-2_5,primary,N2,-1.4095031,3.9291897
GCCTCATCTGGAAATA-1-22,20230607-1_1,primary,N2,3.4524827,6.868214
TGTTCTTCCATTGACT-1-18,20221010-4_13,primary,N2,0.7896307,4.3784075
CAGAGCATGAGCTTGC-1-17,20221010-3_9,primary,N2,-0.8410854,4.6333265
GAAGGACTAAATTGAA-1-6,20221010-1_1,primary,N2,0.67520887,7.658764
TATCGATGATTAAACG-1-23,20230607-2_5,primary,N2,1.9312804,3.6637456
CGCTTATTCCCGGTCG-1-17,20221010-3_9,primary,N2,-0.11586419,3.7030985
TAGCCATTTCAAAGTC-1-22,20230607-1_1,primary,N2,3.3293347,6.9402347
AGCGTCTGAACCCGCA-1-6,20221010-1_1,primary,N2,0.73641986,6.7661653
AACAGGATGGGCCGCG-1-6,20221010-1_1,primary,N2,0.33223897,6.779098
AATTAGCGCTGCAGCG-1-23,20230607-2_5,primary,N2,1.6580468,3.4687726
TCTTAACTCGGATGTA-1-22,20230607-1_1,primary,N2,1.7029909,6.4309
GCTTATGAAGCAGGAA-1-23,20230607-2_5,primary,N2,1.8508445,3.4684505
GGCATACAGGTAGCGG-1-10,20221010-2_5,primary,N2,-0.12869792,4.9743137
ATGGGCCTCGGCCTCT-1-22,20230607-1_1,primary,N2,1.4076723,5.4304786
CTCGAGGTCGAACAGT-1-18,20221010-4_13,primary,N2,0.061018135,5.1947646
TCTTACTTATGCCTCT-1-22,20230607-1_1,primary,N2,1.6505752,5.887483
AGGACAGTCGAATCCC-1-22,20230607-1_1,primary,N2,1.366981,6.2861705
ACACACCAGGACCAGT-1-22,20230607-1_1,primary,N2,3.214508,6.666439
GGGTCACCGTGACGGT-1-10,20221010-2_5,primary,N2,0.4928968,7.1306243
TGGCAAGCACAAGTCG-1-17,20221010-3_9,primary,N2,-0.21870609,4.4021854
GCGAGGCCCGAGCAGA-1-10,20221010-2_5,primary,N2,1.435259,6.263905
GCTGGCATATTCACCT-1-6,20221010-1_1,primary,N2,-1.1327465,5.050292
ACCTCCGCCCTCGCTG-1-22,20230607-1_1,primary,N2,2.9665527,5.9238353
TCTCATGAGATAGGGT-1-6,20221010-1_1,primary,N2,-0.84564024,3.4923804
GATCAACATAAAGGGA-1-17,20221010-3_9,primary,N2,1.6234912,5.362795
GTGTGAGCCGAGGTGC-1-6,20221010-1_1,primary,N2,-0.10453199,6.0853643
GATTGACACTCTGCTC-1-6,20221010-1_1,primary,N2,4.1409826,4.47058
TACAGAAACGGTGGGC-1-22,20230607-1_1,primary,N2,0.98306215,4.4052563
CCAATAGTGCCGTCGA-1-6,20221010-1_1,primary,N2,1.9711419,6.8077497
TCTACGGGCTCAGTTG-1-23,20230607-2_5,primary,N2,1.8772918,3.8281188
TAGATTCCTGGTTATT-1-18,20221010-4_13,primary,N2,-0.6040612,4.3853836
AAATGGTCAATGTGCC-1-23,20230607-2_5,primary,N2,1.5042527,3.3671803
GAATTTCTCGCTGCAG-1-6,20221010-1_1,primary,N2,-0.9625342,7.2496786
GCGCTATGCCGAGGCA-1-22,20230607-1_1,primary,N2,2.7963781,5.224229
CGGCAATAAGATCGCC-1-22,20230607-1_1,primary,N2,3.7719746,6.5834303
CACCGTATCCCATCCG-1-22,20230607-1_1,primary,N2,3.716211,6.8667603
TCCTTTCTTACGCTTA-1-17,20221010-3_9,primary,N2,-0.38727835,3.8822904
TCTAGTGATATCGTGG-1-22,20230607-1_1,primary,N2,2.1084929,5.952323
CATGCCAACTCGCAAA-1-17,20221010-3_9,primary,N2,1.0180262,6.9690905
TGCGGAGTAAAGGTGC-1-6,20221010-1_1,primary,N2,0.9715134,4.377034
CACGCAGCGAGGCTTT-1-17,20221010-3_9,primary,N2,0.12002585,4.7369537
AGAACGTGGTACATTC-1-17,20221010-3_9,primary,N2,0.9635412,5.4021344
CACATAAGGCGACCGT-1-6,20221010-1_1,primary,N2,1.4550787,7.9992867
TGTAGTGATCTATAAT-1-6,20221010-1_1,primary,N2,-0.8229677,4.4862466
CCTCTCTCCCATCTAG-1-6,20221010-1_1,primary,N2,0.7038854,5.330012
GGCTTTCAATAAGGGT-1-17,20221010-3_9,primary,N2,-0.33309615,4.2843347
GGTCACGTTAGATTCA-1-6,20221010-1_1,primary,N2,0.73589313,4.4538884
ATCCTGCGTGGAATGG-1-23,20230607-2_5,primary,N2,1.1635298,2.8924365
CTCCTTTACGCAAGTC-1-23,20230607-2_5,primary,N2,1.6468151,3.49755
ACTGAAACGCCGTTAG-1-22,20230607-1_1,primary,N2,0.67719233,4.279466
TGTATGGCGCAGACAG-1-22,20230607-1_1,primary,N2,3.1768415,6.2591324
CCATGCCCTAGATTTC-1-22,20230607-1_1,primary,N2,2.1958547,5.9124956
TTCGTACTCCAGAACG-1-18,20221010-4_13,primary,N2,-0.003647877,5.0991936
AAGGTGATAAACCAGC-1-22,20230607-1_1,primary,N2,1.840058,6.3760605
ATAACGCCGGAGGGTC-1-23,20230607-2_5,primary,N2,1.7582854,3.5741868
CGTACCGAAAGTCTAG-1-22,20230607-1_1,primary,N2,1.4771031,7.2782187
GTTTACGTTCCATCTG-1-23,20230607-2_5,primary,N2,1.7724507,2.8596668
ATAGAGTTATCAACTT-1-23,20230607-2_5,primary,N2,1.4101472,2.7744164
GCTAGACCGTCTACTG-1-22,20230607-1_1,primary,N2,3.7818186,7.5667186
TAGCAACCTGTCACAA-1-18,20221010-4_13,primary,N2,3.0662203,6.8117194
TCAGGGTGTAACGTAA-1-17,20221010-3_9,primary,N2,-0.38967463,4.4390087
GTCAATTGTACTGAAG-1-6,20221010-1_1,primary,N2,2.3193831,4.9919353
AGCTCCTTCGCACATC-1-22,20230607-1_1,primary,N2,1.3987753,5.2791104
CGTATTAAGAGATCTA-1-18,20221010-4_13,primary,N2,0.48322216,4.418604
GAAGCTCTTTGCTTAG-1-22,20230607-1_1,primary,N2,0.73885345,5.326726
GTCTTAGTACAGCCGG-1-10,20221010-2_5,primary,N2,-0.35298765,2.3563433
TCACTCAGCGCATTAG-1-6,20221010-1_1,primary,N2,0.0882204,6.1438127
AAGAGATGAATCGGTA-1-6,20221010-1_1,primary,N2,0.67705727,6.779947
TAAGTAAATGTGCCGC-1-6,20221010-1_1,primary,N2,-0.11344608,5.875336
CAATCCTGCCGTGGAG-1-10,20221010-2_5,primary,N2,2.1716232,5.4298425
TGGGAAATGCCTTTCC-1-18,20221010-4_13,primary,N2,3.1820922,5.7652125
GCCTATTTGCTACACA-1-6,20221010-1_1,primary,N2,-0.15839894,3.247032
GATCGCTACCCGATTT-1-22,20230607-1_1,primary,N2,1.4871105,5.7098913
CTAGTGAAGGACAGGA-1-10,20221010-2_5,primary,N2,2.6076713,5.414042
TATGATTCTGCTTGGT-1-6,20221010-1_1,primary,N2,0.40336192,5.3825035
GCAGTGTGGCTATAGG-1-22,20230607-1_1,primary,N2,1.0745744,4.490869
CCTCTCTCCCATCTAG-1-22,20230607-1_1,primary,N2,1.6040744,6.7334266
CCGGGTTCGAGGTTAC-1-6,20221010-1_1,primary,N2,0.5583998,7.5475426
CGGCACTCAAGAAAGT-1-10,20221010-2_5,primary,N2,-0.9375776,4.4293523
GGCAGCAAACCTATGC-1-22,20230607-1_1,primary,N2,3.3834224,6.3153014
TCTAGTTATCAGAAGA-1-17,20221010-3_9,primary,N2,0.0113096135,4.648361
TCCGTTTAGCCTTGAA-1-23,20230607-2_5,primary,N2,1.4115003,3.1969385
CACCAGTCAGCATGCA-1-17,20221010-3_9,primary,N2,-0.009083208,3.3272662
GGCACTCCACTGGGCA-1-23,20230607-2_5,primary,N2,5.022897,4.7954555
CGACAATTTGATCTAA-1-22,20230607-1_1,primary,N2,1.6658098,5.1014323
TCCCGGGTGTGCTGCT-1-6,20221010-1_1,primary,N2,-1.0754683,8.897017
TACGAGAACTTCACGT-1-6,20221010-1_1,primary,N2,0.38764507,4.8345103
TTCTATTAAACGCAGC-1-17,20221010-3_9,primary,N2,-1.7888677,3.77955
CGGAGTTTGAGAGACA-1-18,20221010-4_13,primary,N2,1.4691396,5.183116
TGTTGTCAAGAAGTCT-1-23,20230607-2_5,primary,N2,1.4218762,3.223566
CCTCGGATGCTACCTG-1-18,20221010-4_13,primary,N2,1.2836448,7.00364
TGCAGAACTATATCGT-1-17,20221010-3_9,primary,N2,0.8756534,6.4849095
TCCTCTACGAGATGGC-1-6,20221010-1_1,primary,N2,-0.60853606,4.7805047
TAAGATTTAGCGGGAG-1-6,20221010-1_1,primary,N2,0.29364425,5.2824874
CCACTGTTTGGATTAA-1-22,20230607-1_1,primary,N2,3.5394692,6.133131
CGTCGCGGCGGGATTT-1-22,20230607-1_1,primary,N2,1.5378176,6.3477454
CTAGTATTCGGAATTA-1-6,20221010-1_1,primary,N2,0.042690214,2.6671462
CAGCTCACTGAGACAT-1-23,20230607-2_5,primary,N2,0.98218226,2.909613
TATGGGTACGTATCGT-1-17,20221010-3_9,primary,N2,0.030506194,4.5264955
GTAACATCTAAGATAA-1-22,20230607-1_1,primary,N2,1.9886501,5.2606792
CGTTGTTTCAATTCCC-1-18,20221010-4_13,primary,N2,1.1853048,6.34398
TGATGTCAATTAAGTG-1-22,20230607-1_1,primary,N2,1.7756567,5.3071127
CTTTGGCTTTAGTAAA-1-22,20230607-1_1,primary,N2,1.5837922,7.114138
AGGGTTCCCTTTGGTT-1-23,20230607-2_5,primary,N2,1.7744498,3.5562534
GACGTGTAGGGATTAT-1-17,20221010-3_9,primary,N2,2.0954423,6.6146517
AGGTAGATCGAGATAT-1-17,20221010-3_9,primary,N2,0.2569051,3.450091
GCCGCTTGTGAGAAAC-1-17,20221010-3_9,primary,N2,0.5713773,4.9926977
GGAGGCGAAGAACCGC-1-10,20221010-2_5,primary,N2,0.32905912,4.725981
CGCTCTCCGTAGATTA-1-10,20221010-2_5,primary,N2,1.3829253,6.806503
GTTATATTATCTCCCT-1-23,20230607-2_5,primary,N2,1.5104383,2.7836967
ACACGTAGGCCACAAG-1-22,20230607-1_1,primary,N2,4.605293,5.8623238
ACACGGGAACTTAGGG-1-17,20221010-3_9,primary,N2,-0.30290434,4.906789
TTAACTTCAGGTAGGA-1-23,20230607-2_5,primary,N2,5.053062,5.1872835
CTAGCAACTAATTTAC-1-6,20221010-1_1,primary,N2,1.1889781,7.060268
CGCAATTCTACAATAA-1-18,20221010-4_13,primary,N2,0.7793682,5.9598703
ACCGGTCTGAGTACGG-1-10,20221010-2_5,primary,N2,0.0896173,4.5437875
TATCTACCACAGCGGG-1-10,20221010-2_5,primary,N2,-1.5311241,5.84245
GCTGTTGCTACCGAAC-1-22,20230607-1_1,primary,N2,3.5579839,6.7426543
GGGCGTCCACTGGCTC-1-10,20221010-2_5,primary,N2,0.27312613,4.4775786
TGGGCAGGCCACCGCA-1-21,20221010-4_16,relapsed,N2,2.5917728,7.6337957
ACGTTCGCAATCAATT-1-21,20221010-4_16,relapsed,N2,2.6041663,7.3120804
ACATCAGCTGGGACGC-1-21,20221010-4_16,relapsed,N2,2.1417255,7.971393
CTATTTGGTTACGGAT-1-9,20221010-1_4,relapsed,N2,3.8092477,4.5032463
ACTTGACTCCCTCTTT-1-21,20221010-4_16,relapsed,N2,3.851777,4.803929
GAATGTGGTCCGGATT-1-21,20221010-4_16,relapsed,N2,2.9322171,5.9138637
CCATCGCAGTTAAACT-1-21,20221010-4_16,relapsed,N2,4.265808,4.476954
CCAGAGACAAAGCCGG-1-21,20221010-4_16,relapsed,N2,4.7002544,5.0181384
TTGGCTCGCATGAGAC-1-21,20221010-4_16,relapsed,N2,3.7472026,5.104989
CACGTTCGTGCTCTAG-1-9,20221010-1_4,relapsed,N2,3.0804136,5.2266006
ACTTATTTATGTGCCA-1-21,20221010-4_16,relapsed,N2,3.3106267,5.625758
GAATCGCCGGACACGG-1-21,20221010-4_16,relapsed,N2,3.258861,5.781099
GTCTTGAGGAGCAGTG-1-21,20221010-4_16,relapsed,N2,4.8101597,5.538211
GTGCGCTTACAAATGA-1-21,20221010-4_16,relapsed,N2,4.447675,4.3903313
ACACAAAGACGGGTGG-1-21,20221010-4_16,relapsed,N2,3.3625903,5.5365577
ATTAGATTCCTCAGCA-1-21,20221010-4_16,relapsed,N2,2.8412776,6.7116003
ACTATCTGCCCGCGTA-1-21,20221010-4_16,relapsed,N2,2.977916,6.5617247
ATCGGCAAGCAGTCCA-1-21,20221010-4_16,relapsed,N2,0.7318564,4.939818
CAAGTCGTTGAAATCT-1-21,20221010-4_16,relapsed,N2,3.851584,5.076002
ACTGTGCTAGTAGATC-1-9,20221010-1_4,relapsed,N2,0.5806509,6.7872386
CGTGCCCTCCCGAAGA-1-21,20221010-4_16,relapsed,N2,2.7089741,5.155929
GGAGGATTGAAAGGAG-1-9,20221010-1_4,relapsed,N2,0.6768933,6.604018
TCCCAAACAGACAACG-1-21,20221010-4_16,relapsed,N2,3.2075903,5.563731
ACTCAATAAAGGCACG-1-21,20221010-4_16,relapsed,N2,3.2052782,5.6528783
ATCCACGCTAAATGTT-1-21,20221010-4_16,relapsed,N2,4.678535,5.9625497
TGCTGGTTGGACAATT-1-9,20221010-1_4,relapsed,N2,-0.04990444,5.23877
AATCTCTACTGTGGTT-1-21,20221010-4_16,relapsed,N2,2.194468,6.1243634
CAGTAACTATTTATTG-1-21,20221010-4_16,relapsed,N2,3.8222709,4.9771743
ATAACGGAGTCCAACG-1-21,20221010-4_16,relapsed,N2,3.2588897,5.825897
TGCAAGAATGACGTAA-1-21,20221010-4_16,relapsed,N2,4.6704416,4.2944922
CCACGGTGCCCGGTAG-1-21,20221010-4_16,relapsed,N2,4.0799985,4.590398
CGCTATACCGCCCACT-1-9,20221010-1_4,relapsed,N2,0.55905324,5.023157
AAGGGAACGACTGGCT-1-21,20221010-4_16,relapsed,N2,2.6827135,5.989783
GGTCACGTTAGATTCA-1-21,20221010-4_16,relapsed,N2,3.8210976,5.1310606
TAATAAACAAGGAGAT-1-9,20221010-1_4,relapsed,N2,-0.12860662,3.2194996
ACATCGTTAACCTAGT-1-9,20221010-1_4,relapsed,N2,0.7126839,5.228442
CTAGGTTCGGACGTGA-1-21,20221010-4_16,relapsed,N2,3.523806,5.316019
TTCTACCTTTATGTTG-1-21,20221010-4_16,relapsed,N2,5.384641,4.5958853
ACACACCAGGACCAGT-1-21,20221010-4_16,relapsed,N2,3.232287,5.7935777
GTTGGATTCAGTGGCT-1-9,20221010-1_4,relapsed,N2,0.57825756,7.172909
TCACTACGACCAATGC-1-9,20221010-1_4,relapsed,N2,0.14925075,4.2960544
ACAATCGATCTTTATA-1-9,20221010-1_4,relapsed,N2,3.5662825,6.420395
CGGGCAGCTAAACCGC-1-21,20221010-4_16,relapsed,N2,3.7992082,4.828754
GAGATGGCTTTAATCA-1-21,20221010-4_16,relapsed,N2,3.9961479,4.6465197
GAAGACTTCAATGCCG-1-9,20221010-1_4,relapsed,N2,-0.019240044,5.3500547
CGCGACACTGCGCAGC-1-21,20221010-4_16,relapsed,N2,4.7815747,4.7625732
TAGCAACCTGTCACAA-1-21,20221010-4_16,relapsed,N2,5.360378,4.5270634
GTGAGGACACTTAAGG-1-21,20221010-4_16,relapsed,N2,3.4141746,5.4233837
GTGTACCTTGGCTACG-1-9,20221010-1_4,relapsed,N2,-1.3395064,5.494463
CCATCCATACCAAGTC-1-9,20221010-1_4,relapsed,N2,-0.35042042,2.344127
GGGCCCTTATCTATAC-1-21,20221010-4_16,relapsed,N2,2.9329567,5.3892303
CCGTGGAACGATCCAA-1-21,20221010-4_16,relapsed,N2,2.9617343,7.077122
GCCCTGAGGATGGGCT-1-21,20221010-4_16,relapsed,N2,3.510676,5.547627
TATCCTGCATGGGAAT-1-9,20221010-1_4,relapsed,N2,-0.84374654,4.435174
GGTTAGGCTTGGAGAA-1-9,20221010-1_4,relapsed,N2,0.0181694,4.634217
CGCTTCGGTCTAAGAC-1-21,20221010-4_16,relapsed,N2,0.9224134,7.5649967
GGCTAAAGGGCGGGTC-1-9,20221010-1_4,relapsed,N2,-1.6136965,8.916458
TTCTTGTAACCTAATG-1-21,20221010-4_16,relapsed,N2,3.911738,5.5774693
TGGATGGCATCTTGGA-1-21,20221010-4_16,relapsed,N2,3.9347026,4.770868
GAAACCGAATTACCTT-1-9,20221010-1_4,relapsed,N2,3.756057,4.6991434
GTGTATGACTTTAAAG-1-21,20221010-4_16,relapsed,N2,3.3544002,4.930677
TCGCTTTAAACGTTTG-1-21,20221010-4_16,relapsed,N2,3.6375134,5.02255
TGCGGGTATTGGGATC-1-21,20221010-4_16,relapsed,N2,3.1973193,5.15624
GCACACGCCCATGGTC-1-21,20221010-4_16,relapsed,N2,1.6327097,7.8575015
CAGTCTGTATACTGGG-1-21,20221010-4_16,relapsed,N2,2.9521403,6.470345
GTCTTAGTACAGCCGG-1-9,20221010-1_4,relapsed,N2,-0.5833918,4.8536067
GTTGCACGGAGTTTCG-1-9,20221010-1_4,relapsed,N2,-1.2193446,10.339221
ATACCAGCAAATTGCT-1-9,20221010-1_4,relapsed,N2,-0.5631356,4.5292487
GTACAGAGGCAAGGGT-1-9,20221010-1_4,relapsed,N2,-1.0203049,10.198085
ACGCTGTGAGGCGTAG-1-21,20221010-4_16,relapsed,N2,2.4063725,6.2715664
ACCGTTCCCGCTCTGA-1-9,20221010-1_4,relapsed,N2,-0.7256442,3.7778385
AGTCGGCCCAAACGAC-1-21,20221010-4_16,relapsed,N2,3.5134635,5.6974316
TTACTGTTTCTCTACG-1-21,20221010-4_16,relapsed,N2,0.39160755,4.524186
TCCCGTCAGTCCCGCA-1-21,20221010-4_16,relapsed,N2,2.8492932,6.330893
TCACTACGACCAATGC-1-21,20221010-4_16,relapsed,N2,3.4248579,4.5552087
TAACTATCGAAGGTCC-1-9,20221010-1_4,relapsed,N2,-1.4064239,6.304306
CTCCTTTACGCAAGTC-1-21,20221010-4_16,relapsed,N2,3.7313244,5.1707916
CTAGTTGGGCCCGGTA-1-21,20221010-4_16,relapsed,N2,0.76252466,5.755911
GGTTACCACCCTCGGG-1-21,20221010-4_16,relapsed,N2,3.4438677,5.584977
GGGAGTAATGGCTGGC-1-9,20221010-1_4,relapsed,N2,-0.7635274,3.6987395
AACGCATGATCTGGGT-1-21,20221010-4_16,relapsed,N2,1.7499524,6.0295157
GCCCGATCTGTGGTCG-1-21,20221010-4_16,relapsed,N2,2.6566958,6.8836493
AAACAATCTACTAGCA-1-21,20221010-4_16,relapsed,N2,3.503114,5.351658
GGTAGTGCTCGCACCA-1-21,20221010-4_16,relapsed,N2,3.2407846,5.4189525
ATCGTATTCCGAGAAC-1-21,20221010-4_16,relapsed,N2,1.9966714,8.122629
ATAGATTTGCAGTCGG-1-9,20221010-1_4,relapsed,N2,1.2156464,7.7724304
CACCTAATAGAGTCGT-1-9,20221010-1_4,relapsed,N2,1.7141404,8.800881
TAGAGGGAGTTTATCT-1-21,20221010-4_16,relapsed,N2,3.0567446,5.9968104
ATCAATGCCGTGGCTG-1-21,20221010-4_16,relapsed,N2,1.3456358,7.18915
GTTTGACCAAATCCTA-1-21,20221010-4_16,relapsed,N2,2.8012006,6.227072
TGCAGGATCGGCAAAG-1-21,20221010-4_16,relapsed,N2,4.2640176,4.4477773
TTGCGTGAACGCTTAG-1-21,20221010-4_16,relapsed,N2,5.46435,6.393204
GTTTGGCCCAAGTTAT-1-21,20221010-4_16,relapsed,N2,2.296916,5.1529446
GGGATTTACCGCACCT-1-21,20221010-4_16,relapsed,N2,2.7444835,5.899167
ATTCAGGACCTATTTC-1-21,20221010-4_16,relapsed,N2,2.2663894,6.685506
CTCACCAGTACAAGTG-1-21,20221010-4_16,relapsed,N2,2.6438699,6.7519007
ATTAGGCGATGCTTTC-1-9,20221010-1_4,relapsed,N2,0.7526872,7.5705137
CGCTACCGCCCTATGA-1-21,20221010-4_16,relapsed,N2,4.157451,4.549141
TACGCCATATTCTAAT-1-9,20221010-1_4,relapsed,N2,2.2774055,6.975526
TCATACTTACAGATCC-1-21,20221010-4_16,relapsed,N2,4.735338,4.4568753
ATGGATCCGGCGTCCG-1-9,20221010-1_4,relapsed,N2,-0.845547,4.9166636
ATAAGTAGGGCGACTC-1-21,20221010-4_16,relapsed,N2,4.170304,4.67845
TATTATGTTTGCCTGC-1-21,20221010-4_16,relapsed,N2,2.7204325,5.825288
CCACCCAAGGAAAGTG-1-9,20221010-1_4,relapsed,N2,2.1612854,6.511458
TCCTTTCTTACGCTTA-1-21,20221010-4_16,relapsed,N2,2.7148697,6.1469707
GACTGATTGGTCACAA-1-21,20221010-4_16,relapsed,N2,2.9379172,6.87489
CATGGTCTAGATACCG-1-21,20221010-4_16,relapsed,N2,2.231446,5.040312
GGCTGGCTAGCTTAAA-1-21,20221010-4_16,relapsed,N2,2.8415449,7.247504
TGTTCCGGCCTGAGCT-1-21,20221010-4_16,relapsed,N2,2.656054,6.00366
CAAACTCGCGACGCCG-1-21,20221010-4_16,relapsed,N2,3.1564286,5.63952
GGGAGAACTCACAGTA-1-9,20221010-1_4,relapsed,N2,2.0050204,6.3366203
ACACGAGACTCCTTCT-1-21,20221010-4_16,relapsed,N2,3.8260458,5.5395813
AGCGACCAACGATATT-1-21,20221010-4_16,relapsed,N2,2.6814146,5.312433
AGTGTATTGCGCATTG-1-9,20221010-1_4,relapsed,N2,1.8410003,6.6004686
ACCAAACTAGAAATCC-1-9,20221010-1_4,relapsed,N2,1.1291416,6.9481487
GCTTGATGATAATCAG-1-21,20221010-4_16,relapsed,N2,4.8645334,6.246208
GAACCTTTAACGATCC-1-21,20221010-4_16,relapsed,N2,2.6669486,6.403882
TGGTATCGCATCCCAA-1-9,20221010-1_4,relapsed,N2,-2.1582158,5.12713
CATTTATCGTTCAAGA-1-9,20221010-1_4,relapsed,N2,2.3957906,6.275075
CAACAGTGCCAAACGG-1-9,20221010-1_4,relapsed,N2,-0.66396,6.246977
TAGGCATGTTACGCCA-1-21,20221010-4_16,relapsed,N2,3.2988591,5.5959563
TCACTCAGCGCATTAG-1-21,20221010-4_16,relapsed,N2,4.557545,4.3279257
GGATACTCATGAATTG-1-9,20221010-1_4,relapsed,N2,-1.1474522,6.0982566
CTAAACGGGTGTAATC-1-21,20221010-4_16,relapsed,N2,4.1367817,4.623962
ACTGTTTAGTGTAGGC-1-9,20221010-1_4,relapsed,N2,0.592903,10.564376
TGTATGGCGCAGACAG-1-21,20221010-4_16,relapsed,N2,3.7400525,5.1239114
GCGCGATGGGTCAAGT-1-21,20221010-4_16,relapsed,N2,3.6846063,5.147426
TAGTTAAGATAGGATA-1-9,20221010-1_4,relapsed,N2,0.47813255,6.649817
CACATTTCTTGTCAGA-1-21,20221010-4_16,relapsed,N2,3.9049597,4.97342
TAATAAACAAGGAGAT-1-21,20221010-4_16,relapsed,N2,0.75707865,3.9381285
CACCTAATAGAGTCGT-1-21,20221010-4_16,relapsed,N2,4.3374214,5.0345316
CAGAATAACACACGGA-1-21,20221010-4_16,relapsed,N2,3.956221,4.9779396
GAAGCAAGGCAATGTT-1-21,20221010-4_16,relapsed,N2,4.46129,4.427316
CCAGCTTCCGCCCGCA-1-21,20221010-4_16,relapsed,N2,2.318486,5.719495
TGGGCACAAACAGAAC-1-9,20221010-1_4,relapsed,N2,-0.6531463,4.9532094
GTCAGTTGTGCTCGTT-1-9,20221010-1_4,relapsed,N2,0.42445597,6.871246
CTGTCAAATGGCTCGG-1-21,20221010-4_16,relapsed,N2,3.1361177,5.908676
AAATTAACGGGTAGCT-1-21,20221010-4_16,relapsed,N2,3.4996524,5.1703076
GTCCGGCTGAATTGCG-1-21,20221010-4_16,relapsed,N2,2.9423769,6.268751
AAATTAATAAGCGCGA-1-21,20221010-4_16,relapsed,N2,1.8401688,8.275066
CCAGTCTAGACGGCGC-1-21,20221010-4_16,relapsed,N2,4.0464907,4.6593394
GTAGCGCTGTTGTAGT-1-9,20221010-1_4,relapsed,N2,2.3793175,5.730577
CAAGGTCCTATAGGCT-1-9,20221010-1_4,relapsed,N2,1.0922277,7.6740346
CGCATGGTGCGATGCT-1-9,20221010-1_4,relapsed,N2,0.80347914,7.2162495
ATCAGGTCGCCATTGC-1-21,20221010-4_16,relapsed,N2,4.5984445,4.490893
ACTGTGCTAGTAGATC-1-21,20221010-4_16,relapsed,N2,4.093757,7.5646925
GTAGACAACCGATGAA-1-9,20221010-1_4,relapsed,N2,-0.8991386,3.794669
GTTAGCCGTAAATCAA-1-21,20221010-4_16,relapsed,N2,3.706034,5.0388975
GACTGGGCGCCGCAAC-1-21,20221010-4_16,relapsed,N2,4.841043,4.266015
ACTTCGCCATACGCAC-1-21,20221010-4_16,relapsed,N2,3.411075,5.115413
ATCGCTGCGTGCAGCA-1-21,20221010-4_16,relapsed,N2,3.3688765,5.7318654
CCTCGCGCGATATAGG-1-21,20221010-4_16,relapsed,N2,2.9493427,6.171697
TCGGAATGACCATCAA-1-9,20221010-1_4,relapsed,N2,1.1826732,7.636067
TAGCGTCCCTCGATTG-1-21,20221010-4_16,relapsed,N2,2.9155865,7.217694
GTCACTCTCCAAATCT-1-21,20221010-4_16,relapsed,N2,3.988584,5.028436
TAGCGTCGAATATTGA-1-21,20221010-4_16,relapsed,N2,3.0819645,5.0116224
CAATAAACCTTGGCCC-1-21,20221010-4_16,relapsed,N2,3.0846696,6.3634734
TAGAGTCTAAGCGAAC-1-21,20221010-4_16,relapsed,N2,2.074609,7.6226106
TGGACTGTTCGCTCAA-1-21,20221010-4_16,relapsed,N2,2.8418264,6.48408
GCACTCCCACAGTCCC-1-21,20221010-4_16,relapsed,N2,3.0818627,5.4726996
CACGCACAGCGCAGCT-1-21,20221010-4_16,relapsed,N2,2.4052057,6.607708
GATTCCCTTGTCGCAG-1-21,20221010-4_16,relapsed,N2,2.3977764,6.732839
AGAGAACCGTCTAGGA-1-21,20221010-4_16,relapsed,N2,3.7533374,4.8962135
CGCGTCATATTAAACC-1-9,20221010-1_4,relapsed,N2,2.2935777,6.5047894
TAAGGAACTTGTGGGA-1-21,20221010-4_16,relapsed,N2,3.6958992,5.0842834
TAACTCCATGGAGGCT-1-21,20221010-4_16,relapsed,N2,5.0517597,5.203185
CATTATGCTTGTTGTG-1-21,20221010-4_16,relapsed,N2,3.1077564,5.794593
ACACGTAGGCCACAAG-1-21,20221010-4_16,relapsed,N2,4.371976,5.661208
GCGAAACTTAACTGGA-1-21,20221010-4_16,relapsed,N2,2.700368,6.646031
GCAACGGCTAGTTATG-1-21,20221010-4_16,relapsed,N2,3.0355446,6.4518747
ACTATATGCTGTGTTC-1-21,20221010-4_16,relapsed,N2,6.175118,5.8276396
TGAGCAGTCGTGAAGT-1-21,20221010-4_16,relapsed,N2,4.5793962,4.3363495
TTACGGTGTCACCGAG-1-21,20221010-4_16,relapsed,N2,5.654359,5.7011604
TCAAAGTCACGGCGTC-1-21,20221010-4_16,relapsed,N2,2.3831615,6.53284
TGTGGAGGAAGCTTAA-1-21,20221010-4_16,relapsed,N2,3.7264423,5.590047
CACCGCGTCCACTCTA-1-21,20221010-4_16,relapsed,N2,4.2205997,4.7694144
CGCTTCCACTGAAATC-1-21,20221010-4_16,relapsed,N2,3.5037966,5.386184
GACAAACATATGCAGG-1-21,20221010-4_16,relapsed,N2,1.1019449,7.0045137
ATTTGTTCCAGGGCTC-1-21,20221010-4_16,relapsed,N2,3.5846481,5.178176
TGCAATTTGGGCACGG-1-21,20221010-4_16,relapsed,N2,4.8779836,4.2447767
AATAAGTCCTCGAGAC-1-9,20221010-1_4,relapsed,N2,2.4146361,5.6973863
ACGCTTAGTGTCTCTC-1-21,20221010-4_16,relapsed,N2,2.5777564,4.3704057
CGCTGAGGACGTCCAA-1-21,20221010-4_16,relapsed,N2,4.13882,4.6735635
GACACAAGGGAAGAAA-1-21,20221010-4_16,relapsed,N2,2.9968815,6.009293
ACTCCCTAATGCTAAA-1-21,20221010-4_16,relapsed,N2,2.9074829,6.5994034
TATGATTCTGCTTGGT-1-21,20221010-4_16,relapsed,N2,2.3945997,6.0490284
TATGGGTACGTATCGT-1-21,20221010-4_16,relapsed,N2,4.7412653,5.8627405
AGAACTGTACTTTGTA-1-21,20221010-4_16,relapsed,N2,3.135787,6.196214
GTTCAATCTATGTCAA-1-9,20221010-1_4,relapsed,N2,-0.55463713,6.1901674
CATGCATGGAGACCCT-1-9,20221010-1_4,relapsed,N2,2.5084424,5.6401157
TATTCCGGCAGTCCTA-1-9,20221010-1_4,relapsed,N2,3.1018133,4.6669292
TACAATGAAACCAGCA-1-21,20221010-4_16,relapsed,N2,4.4832425,4.6298428
AAGTTCACTCCAAGCT-1-21,20221010-4_16,relapsed,N2,2.507845,6.184776
CGCGTTCATGAAATAC-1-21,20221010-4_16,relapsed,N2,2.4773834,6.7254176
TAATTAGGACATCCGT-1-21,20221010-4_16,relapsed,N2,3.2293167,5.2164397
AGCGCTTATGGGCAAG-1-21,20221010-4_16,relapsed,N2,4.2650766,4.4314637
CCGTTACGTTAGAACA-1-21,20221010-4_16,relapsed,N2,3.654602,5.16601
GGCTAAAGGGCGGGTC-1-21,20221010-4_16,relapsed,N2,2.8022273,6.047811
CTGTTCATCTCACGGG-1-9,20221010-1_4,relapsed,N2,-1.2245258,5.235102
TGGAATATCCTTGACC-1-21,20221010-4_16,relapsed,N2,3.0595486,6.416575
GTAAGGATTTGTCGGA-1-9,20221010-1_4,relapsed,N2,-1.4287751,7.012525
GGTGTAAATCGATTGT-1-21,20221010-4_16,relapsed,N2,3.1789172,5.719604
TCGCATCCCTAAGTGT-1-9,20221010-1_4,relapsed,N2,0.96180373,8.106054
CCTGAACGATATATTC-1-21,20221010-4_16,relapsed,N2,3.9235413,5.6974616
GTCATGCACCTCCGTT-1-9,20221010-1_4,relapsed,N2,1.1523086,7.7935295
CAATGCGAGAAGTATC-1-21,20221010-4_16,relapsed,N2,2.5024307,6.4742
AGGTATAATTGATAGT-1-9,20221010-1_4,relapsed,N2,2.9162467,5.213632
CCTAAATTAACGGTTC-1-9,20221010-1_4,relapsed,N2,-0.34681675,5.362952
CATACGGCGTCTGGGC-1-9,20221010-1_4,relapsed,N2,0.54438,7.4303627
CAGCCTCTCCTCAAGA-1-21,20221010-4_16,relapsed,N2,3.8770568,5.041051
ATAGATTTGCAGTCGG-1-21,20221010-4_16,relapsed,N2,1.176653,4.908547
GGCTGAGCATCGTAAG-1-21,20221010-4_16,relapsed,N2,4.7746167,4.8323517
AGCCATATAGTATGTG-1-21,20221010-4_16,relapsed,N2,3.879062,4.7132363
GGATTCAGTACGGTGG-1-21,20221010-4_16,relapsed,N2,3.313074,6.1087656
GCCTATTTGCTACACA-1-9,20221010-1_4,relapsed,N2,-0.511786,4.5362644
AAACCCGAACGAAATC-1-21,20221010-4_16,relapsed,N2,3.2805552,5.7337413
GTCTCGCCAACACGCC-1-21,20221010-4_16,relapsed,N2,3.325143,5.2490034
CCACTGGTGGCTGGTT-1-21,20221010-4_16,relapsed,N2,2.388396,6.380315
CTAATTTCAACAACAC-1-21,20221010-4_16,relapsed,N2,4.890829,4.6598577
ACTTACCGGGCGCGCA-1-21,20221010-4_16,relapsed,N2,4.7819734,4.836015
CTACGAACTAGGTCGA-1-9,20221010-1_4,relapsed,N2,3.1370056,4.9609547
TCTCGAACGAGGTCAC-1-9,20221010-1_4,relapsed,N2,0.45115635,6.929816
GTGATGCACAACATCT-1-21,20221010-4_16,relapsed,N2,4.210218,4.497772
CTAGACTGCATTTCGT-1-21,20221010-4_16,relapsed,N2,4.452032,5.0293946
AGGGCAGCGGCGTGGT-1-21,20221010-4_16,relapsed,N2,3.2432544,5.9276805
CAGCCCTCACAGGCAG-1-9,20221010-1_4,relapsed,N2,0.72418094,7.071429
TTGCAAGAAGACTCCT-1-21,20221010-4_16,relapsed,N2,3.0232594,5.7174854
ATACGGTGAAGATGCA-1-21,20221010-4_16,relapsed,N2,2.5456688,6.162795
TACCTGCTGCACTGTG-1-21,20221010-4_16,relapsed,N2,2.5427122,7.549469
ACACGGCACTATGCAT-1-9,20221010-1_4,relapsed,N2,0.9248864,5.2517915
AACCCAGAGACGGAGA-1-9,20221010-1_4,relapsed,N2,-0.07789795,7.3368993
TCCTAAATTGGGAAGC-1-21,20221010-4_16,relapsed,N2,3.7260613,5.0312734
TAGTGAGAAGTGGTTG-1-21,20221010-4_16,relapsed,N2,3.7212403,5.044344
TCGGGCACTTCTGGAT-1-21,20221010-4_16,relapsed,N2,2.5394688,4.9700284
AACGATATGTCAACTG-1-21,20221010-4_16,relapsed,N2,3.9973497,4.6413007
GACCGTTACATGCGAC-1-21,20221010-4_16,relapsed,N2,2.342668,5.722287
CGCACATGTCCACTAC-1-21,20221010-4_16,relapsed,N2,2.9040072,5.5440435
TGGTAAGCAGGATTGA-1-21,20221010-4_16,relapsed,N2,3.528689,5.2673793
CTGGTAACACATAGAA-1-21,20221010-4_16,relapsed,N2,3.1359715,4.75512
CTCTAATGCATTGATC-1-21,20221010-4_16,relapsed,N2,3.0811226,5.141401
AAGGCGCGTAAAGCTT-1-21,20221010-4_16,relapsed,N2,3.2648008,5.820073
CAGCTCGACAAGTTAA-1-21,20221010-4_16,relapsed,N2,2.9625328,5.657276
AACCATGGGATCGCTA-1-21,20221010-4_16,relapsed,N2,2.926198,5.358457
CCTCGAAGTGGACGGG-1-9,20221010-1_4,relapsed,N2,-1.3900911,5.7377524
CTGCACTCCAGTACAG-1-21,20221010-4_16,relapsed,N2,4.767673,5.03077
GGTGAGATGCAGATAA-1-9,20221010-1_4,relapsed,N2,2.4716809,5.167698
ATGGCAGCCGAGAAAC-1-21,20221010-4_16,relapsed,N2,2.588544,6.646537
GGCTCTGCTCCAACGC-1-21,20221010-4_16,relapsed,N2,3.0068598,6.536323
GACAACGACCATTGAA-1-9,20221010-1_4,relapsed,N2,0.77645445,6.8588986
CCAGATAGTTGAGTGA-1-9,20221010-1_4,relapsed,N2,-1.9236478,4.5309534
TACAAATTGCGGAGGT-1-21,20221010-4_16,relapsed,N2,2.6566203,6.6898108
AGGGCAGCGGCGTGGT-1-9,20221010-1_4,relapsed,N2,1.254811,5.877783
TTGCTGATCATGTTCG-1-21,20221010-4_16,relapsed,N2,2.8568423,6.330733
CGGTATAGGTATTAGC-1-21,20221010-4_16,relapsed,N2,3.7958457,5.1482596
TCCGGCCTGCATCGAT-1-21,20221010-4_16,relapsed,N2,3.5963633,5.848047
CAGTGTCCGCAGAATG-1-9,20221010-1_4,relapsed,N2,-0.5057701,4.9384828
GTGGCGGGCCGTAGCT-1-21,20221010-4_16,relapsed,N2,4.545625,4.8839464
GAGATGGGAGTCGACA-1-21,20221010-4_16,relapsed,N2,3.4584854,5.216045
CACATTCTTTCGATGG-1-21,20221010-4_16,relapsed,N2,1.0090364,6.9941297
TAGTACCTTAGTGGTC-1-21,20221010-4_16,relapsed,N2,4.851366,4.9500537
AGTTTGCACCTGCCTC-1-21,20221010-4_16,relapsed,N2,3.6523201,5.427523
GGTGATTTCATCTTGT-1-9,20221010-1_4,relapsed,N2,-0.61332434,6.5505605
AGGACGCTCGATGTTG-1-21,20221010-4_16,relapsed,N2,3.2568955,5.869922
AGACCATGGGATACAA-1-21,20221010-4_16,relapsed,N2,5.0123234,4.6959276
ACGTCCTAAACGAGAT-1-9,20221010-1_4,relapsed,N2,0.23365462,8.028366
GGTTCTACTCGTCTGA-1-9,20221010-1_4,relapsed,N2,1.2560933,6.376857
AGTCCCGCCTTTAATT-1-9,20221010-1_4,relapsed,N2,2.9775527,4.920242
CAAGAGGGCGGAGTAC-1-21,20221010-4_16,relapsed,N2,2.4863935,6.4820833
CGGTTTATGAAGGAAC-1-9,20221010-1_4,relapsed,N2,3.414857,5.055468
TCTTGGTAACACCAAA-1-21,20221010-4_16,relapsed,N2,3.1014662,5.4579973
TAACAAAGGGAGAAGC-1-21,20221010-4_16,relapsed,N2,3.614537,5.948201
CTGCCCACGAAGCGTT-1-21,20221010-4_16,relapsed,N2,2.5245776,6.031974
TATGGTCTGAGTAACA-1-21,20221010-4_16,relapsed,N2,2.3774836,7.075713
GCCAGGAGTAACCGAT-1-21,20221010-4_16,relapsed,N2,3.690685,5.1303477
CTAGATAAACTCCTCG-1-21,20221010-4_16,relapsed,N2,2.9697018,6.611791
CTCGAGGTCGAACAGT-1-21,20221010-4_16,relapsed,N2,2.8907218,6.2915077
TCTGCCAGAAACTGCA-1-21,20221010-4_16,relapsed,N2,2.665203,6.639757
GGGCCGGCCGAAGTAC-1-21,20221010-4_16,relapsed,N2,2.9042814,6.0554805
TTCTTGCTAGCATCTC-1-21,20221010-4_16,relapsed,N2,3.9893463,5.283111
TCTGTGCCATCATAGT-1-21,20221010-4_16,relapsed,N2,1.7204578,6.376403
GTGGGAAGACTGAATC-1-21,20221010-4_16,relapsed,N2,2.2762673,6.906114
CGGTTGACCTGGCATA-1-21,20221010-4_16,relapsed,N2,2.685926,5.9515915
CACAGTTCGCTTCCCA-1-21,20221010-4_16,relapsed,N2,3.7004602,4.9838204
CTGCGGGTGAAATGTT-1-9,20221010-1_4,relapsed,N2,1.1207105,7.755642
CTGGGTAGGCAGTTAA-1-21,20221010-4_16,relapsed,N2,2.6337745,7.24788
CGAGCACTTCAAGTTT-1-21,20221010-4_16,relapsed,N2,5.218143,4.761488
GTCCCAACGTAAAGTA-1-21,20221010-4_16,relapsed,N2,0.7643496,6.893096
AAGGTATCCTAATATA-1-21,20221010-4_16,relapsed,N2,3.4813952,5.294016
GCTAAACCTGAGGTGA-1-9,20221010-1_4,relapsed,N2,3.601758,5.05657
AACTGGTGTGGGCCTT-1-9,20221010-1_4,relapsed,N2,-0.20668574,3.9708898
GAGGTCCCAAAGATCT-1-9,20221010-1_4,relapsed,N2,1.5194038,9.25096
TAGCTAAGTCCGGGAG-1-9,20221010-1_4,relapsed,N2,-1.6134182,10.983832
CTACTATCTTTCAGAG-1-21,20221010-4_16,relapsed,N2,3.8090782,4.6275654
CCGCCACCACAATCCA-1-9,20221010-1_4,relapsed,N2,-2.6529562,5.005832
GTCTTGTAGCTATTCA-1-21,20221010-4_16,relapsed,N2,2.9726257,7.0261455
TGGGAAATGCCTTTCC-1-9,20221010-1_4,relapsed,N2,0.6274589,7.685309
GCGTGTATGTCGTATT-1-9,20221010-1_4,relapsed,N2,2.1627388,6.3751326
GTGAAGATTTCAAGTG-1-21,20221010-4_16,relapsed,N2,0.864102,6.9212275
GCGTTCGGAGACCGGG-1-21,20221010-4_16,relapsed,N2,2.7092085,6.339619
AGTACGGGCACCTGGC-1-9,20221010-1_4,relapsed,N2,0.60166925,6.941468
TCTAGTGATATCGTGG-1-9,20221010-1_4,relapsed,N2,2.4714332,7.1751413
GTTATTAAATACGACC-1-21,20221010-4_16,relapsed,N2,5.565621,5.329219
CACCTAATCAGTTTAC-1-21,20221010-4_16,relapsed,N2,3.4350734,5.407813
TTGCCGGTGATCCCTC-1-21,20221010-4_16,relapsed,N2,6.553602,6.360029
AGCTTATAGAGACCTG-1-21,20221010-4_16,relapsed,N2,3.3638961,5.7218723
TGTTCGTATTGCGGTG-1-21,20221010-4_16,relapsed,N2,2.9375205,6.3073816
GGACAAGTTGCAGTGA-1-21,20221010-4_16,relapsed,N2,2.7970133,5.838662
GCTCATTACTGCATGT-1-9,20221010-1_4,relapsed,N2,0.3322273,6.7447
GCAGGTAGAGTATGGT-1-9,20221010-1_4,relapsed,N2,0.38420588,7.5659676
CAGTGAATAAATGACT-1-21,20221010-4_16,relapsed,N2,4.188285,4.4629602
CGAAGACGGTGAGTGC-1-21,20221010-4_16,relapsed,N2,2.8697646,6.722821
TTGGGCGGCGGTTGCC-1-21,20221010-4_16,relapsed,N2,2.3495765,5.4922204
CCTGTCACCCGGGCTC-1-21,20221010-4_16,relapsed,N2,4.119696,4.7219687
CAGAGCATGAGCTTGC-1-21,20221010-4_16,relapsed,N2,2.2233922,5.1132345
GGCTCGTGCCACCAGC-1-9,20221010-1_4,relapsed,N2,-1.3319585,5.284256
GACGTGTAGGGATTAT-1-9,20221010-1_4,relapsed,N2,0.31206122,6.9030347
GCCAACCATTTCCGGA-1-21,20221010-4_16,relapsed,N2,3.8653998,4.789551
GGGTCGTGGCAAGTGT-1-21,20221010-4_16,relapsed,N2,4.0140533,4.720557
CAAACGTGGTCTTGCG-1-9,20221010-1_4,relapsed,N2,-0.93664086,10.191786
TGAAAGGACCTGACTC-1-21,20221010-4_16,relapsed,N2,2.5742066,6.4222627
CACAGCACCCACGGCA-1-21,20221010-4_16,relapsed,N2,4.485121,4.5957265
GTTTGGCCGCTCAGCG-1-21,20221010-4_16,relapsed,N2,1.7586199,3.628426
CGCAATTACTTTCGGT-1-21,20221010-4_16,relapsed,N2,5.128838,5.136181
TAGTGGAACTCATACA-1-21,20221010-4_16,relapsed,N2,4.825134,4.7134323
GTACTGAGGTCGTAAC-1-21,20221010-4_16,relapsed,N2,3.8093836,4.820054
TCGGGAGACAGCGTAC-1-21,20221010-4_16,relapsed,N2,3.7046206,5.0050545
ATGCTCAGTGTTGCAT-1-21,20221010-4_16,relapsed,N2,5.1325617,5.9544067
AGATCGTGCATAAGAT-1-21,20221010-4_16,relapsed,N2,2.3089862,6.539115
ATGGTGCTCAAAGCCA-1-21,20221010-4_16,relapsed,N2,4.024412,4.848121
AACCGCTAAGGGATGC-1-21,20221010-4_16,relapsed,N2,3.0625367,6.248009
TCGTATTTCGTCCGGA-1-9,20221010-1_4,relapsed,N2,0.56369954,7.222185
TTCAATACTCTGAATC-1-21,20221010-4_16,relapsed,N2,2.6692572,6.5448804
CTGATAGTGTATCTCA-1-21,20221010-4_16,relapsed,N2,2.7234085,6.083265
ACTCTCTGACTTAGGT-1-21,20221010-4_16,relapsed,N2,1.8320153,5.9988036
TTGTTGTGTGTCAAGA-1-21,20221010-4_16,relapsed,N2,2.8657331,6.378409
ATTCCTCCGCCAGTGC-1-9,20221010-1_4,relapsed,N2,0.45897788,6.952682
CCTGTGAAACCGTAAC-1-21,20221010-4_16,relapsed,N2,2.4180896,6.412338
GTCGGATATCTCAGAC-1-9,20221010-1_4,relapsed,N2,0.8564519,7.980587
AAGGTGATAAACCAGC-1-21,20221010-4_16,relapsed,N2,2.8937097,6.3043165
GTGTATATCAGCGGGC-1-21,20221010-4_16,relapsed,N2,2.6874137,6.99541
AAGGATGAGGGACCTC-1-21,20221010-4_16,relapsed,N2,2.8169007,5.9994445
TCCCGTCAGTCCCGCA-1-20,20221010-4_15,mrd12,N4,2.4975486,9.7601595
GTCTCGATCTGCTTTC-1-8,20221010-1_3,mrd12,N4,5.341661,7.1601534
GCATAGAGCACTCAGG-1-8,20221010-1_3,mrd12,N4,5.824057,9.684255
ACACAAAGACGGGTGG-1-8,20221010-1_3,mrd12,N4,9.331086,7.591336
CCATGCTCTGCAGGAA-1-8,20221010-1_3,mrd12,N4,3.5809073,11.557875
AATAACAACGCTCGGC-1-8,20221010-1_3,mrd12,N4,4.5508575,10.396233
GCTCTCGGGTACCGAA-1-8,20221010-1_3,mrd12,N4,6.500796,8.336044
TTGCTGATCATGTTCG-1-8,20221010-1_3,mrd12,N4,5.19414,9.857465
TTGGCTCGCATGAGAC-1-8,20221010-1_3,mrd12,N4,3.1342316,8.854507
CGGAGCATGGCGATCC-1-20,20221010-4_15,mrd12,N4,2.3893564,10.703089
ACTCAGACCTGCTTCT-1-20,20221010-4_15,mrd12,N4,9.585812,9.136504
TATTTAGTCTAGATCG-1-8,20221010-1_3,mrd12,N4,7.3385067,10.1259165
TTGCTCCCATACCGGA-1-8,20221010-1_3,mrd12,N4,6.9017982,9.209425
CACGCAGCGAGGCTTT-1-8,20221010-1_3,mrd12,N4,3.7019563,11.129173
GGCGGTAGGATCATTG-1-8,20221010-1_3,mrd12,N4,4.2021093,10.937241
TCGTATTACCCATTGC-1-20,20221010-4_15,mrd12,N4,3.1113107,10.23483
GGTACAAACATGCTAT-1-20,20221010-4_15,mrd12,N4,4.445657,6.5399218
AGCAGCCAGATGAATA-1-20,20221010-4_15,mrd12,N4,5.5585136,9.798583
TTCCACACAGATTTGA-1-20,20221010-4_15,mrd12,N4,5.10228,9.654256
AGCGCATAATGAATCG-1-8,20221010-1_3,mrd12,N4,7.2115664,8.731996
AGAATAAATCTTCAGG-1-8,20221010-1_3,mrd12,N4,8.414525,9.417898
CAGAACTTAGCCCTCT-1-24,20230607-2_8,mrd12,N4,7.2626266,7.8604918
AGCTCTTTACTCAGTT-1-8,20221010-1_3,mrd12,N4,3.2787628,10.443776
ACCGACTGAGTCCCAC-1-8,20221010-1_3,mrd12,N4,4.0216875,11.295023
CAGGAAGACTTTATAT-1-20,20221010-4_15,mrd12,N4,7.767054,9.323335
TTAATGTAGACCAGGT-1-8,20221010-1_3,mrd12,N4,6.045166,8.908753
GTCTACTCAATTACAA-1-8,20221010-1_3,mrd12,N4,4.727848,9.497419
GTCTATCTGAGTTTCT-1-8,20221010-1_3,mrd12,N4,4.5060887,10.922144
TGGCAGATTACGATCA-1-20,20221010-4_15,mrd12,N4,3.8865712,9.106771
ATCCAACGCAGTCATA-1-8,20221010-1_3,mrd12,N4,7.467217,8.469566
GAGCATCATCCCTGGG-1-8,20221010-1_3,mrd12,N4,8.394702,8.840647
GTTACAATTGGTGACG-1-8,20221010-1_3,mrd12,N4,3.7229872,11.175276
AGTATAATACTAGGCA-1-8,20221010-1_3,mrd12,N4,6.5337296,9.294278
AAGACTAACCCGTTGT-1-20,20221010-4_15,mrd12,N4,6.0697527,8.783284
GAGATCTGCTTGGCAT-1-20,20221010-4_15,mrd12,N4,2.523255,10.876502
CGAGTACTAAAGAGGA-1-20,20221010-4_15,mrd12,N4,5.824148,9.683605
CCTGAATATTTACATA-1-8,20221010-1_3,mrd12,N4,4.3861375,10.50314
CAAACTATTGAGCTTC-1-8,20221010-1_3,mrd12,N4,6.9540405,8.12632
GCAAATATTACGCTTT-1-8,20221010-1_3,mrd12,N4,3.5992312,11.339261
AGCCAAGCTTTGTGTC-1-24,20230607-2_8,mrd12,N4,9.631951,5.7958016
TATGGTCTGAGTAACA-1-8,20221010-1_3,mrd12,N4,3.961148,11.045233
GAATCGACATGGTCAC-1-8,20221010-1_3,mrd12,N4,7.799195,8.893848
CTCTGGACGCCTGGTG-1-8,20221010-1_3,mrd12,N4,5.194526,8.432422
TGCGATGCTAATGGCT-1-20,20221010-4_15,mrd12,N4,2.9656057,10.774944
CACACGCGCTGTCTTA-1-20,20221010-4_15,mrd12,N4,3.1297908,10.373897
CGTGCATTGTCGACGC-1-20,20221010-4_15,mrd12,N4,3.777567,9.539134
CGCGCAAGGAACTACA-1-20,20221010-4_15,mrd12,N4,6.587349,9.017128
TAAGTAACATCTTGAC-1-20,20221010-4_15,mrd12,N4,5.033017,9.618297
CGCTCGACATAATGAT-1-8,20221010-1_3,mrd12,N4,4.4364705,10.556853
GGTAGACCGTTGGGCG-1-20,20221010-4_15,mrd12,N4,4.248977,11.041361
TTAACCAACCCTCCCT-1-8,20221010-1_3,mrd12,N4,8.441057,9.218985
AACTCCAGAGCGTGTT-1-20,20221010-4_15,mrd12,N4,6.1000013,10.997591
TAGAAAGGTGGCGCTA-1-8,20221010-1_3,mrd12,N4,3.5905359,10.54628
GGTGAAGTACAGGGAT-1-20,20221010-4_15,mrd12,N4,-0.3237425,6.73146
TAGTCCGTATGCATAA-1-20,20221010-4_15,mrd12,N4,7.217528,9.146249
TGATTTATTAGCTGTG-1-20,20221010-4_15,mrd12,N4,2.0771394,7.7028327
TGATTCTGTCGCCGGT-1-20,20221010-4_15,mrd12,N4,3.3030066,9.377491
AGTTAAGCGGTCCCGG-1-20,20221010-4_15,mrd12,N4,2.494185,11.541008
ACGAGAACCCATCACG-1-20,20221010-4_15,mrd12,N4,8.932208,9.005108
AGATACCGGTGTTCAC-1-8,20221010-1_3,mrd12,N4,4.831877,10.066606
CGCTACGGGACATTTA-1-8,20221010-1_3,mrd12,N4,3.8187733,10.722629
AGTTACTCTATCGTGG-1-20,20221010-4_15,mrd12,N4,3.7007685,8.463377
GCGTGGTACTGGGTTA-1-24,20230607-2_8,mrd12,N4,8.443975,7.029578
ATCGCCAGTCAACATT-1-20,20221010-4_15,mrd12,N4,6.057871,10.019373
CAATGGATCTCTACCA-1-20,20221010-4_15,mrd12,N4,2.102126,9.468433
GTCATGGACATGACTA-1-8,20221010-1_3,mrd12,N4,4.8047433,9.808089
CACTTAATCAGACGGA-1-8,20221010-1_3,mrd12,N4,4.3990593,10.952739
GCATGAGGGACGCGGC-1-8,20221010-1_3,mrd12,N4,5.799189,8.942124
CGAATGACGCATAATG-1-24,20230607-2_8,mrd12,N4,8.89284,6.19794
CGCTATTCTTAGGCTC-1-8,20221010-1_3,mrd12,N4,2.3623602,10.764688
CGACATGCGATCTTCT-1-20,20221010-4_15,mrd12,N4,7.4918413,10.655578
ATAGACAACGGGACCT-1-20,20221010-4_15,mrd12,N4,5.2265444,8.954628
AGGACGCTCGATGTTG-1-20,20221010-4_15,mrd12,N4,5.9802213,6.7604795
CCCTGAAATGAGTTGA-1-8,20221010-1_3,mrd12,N4,4.5150046,10.84272
CGGAGTTTGAGAGACA-1-8,20221010-1_3,mrd12,N4,4.2361774,10.549467
ACTCAACGAATGTATT-1-20,20221010-4_15,mrd12,N4,8.108613,9.779618
CGGTGCGCGTTGGTCC-1-20,20221010-4_15,mrd12,N4,4.774332,10.647458
TACTGGACAGCTCGGC-1-8,20221010-1_3,mrd12,N4,7.7257257,8.753659
GGGCGGGTTCCCTACG-1-20,20221010-4_15,mrd12,N4,2.946527,9.050506
ATACCAGGCTAATAGA-1-8,20221010-1_3,mrd12,N4,8.5156765,9.647891
CCATAAACAACCCGAC-1-8,20221010-1_3,mrd12,N4,7.3001027,8.089861
ATCTGGTTAAGACTGT-1-20,20221010-4_15,mrd12,N4,2.9695084,8.212122
AGCGTCTGAACCCGCA-1-20,20221010-4_15,mrd12,N4,8.117197,9.402917
GTTACCTACAACTTGC-1-20,20221010-4_15,mrd12,N4,4.1392508,10.478384
ACAATCCATTTAAACC-1-20,20221010-4_15,mrd12,N4,0.9002664,7.473484
GAGATCTGTCACTCCG-1-8,20221010-1_3,mrd12,N4,6.942868,9.100066
CGGCTTTGTATGATAA-1-8,20221010-1_3,mrd12,N4,7.1803904,6.573967
AGGCAGGGAGCGTACT-1-8,20221010-1_3,mrd12,N4,6.860293,8.907522
CTGTACTTCTTAGCAT-1-20,20221010-4_15,mrd12,N4,3.862003,10.7142105
ACGTACAGATTTCTCT-1-8,20221010-1_3,mrd12,N4,7.928825,7.038255
GCTAATACCGAATGCC-1-8,20221010-1_3,mrd12,N4,3.3585808,8.048679
TTAACCAACCCTCCCT-1-20,20221010-4_15,mrd12,N4,3.0186906,8.288707
GTTGGTCATGCTATCC-1-20,20221010-4_15,mrd12,N4,5.934829,9.539167
TTGGATCGACTTCTGG-1-8,20221010-1_3,mrd12,N4,9.065439,8.453159
TTGGCCTAGAATTTCG-1-8,20221010-1_3,mrd12,N4,7.512803,8.82913
GAGAGGTGCATTCTGG-1-8,20221010-1_3,mrd12,N4,5.165824,10.323265
GTATAGGACTCAGTAG-1-8,20221010-1_3,mrd12,N4,7.382888,9.272529
GTTAACATCACTTAAA-1-24,20230607-2_8,mrd12,N4,9.767477,6.8366513
TAGTTTATTCTTGCTT-1-8,20221010-1_3,mrd12,N4,5.1749396,8.820781
GGGAGTTAATGAGGCG-1-8,20221010-1_3,mrd12,N4,6.3660507,8.780189
ATGCCGGTCTTGCATA-1-8,20221010-1_3,mrd12,N4,2.9806373,10.481536
CGGTTGACCTGGCATA-1-20,20221010-4_15,mrd12,N4,3.0502696,11.755575
CTCCGCCCACATGAGG-1-20,20221010-4_15,mrd12,N4,6.4720645,9.07809
GTTCCAGTCTGACCAT-1-8,20221010-1_3,mrd12,N4,4.2544036,11.032515
GTGAGGAGCGGTTGAG-1-20,20221010-4_15,mrd12,N4,1.9240139,10.647833
AGGGTTCCCTTTGGTT-1-20,20221010-4_15,mrd12,N4,6.1401515,9.104061
GGGCGATCCATAGGCC-1-24,20230607-2_8,mrd12,N4,11.074481,7.031181
TGTCATTTGTTGGGAA-1-20,20221010-4_15,mrd12,N4,7.612128,6.683939
CCTTTCAATGAAGAAA-1-20,20221010-4_15,mrd12,N4,1.5310503,7.366826
GGAGGGCTTGGTTGGC-1-8,20221010-1_3,mrd12,N4,4.3283668,10.902142
AGACCCGCCCTCCTCG-1-8,20221010-1_3,mrd12,N4,5.4878826,9.066535
TCGTAAGACGACATTG-1-8,20221010-1_3,mrd12,N4,4.0817604,10.847897
GGCTATTAAGTTGTAT-1-8,20221010-1_3,mrd12,N4,3.8026836,11.186754
TCGGAGTACATGAGTA-1-8,20221010-1_3,mrd12,N4,4.69115,10.663294
TTACCCATTGCCGGGT-1-20,20221010-4_15,mrd12,N4,3.1931653,10.981347
GATCCCTTTATACTGC-1-8,20221010-1_3,mrd12,N4,4.4995847,10.0564165
TCTTACAGAGGTACCG-1-20,20221010-4_15,mrd12,N4,3.9874504,11.333446
AGCCCATACATGTAAG-1-8,20221010-1_3,mrd12,N4,6.8795238,9.062903
TACATTTCTAACGTGC-1-8,20221010-1_3,mrd12,N4,4.3434963,10.920187
TGTTCTTCCATTGACT-1-8,20221010-1_3,mrd12,N4,3.8909414,11.285799
ATGATGCAATGGTACA-1-20,20221010-4_15,mrd12,N4,4.0449395,11.195408
TTGAACGAATCCTTTG-1-20,20221010-4_15,mrd12,N4,2.1003695,10.389885
CTAATTCTCAGATATT-1-20,20221010-4_15,mrd12,N4,5.100965,6.6276746
CGATACCTCGCGGACA-1-20,20221010-4_15,mrd12,N4,3.9817111,11.09475
ATCAGACGGCACGCCG-1-20,20221010-4_15,mrd12,N4,3.909209,10.383498
GTCATGCACCTCCGTT-1-8,20221010-1_3,mrd12,N4,4.079164,11.235391
CCAATAGTGCCGTCGA-1-8,20221010-1_3,mrd12,N4,4.4197845,10.28788
TCGCGCGTTTACATGA-1-24,20230607-2_8,mrd12,N4,10.931824,8.46368
TTCCTCGAGGGTGTCT-1-20,20221010-4_15,mrd12,N4,3.102442,6.7726793
ATGTGGACATCTTGAT-1-8,20221010-1_3,mrd12,N4,6.4786267,7.4604874
GTCGTCAATTATAAGG-1-20,20221010-4_15,mrd12,N4,4.1417503,10.575555
TTAAGCCGACAACTTC-1-20,20221010-4_15,mrd12,N4,5.2295275,7.182681
GCTGGCATATTCACCT-1-8,20221010-1_3,mrd12,N4,4.542007,10.302789
GTCATTAGAGCGAACG-1-8,20221010-1_3,mrd12,N4,3.6345243,10.876831
ACGCTAGTGATACACT-1-20,20221010-4_15,mrd12,N4,8.785887,8.351189
TCGAAATTTAGGACCA-1-8,20221010-1_3,mrd12,N4,3.9409893,11.349942
TATGGATGTGCTACGC-1-8,20221010-1_3,mrd12,N4,7.0390916,7.417571
TATAAATCCACAAGCT-1-8,20221010-1_3,mrd12,N4,3.8179028,11.350013
ATGCCGGTTGATGGGA-1-20,20221010-4_15,mrd12,N4,6.0805173,8.506383
TGTTCCGCTTCCATGA-1-8,20221010-1_3,mrd12,N4,4.115675,11.082292
CACTAAAGTTGCCTAT-1-8,20221010-1_3,mrd12,N4,3.53378,11.291885
GGGCGATATGTGTGAA-1-8,20221010-1_3,mrd12,N4,4.726316,10.611966
GGTGATAAGGAGCAGT-1-8,20221010-1_3,mrd12,N4,3.8998213,9.852364
ATTGTCGCAATACCTT-1-20,20221010-4_15,mrd12,N4,2.5272932,10.562708
CTTAGCCCGGATAGTG-1-20,20221010-4_15,mrd12,N4,3.9502735,10.359819
AACGCATGATCTGGGT-1-20,20221010-4_15,mrd12,N4,6.5159926,8.577642
ACACTGATCAAGGTGT-1-20,20221010-4_15,mrd12,N4,7.3595967,9.8461
GCGAGGCCCGAGCAGA-1-20,20221010-4_15,mrd12,N4,3.3005013,10.625701
TCATCCCAGAGGGTGG-1-8,20221010-1_3,mrd12,N4,6.4051495,9.8917265
TACGGGATGCTAGCAG-1-8,20221010-1_3,mrd12,N4,4.7199135,10.75448
GGCCTTTGCAACTGGC-1-8,20221010-1_3,mrd12,N4,2.6902275,9.786519
AGTCGACGGTCTCAAG-1-8,20221010-1_3,mrd12,N4,5.9237013,9.744382
TTGCTGAAGGAACCAC-1-8,20221010-1_3,mrd12,N4,8.643425,9.3143015
CGGGCCATAGCCGCAC-1-20,20221010-4_15,mrd12,N4,3.3295467,10.313664
GTACTCCTGGGTATGC-1-20,20221010-4_15,mrd12,N4,3.5389783,6.5655327
GGTTGTGCTCTTGTCC-1-20,20221010-4_15,mrd12,N4,6.109101,10.519393
GAGCCACGGTAGTAGG-1-20,20221010-4_15,mrd12,N4,6.869835,10.710207
ACCATCGTATATGGTA-1-20,20221010-4_15,mrd12,N4,2.5044885,10.195103
CTACTATCTTTCAGAG-1-20,20221010-4_15,mrd12,N4,3.3626516,10.983196
AGCACCAGTACTCACG-1-8,20221010-1_3,mrd12,N4,7.13078,8.779543
CAGCTCACTGAGACAT-1-8,20221010-1_3,mrd12,N4,5.723775,9.216479
GCTCTAAACCCTGACG-1-8,20221010-1_3,mrd12,N4,6.915666,10.054841
TAATATTGAAATTCGC-1-8,20221010-1_3,mrd12,N4,4.73288,7.947495
CTCATTTGATGGGCGG-1-8,20221010-1_3,mrd12,N4,3.4523873,11.280489
CCACAGCTGAAATCAT-1-20,20221010-4_15,mrd12,N4,6.729184,10.645829
GAAATATCACCATCAG-1-8,20221010-1_3,mrd12,N4,4.139071,11.293396
TGTGCTTTACGTAAGA-1-20,20221010-4_15,mrd12,N4,4.0409117,10.120003
CGAAGTTGCTCTGTGT-1-8,20221010-1_3,mrd12,N4,6.658505,10.00068
ACAGCGCACCCGCAGC-1-20,20221010-4_15,mrd12,N4,8.02125,9.277383
GATCATTCCAAACATT-1-8,20221010-1_3,mrd12,N4,3.3003898,8.994028
ACTCTTGTATAGTAAC-1-8,20221010-1_3,mrd12,N4,7.069738,8.509032
CTAACGAAACTTGCTG-1-20,20221010-4_15,mrd12,N4,3.1581116,11.127676
TCCCTGGCTCGCTGGA-1-8,20221010-1_3,mrd12,N4,4.723918,10.745063
CGATATTAGCCGCAGG-1-20,20221010-4_15,mrd12,N4,9.363077,7.218406
TCGCCGAAGTTGCGTC-1-20,20221010-4_15,mrd12,N4,4.8977857,9.637038
AAATGATTCGATCAGC-1-20,20221010-4_15,mrd12,N4,3.6893203,6.560662
GGCAAATTACTTTACT-1-8,20221010-1_3,mrd12,N4,4.918601,10.168626
GGGTTTCCGGCTTCCA-1-24,20230607-2_8,mrd12,N4,9.615315,8.285752
CGACAGTTCGCGTTAT-1-8,20221010-1_3,mrd12,N4,4.1915817,10.576752
AGATACCGGTGTTCAC-1-20,20221010-4_15,mrd12,N4,4.0279126,8.8974905
ACCACAAGTTTCTATC-1-8,20221010-1_3,mrd12,N4,5.203586,9.946395
ACAGCATAGAGCCAGT-1-8,20221010-1_3,mrd12,N4,8.087598,9.572702
CTTACACGGTATTCCA-1-20,20221010-4_15,mrd12,N4,2.3596144,11.131435
TGTTTCGGTACTTCTC-1-8,20221010-1_3,mrd12,N4,8.890153,9.070179
TGAGAATGCTTTACCG-1-8,20221010-1_3,mrd12,N4,7.178634,9.966549
ACTTATTAGGATCGGT-1-20,20221010-4_15,mrd12,N4,2.9067578,10.585021
TCCGTTTAGCCTTGAA-1-20,20221010-4_15,mrd12,N4,3.19507,8.942699
ATGTGCATCCGACGCA-1-8,20221010-1_3,mrd12,N4,9.247508,8.03935
AGTCAACACCACCATC-1-8,20221010-1_3,mrd12,N4,7.052506,8.609858
GGGTACTTCATGAACT-1-8,20221010-1_3,mrd12,N4,4.433573,10.64592
TGTGCTTTACGTAAGA-1-8,20221010-1_3,mrd12,N4,7.811632,9.052464
ATAAAGGCTCGGTCGT-1-8,20221010-1_3,mrd12,N4,4.195184,11.208896
GATGTTCAATCCACGA-1-20,20221010-4_15,mrd12,N4,2.8412404,10.341669
TACAAGTCTCGTGCAT-1-8,20221010-1_3,mrd12,N4,3.5324447,11.176359
TTCACGAAAGGATCAC-1-8,20221010-1_3,mrd12,N4,4.891311,9.89585
TACGCCTCCATTCCGA-1-20,20221010-4_15,mrd12,N4,4.638619,10.075086
AAAGTCACTGATGTAA-1-8,20221010-1_3,mrd12,N4,9.513063,8.713441
ATCGGAGACAGACGGC-1-8,20221010-1_3,mrd12,N4,8.854014,5.6106467
TTCTTGGAGTAATGAG-1-20,20221010-4_15,mrd12,N4,4.033874,11.102691
GTATGACGTGGGAAAC-1-20,20221010-4_15,mrd12,N4,7.6984034,8.846268
CTAGATTTACGACGGC-1-20,20221010-4_15,mrd12,N4,2.1214151,11.422342
AACAATTACTCTACGC-1-8,20221010-1_3,mrd12,N4,9.213832,9.22153
ACTTCGCCATACGCAC-1-8,20221010-1_3,mrd12,N4,4.0966115,10.030028
GCCAGGAGTAACCGAT-1-20,20221010-4_15,mrd12,N4,5.9055004,9.4288025
TACGACTGCCTCTTAG-1-20,20221010-4_15,mrd12,N4,4.5715466,6.5697737
AGATAACTTCAGGGCC-1-20,20221010-4_15,mrd12,N4,2.4014113,9.752244
GGTCGGCCAGGAGCTT-1-20,20221010-4_15,mrd12,N4,1.5460982,9.079748
ATCCAATGGTACCGAA-1-8,20221010-1_3,mrd12,N4,-0.5358442,7.993554
CTTTAACTTTCAAAGG-1-8,20221010-1_3,mrd12,N4,5.673911,9.352994
GGATTCCGCTATACCC-1-20,20221010-4_15,mrd12,N4,7.735419,9.794779
CGGTGAAGACTAAAGT-1-8,20221010-1_3,mrd12,N4,7.0916414,8.874145
CAACTTGTAGTGGGCA-1-20,20221010-4_15,mrd12,N4,8.632987,8.984908
TTCTTGAGCCGCGCTA-1-20,20221010-4_15,mrd12,N4,4.6524515,9.287203
AAAGGCTCTCGCGCCG-1-20,20221010-4_15,mrd12,N4,4.2865705,10.162023
TAATAAACAAGGAGAT-1-20,20221010-4_15,mrd12,N4,2.4241307,9.508754
AATCTCTACTGTGGTT-1-8,20221010-1_3,mrd12,N4,7.802728,9.6161995
ATAACGGAGTCCAACG-1-8,20221010-1_3,mrd12,N4,5.048295,8.048249
AACCGAGCTTGGTCAT-1-8,20221010-1_3,mrd12,N4,4.153337,10.353064
TAGCAACCTGTCACAA-1-8,20221010-1_3,mrd12,N4,3.0093534,8.756444
GTCTTAGTACAGCCGG-1-8,20221010-1_3,mrd12,N4,6.6690536,7.3821206
TGCAGAGTACCGAGCA-1-8,20221010-1_3,mrd12,N4,5.0631647,9.966465
AAGTGCCTTGACTGTA-1-20,20221010-4_15,mrd12,N4,7.5357256,9.963567
CAATCCCTATACCAGC-1-20,20221010-4_15,mrd12,N4,6.031102,10.330288
ATTTGTTCCAGGGCTC-1-8,20221010-1_3,mrd12,N4,6.62704,8.287902
GGTTTACAATCTCAAT-1-8,20221010-1_3,mrd12,N4,4.097509,9.57283
GTTTGACCAAATCCTA-1-8,20221010-1_3,mrd12,N4,5.1669164,9.979737
ACAATCCATTTAAACC-1-8,20221010-1_3,mrd12,N4,3.1133308,10.903352
ACTTGACTCCCTCTTT-1-8,20221010-1_3,mrd12,N4,4.732495,9.68774
TTCAAAGTCTCTAGCC-1-8,20221010-1_3,mrd12,N4,6.925833,9.173684
AGCTCTTCCCAGTGCA-1-20,20221010-4_15,mrd12,N4,5.6068597,6.6166387
CCCAAACATGCTGCTC-1-20,20221010-4_15,mrd12,N4,3.02774,10.959552
TGGTATCGCATCCCAA-1-20,20221010-4_15,mrd12,N4,7.8732686,9.974389
CCTGTCACCCGGGCTC-1-8,20221010-1_3,mrd12,N4,4.3626113,11.065227
TCGCTCGATATATTCC-1-8,20221010-1_3,mrd12,N4,6.725122,8.729917
AGTGTGGTCTATTGTG-1-8,20221010-1_3,mrd12,N4,7.020713,9.809974
CCCAACCACACTAACA-1-20,20221010-4_15,mrd12,N4,4.3558426,10.75597
TGCAAGAATGACGTAA-1-8,20221010-1_3,mrd12,N4,5.327088,8.443144
ATCTGATAGTGTCTTA-1-20,20221010-4_15,mrd12,N4,7.158121,8.9319515
GGATGCTGGCGTTCCT-1-8,20221010-1_3,mrd12,N4,3.8941927,10.34682
TAGAATTAAGGGCAAC-1-20,20221010-4_15,mrd12,N4,4.975664,10.715656
CTGGGATAAATAATGG-1-8,20221010-1_3,mrd12,N4,4.339515,10.736241
GAATTTCTCGCTGCAG-1-8,20221010-1_3,mrd12,N4,4.4450064,10.352477
CGCATTAGCTAATAGG-1-8,20221010-1_3,mrd12,N4,6.1997666,9.260707
CGCTCTCCGTAGATTA-1-8,20221010-1_3,mrd12,N4,4.2775207,11.133158
CGAGGCCAGGCATTGG-1-20,20221010-4_15,mrd12,N4,4.0057325,10.322064
CGGTTATCCAACAGTG-1-20,20221010-4_15,mrd12,N4,5.3450794,9.150864
TGGACACCGTTGCTTG-1-20,20221010-4_15,mrd12,N4,4.65993,9.855874
GGGCCCGTCTTAAACA-1-8,20221010-1_3,mrd12,N4,5.950235,9.087763
TTATGACAAACTGGAT-1-8,20221010-1_3,mrd12,N4,7.0094404,6.5549636
GAATCGCCGGACACGG-1-20,20221010-4_15,mrd12,N4,4.94521,10.597729
TCCCAGGCTTAGCTAA-1-8,20221010-1_3,mrd12,N4,3.2929192,11.437059
CTAGTATTCGGAATTA-1-8,20221010-1_3,mrd12,N4,6.583436,9.474282
GTGGTTTCCGCCTTTC-1-20,20221010-4_15,mrd12,N4,6.898402,8.4318495
TGCCTGATCAAACGAT-1-8,20221010-1_3,mrd12,N4,7.519494,9.273054
CGATTAAATATCTCCT-1-20,20221010-4_15,mrd12,N4,6.562544,8.884092
GCTAGCTTGAATAGCT-1-20,20221010-4_15,mrd12,N4,7.708252,9.82944
TGTACGAACAAATCCG-1-8,20221010-1_3,mrd12,N4,4.8479276,9.528918
TACGATGTTGATCATC-1-20,20221010-4_15,mrd12,N4,1.6408103,8.380337
GGGTCACCGTGACGGT-1-8,20221010-1_3,mrd12,N4,3.6080136,11.229907
GATTCCGCGTTTCCGT-1-20,20221010-4_15,mrd12,N4,2.2681673,10.651353
AACCCTGGTGGAACCA-1-20,20221010-4_15,mrd12,N4,5.782941,9.421456
GTACTCCCTTATCGCT-1-8,20221010-1_3,mrd12,N4,2.8814008,11.488981
AACAGGAAATCGAATA-1-8,20221010-1_3,mrd12,N4,3.5435965,11.271961
CCAAACAGAACCCTCG-1-8,20221010-1_3,mrd12,N4,8.729833,9.526744
CCATAGGTTGGCGTGG-1-20,20221010-4_15,mrd12,N4,3.2481117,10.03768
TCTTGGTAACACCAAA-1-8,20221010-1_3,mrd12,N4,4.4720693,9.995214
ACATCGGTCAGCCGCG-1-20,20221010-4_15,mrd12,N4,5.204366,10.237209
GCAGCGGTGGGCATTA-1-20,20221010-4_15,mrd12,N4,8.652467,8.504118
ACGCGCTACACAGGGT-1-20,20221010-4_15,mrd12,N4,3.364947,7.467237
CTAAAGGGAAATAGGA-1-20,20221010-4_15,mrd12,N4,4.699007,5.6005816
AGATACTCAAGATCGA-1-20,20221010-4_15,mrd12,N4,2.8616495,11.510888
TGGAAGAAGGGAACGT-1-20,20221010-4_15,mrd12,N4,3.2942736,8.915061
TAGAATTAAGGGCAAC-1-8,20221010-1_3,mrd12,N4,7.3911734,8.556998
TTGTGTATGCCACCAA-1-20,20221010-4_15,mrd12,N4,3.2993023,10.791432
AGCTCTTCGTAACCTT-1-20,20221010-4_15,mrd12,N4,7.343047,9.893016
TTAAGCGCCTGACCCA-1-8,20221010-1_3,mrd12,N4,3.2657452,11.183884
TGACCCACGTTAGACA-1-8,20221010-1_3,mrd12,N4,3.2042933,11.007454
GCTAATACCGAATGCC-1-20,20221010-4_15,mrd12,N4,3.079039,8.861574
CTAGTTGGGCCCGGTA-1-8,20221010-1_3,mrd12,N4,4.831517,9.769437
GGGAGGATGCCCGAAA-1-8,20221010-1_3,mrd12,N4,6.0014186,9.0055065
CTACACTAGCTTGTTC-1-20,20221010-4_15,mrd12,N4,8.065977,8.666906
CGCTTTCTTGCATTCG-1-8,20221010-1_3,mrd12,N4,5.130428,9.082249
AGTGACCTACTTTACG-1-8,20221010-1_3,mrd12,N4,6.9051723,8.93198
CATACTATGTAATTGT-1-8,20221010-1_3,mrd12,N4,5.0297766,9.959839
GCGCTGCTTTGCATTT-1-8,20221010-1_3,mrd12,N4,6.5210805,9.180735
TGTCCCGACATAGCAC-1-8,20221010-1_3,mrd12,N4,7.610008,8.4825115
TCCTTTCTTACGCTTA-1-8,20221010-1_3,mrd12,N4,6.4254913,8.894656
TGATCGGTTTGACCCT-1-8,20221010-1_3,mrd12,N4,6.3316565,9.297262
TCAACGCGACCGGCAG-1-20,20221010-4_15,mrd12,N4,6.154929,9.707696
CACCTAATCAGTTTAC-1-8,20221010-1_3,mrd12,N4,6.626975,8.466752
AATCCATGCAAGGGTG-1-20,20221010-4_15,mrd12,N4,7.0736814,10.62381
GCTGTATTACTGGCCC-1-20,20221010-4_15,mrd12,N4,6.978954,8.552911
GAAATGGGATGTAAAC-1-20,20221010-4_15,mrd12,N4,6.097467,9.087856
AAACCGGGTAGGTACC-1-8,20221010-1_3,mrd12,N4,5.0915003,9.793489
CGGAACGTAAACATAG-1-20,20221010-4_15,mrd12,N4,3.8326375,10.931411
ATTCGACGCCGGGCCT-1-20,20221010-4_15,mrd12,N4,1.9960867,9.036777
TCTGTGCCATCATAGT-1-8,20221010-1_3,mrd12,N4,3.1732488,10.328842
CAGTAGCCCACGCGGT-1-20,20221010-4_15,mrd12,N4,4.9243336,5.745033
TCTATCGGTCGCAACA-1-8,20221010-1_3,mrd12,N4,4.612337,10.66303
CGGTCTATCAACCCGT-1-20,20221010-4_15,mrd12,N4,3.296356,9.49786
CCCGCAGGGCCCAAAG-1-8,20221010-1_3,mrd12,N4,4.2667527,10.248976
CAAGGATCGCATGTTC-1-8,20221010-1_3,mrd12,N4,5.633743,9.61281
GCGCTGATCCAGACTC-1-20,20221010-4_15,mrd12,N4,6.9218764,8.552387
TGCCCGTACCGTTAAA-1-20,20221010-4_15,mrd12,N4,3.7127848,8.631926
TCGCATTCAATGACTT-1-20,20221010-4_15,mrd12,N4,6.766165,10.578779
ATATCTCCCTCGTTAA-1-8,20221010-1_3,mrd12,N4,5.960414,9.780654
TGGTATCGGTCTGTAT-1-20,20221010-4_15,mrd12,N4,9.726713,9.113527
CCGCGGGTACGAAGAA-1-8,20221010-1_3,mrd12,N4,3.6041524,11.236812
GATTCCCTTGTCGCAG-1-8,20221010-1_3,mrd12,N4,6.8715835,8.803654
TCACCGCTCGGCACTC-1-20,20221010-4_15,mrd12,N4,3.003262,11.569567
AGCTATTTAATCCAAC-1-8,20221010-1_3,mrd12,N4,7.290838,7.872317
GCTAGTAGAGCTTGTA-1-8,20221010-1_3,mrd12,N4,3.700833,10.466705
CACATGATTCAGCAAC-1-8,20221010-1_3,mrd12,N4,3.6593323,10.173962
GGATTCCGCTATACCC-1-8,20221010-1_3,mrd12,N4,6.9802966,9.249045
AGGCTTCCCGAAGAAG-1-20,20221010-4_15,mrd12,N4,3.7950857,11.404813
CAGGCCGTTTGGGTGT-1-8,20221010-1_3,mrd12,N4,3.7177777,10.658472
CACGCACAGCGCAGCT-1-8,20221010-1_3,mrd12,N4,4.4692745,9.553111
CCAGCTGATGGTACTT-1-8,20221010-1_3,mrd12,N4,4.488133,9.509635
ACAATAGTCGTACGTT-1-8,20221010-1_3,mrd12,N4,2.944563,7.8035164
ACCCATCTTGAGGGTA-1-20,20221010-4_15,mrd12,N4,1.688041,9.3945875
CCTGCTATTTGAGAAG-1-8,20221010-1_3,mrd12,N4,7.9200726,8.902064
TCAACGAGGAGACAAA-1-20,20221010-4_15,mrd12,N4,3.3976905,8.941922
CAATAAACCTTGGCCC-1-20,20221010-4_15,mrd12,N4,2.3149452,10.640158
CCATTCCCTGCCCACA-1-8,20221010-1_3,mrd12,N4,3.8713,11.3860445
TGATTTATTAGCTGTG-1-8,20221010-1_3,mrd12,N4,3.885043,11.201401
CAGAGCATGAGCTTGC-1-8,20221010-1_3,mrd12,N4,5.09083,8.154976
CCCTCATTCTGGAATT-1-8,20221010-1_3,mrd12,N4,9.289531,9.640922
AACACGACTGTACTGA-1-8,20221010-1_3,mrd12,N4,6.4221244,9.400594
CACAGGGCCATATAGT-1-20,20221010-4_15,mrd12,N4,8.08208,9.682277
GTTGAACCGGTTCCAT-1-20,20221010-4_15,mrd12,N4,3.32278,10.303465
AGGGCTGCAGTTACAG-1-8,20221010-1_3,mrd12,N4,3.813865,9.582283
GCTCCCAGTCGGTCCA-1-20,20221010-4_15,mrd12,N4,2.6203198,9.415064
TAGAAATTCACGTATA-1-8,20221010-1_3,mrd12,N4,7.7016134,9.851965
CTGGCGACATAAGTCC-1-8,20221010-1_3,mrd12,N4,4.4391046,8.54789
CAGTTCAAATTGACAC-1-8,20221010-1_3,mrd12,N4,3.80455,10.1555
GCGGCTCTGACGTACC-1-20,20221010-4_15,mrd12,N4,2.579809,10.251229
CTCTCACAATCGATGA-1-8,20221010-1_3,mrd12,N4,3.8634331,8.967387
CGTGCATTGTCGACGC-1-8,20221010-1_3,mrd12,N4,3.4303806,9.858842
CTACGTGTTGCCACCA-1-20,20221010-4_15,mrd12,N4,6.548845,8.578487
TGGTCTGTTGGGCGTA-1-8,20221010-1_3,mrd12,N4,4.8075724,10.315076
CACCCACGAGGCAATT-1-8,20221010-1_3,mrd12,N4,7.568959,9.133273
GCCCGCGCGTTTGACA-1-24,20230607-2_8,mrd12,N4,9.580603,7.558108
GCAGCACACAGCCCAG-1-20,20221010-4_15,mrd12,N4,3.6402156,9.273462
CCTAAAGGCTGACGCT-1-8,20221010-1_3,mrd12,N4,4.0236273,10.965144
ACGAAATGGGCGGCAC-1-8,20221010-1_3,mrd12,N4,4.166712,11.284899
ATCACATTAGAATATC-1-20,20221010-4_15,mrd12,N4,4.4987864,11.26301
ATGGATTGACCAAACG-1-8,20221010-1_3,mrd12,N4,4.8583436,8.857682
GCTAAGTAAAGGCGAT-1-20,20221010-4_15,mrd12,N4,-0.3903935,7.819953
ACTTGGGACCCGGTGG-1-8,20221010-1_3,mrd12,N4,3.8165154,11.395186
TACGAACACGACTTCA-1-8,20221010-1_3,mrd12,N4,4.4924483,10.541651
TGAAGAGCGGTCCTAG-1-20,20221010-4_15,mrd12,N4,3.8260975,10.98631
ACCCTATAGGACTGAG-1-20,20221010-4_15,mrd12,N4,7.2067833,8.974354
AATATTGGAGTATTGA-1-8,20221010-1_3,mrd12,N4,7.783821,9.781982
CAGGATATATCGTTGT-1-20,20221010-4_15,mrd12,N4,5.0981455,6.632916
TTGTCGTTCAGTTACC-1-8,20221010-1_3,mrd12,N4,9.351508,8.063982
AAATCGTGTACCACAA-1-20,20221010-4_15,mrd12,N4,3.735659,11.496077
GTGGAACCTACATGCG-1-8,20221010-1_3,mrd12,N4,7.565546,8.611483
ACTGTAGCACTTTGGA-1-8,20221010-1_3,mrd12,N4,8.0674095,8.588074
CACTCGAGCTGAACAA-1-20,20221010-4_15,mrd12,N4,4.902291,8.305113
TGAGTGCCTCTTAAAT-1-20,20221010-4_15,mrd12,N4,3.540579,9.976181
CAAACGAGTATCGCAG-1-20,20221010-4_15,mrd12,N4,3.874421,10.378224
GAGGTCCCAAAGATCT-1-8,20221010-1_3,mrd12,N4,6.2145185,9.549944
AAATTACACGACTCTG-1-20,20221010-4_15,mrd12,N4,2.2871592,11.502517
CCGTTACGTTAGAACA-1-20,20221010-4_15,mrd12,N4,7.3347354,8.181388
TTATATTTGGCAATCC-1-8,20221010-1_3,mrd12,N4,6.6305575,8.89984
AATAGAACAGAGTGGC-1-20,20221010-4_15,mrd12,N4,3.9451287,11.22561
AAGCTCGTGCCAAGTC-1-8,20221010-1_3,mrd12,N4,3.8608513,10.877543
TCGCTCGGCACCAGCG-1-20,20221010-4_15,mrd12,N4,4.071977,9.783067
ACGGCGGGTTGCCCTG-1-20,20221010-4_15,mrd12,N4,7.083848,8.738053
TACGTTTACCGGCAAT-1-20,20221010-4_15,mrd12,N4,3.2851233,9.932382
TAGCTAAGTCCGGGAG-1-8,20221010-1_3,mrd12,N4,3.5260468,8.920231
ATAAATATTAGCAGCT-1-8,20221010-1_3,mrd12,N4,7.0303173,8.883546
AGACTAGCCTTCCAGA-1-8,20221010-1_3,mrd12,N4,4.508123,10.279157
TCAAACTTAGATTGTT-1-8,20221010-1_3,mrd12,N4,5.110504,9.993899
GATGTTCAATCCACGA-1-8,20221010-1_3,mrd12,N4,5.772333,9.657312
GCGCTAATTGAATAGA-1-8,20221010-1_3,mrd12,N4,0.8915374,8.690804
TACTTGTTAGTAGTCC-1-8,20221010-1_3,mrd12,N4,6.3904576,8.753575
TACCTCACGCTTGTAC-1-8,20221010-1_3,mrd12,N4,3.9197896,10.071119
CAGACACCGATCGCTG-1-20,20221010-4_15,mrd12,N4,3.572649,11.017699
GCAGCACACAGCCCAG-1-8,20221010-1_3,mrd12,N4,4.4643674,10.941378
AACGCGGTCTCCAGCC-1-8,20221010-1_3,mrd12,N4,7.6515102,8.915397
CCGGGCTGCTCCATAC-1-8,20221010-1_3,mrd12,N4,4.6867423,10.297472
TAGGTGAGCCCTACTC-1-8,20221010-1_3,mrd12,N4,3.7865322,10.996968
TGCCCGTACCGTTAAA-1-8,20221010-1_3,mrd12,N4,2.5035932,10.558208
ATCCTGAATCGCTGCG-1-20,20221010-4_15,mrd12,N4,4.239584,11.024751
CTAATTCGCACGCGCT-1-8,20221010-1_3,mrd12,N4,7.1891923,7.9050264
GGGAGAACTCACAGTA-1-20,20221010-4_15,mrd12,N4,2.9857054,10.018326
CGCCCGCTTCCGTACA-1-20,20221010-4_15,mrd12,N4,3.9059947,10.050736
TGTAGTGATCTATAAT-1-8,20221010-1_3,mrd12,N4,4.526477,10.520349
TGCCAATGGGTACTCT-1-20,20221010-4_15,mrd12,N4,5.146683,9.885611
CGCTACGGGACATTTA-1-20,20221010-4_15,mrd12,N4,4.1091523,10.122035
ATATTCAGTTAAACCT-1-20,20221010-4_15,mrd12,N4,6.300013,8.793636
CCCTGCCCAATCCGCT-1-8,20221010-1_3,mrd12,N4,2.9229865,9.119976
CCACGAGAAGAGAATC-1-20,20221010-4_15,mrd12,N4,2.0564308,10.908672
GGTTTCAATCGGTCAG-1-20,20221010-4_15,mrd12,N4,2.3724167,10.363481
TTCCTCTGCCCGAATA-1-8,20221010-1_3,mrd12,N4,4.3163767,10.12865
CGAGGGTATCCAGGTG-1-24,20230607-2_8,mrd12,N4,10.018386,6.2382064
CCAGCCTGGACCAATA-1-8,20221010-1_3,mrd12,N4,4.179446,9.995728
GAAGCGTGAGGAATTT-1-8,20221010-1_3,mrd12,N4,6.308963,8.773669
CAAACTACGATAGAGA-1-20,20221010-4_15,mrd12,N4,8.20257,9.533587
TATAGGGTACTCATGA-1-20,20221010-4_15,mrd12,N4,5.1005573,9.694531
TATCTAGCCTAAAGGA-1-8,20221010-1_3,mrd12,N4,4.484428,10.704286
AGGGTTCCCTTTGGTT-1-8,20221010-1_3,mrd12,N4,6.5575323,8.769569
ATTATACTTTGCTCGT-1-8,20221010-1_3,mrd12,N4,7.5977993,9.63666
AGGGACTCTACGCGAC-1-20,20221010-4_15,mrd12,N4,7.1486616,9.8325815
ACCACGTGCAGCTATA-1-20,20221010-4_15,mrd12,N4,5.373056,9.114312
TCCAACTTTAAATTCT-1-8,20221010-1_3,mrd12,N4,6.5454106,10.602885
ATGAGGAGTGTTAATC-1-8,20221010-1_3,mrd12,N4,6.6307077,8.562076
ATTCGACGCCGGGCCT-1-8,20221010-1_3,mrd12,N4,5.0913534,9.828621
TTGTATCACACAGAAT-1-20,20221010-4_15,mrd12,N4,3.215051,10.852588
TCGGAATGCGCTCTGA-1-8,20221010-1_3,mrd12,N4,6.9981146,9.87595
ATATTTAACCCTCAAG-1-8,20221010-1_3,mrd12,N4,5.3351727,9.9492235
ACCGCGGTGGAAGTCG-1-20,20221010-4_15,mrd12,N4,6.9731765,9.124693
ATAGGGATATCCTTGA-1-8,20221010-1_3,mrd12,N4,6.8617444,8.390716
GTGCAACAAATGTGGC-1-8,20221010-1_3,mrd12,N4,6.0609484,9.746664
CTATGCCCGAATGCAA-1-24,20230607-2_8,mrd12,N4,8.854121,6.1254716
TGATAGCGGGATTCTA-1-20,20221010-4_15,mrd12,N4,2.37076,9.64807
TGGAACCACTGACACA-1-20,20221010-4_15,mrd12,N4,3.517422,6.4600973
ATAGTGAAGCGTTCTC-1-20,20221010-4_15,mrd12,N4,4.9301147,6.5779552
TGAGAATGCTTTACCG-1-20,20221010-4_15,mrd12,N4,4.0047174,8.678912
GGAAGCTCGCTTACAG-1-20,20221010-4_15,mrd12,N4,7.506856,10.298277
ATCACATTAGAATATC-1-8,20221010-1_3,mrd12,N4,6.4829,8.804652
AACCTTTAAATACGGT-1-8,20221010-1_3,mrd12,N4,6.508412,8.767796
TCCCGGGTGTGCTGCT-1-8,20221010-1_3,mrd12,N4,7.9155016,9.610498
CGCTTATTCCCGGTCG-1-20,20221010-4_15,mrd12,N4,6.017233,9.414145
ACGATGCATATGTTAT-1-8,20221010-1_3,mrd12,N4,3.7438679,11.322658
ACGATCATACATAGAG-1-8,20221010-1_3,mrd12,N4,5.6087527,7.095442
GTCCGGCTGAATTGCG-1-8,20221010-1_3,mrd12,N4,2.8681498,11.038426
CCATCCATACCAAGTC-1-8,20221010-1_3,mrd12,N4,3.8674958,10.774254
TGGAGTGATGCGATGA-1-8,20221010-1_3,mrd12,N4,3.8814037,9.826562
TACGGGATGCTAGCAG-1-20,20221010-4_15,mrd12,N4,3.6993585,11.414855
TTACCGCCTTAGGGAA-1-20,20221010-4_15,mrd12,N4,5.931002,9.78778
GAATATTCGGAGTCCC-1-20,20221010-4_15,mrd12,N4,7.440815,6.898071
ATCGCACGCCGGGAGA-1-8,20221010-1_3,mrd12,N4,7.9545794,8.059424
TGATCTCCGGCGCCAG-1-8,20221010-1_3,mrd12,N4,3.564352,11.260462
CCGAAGTATATTGTTC-1-8,20221010-1_3,mrd12,N4,3.0780845,10.141522
TCTAGTTATCAGAAGA-1-8,20221010-1_3,mrd12,N4,3.7004104,11.057887
GCAAGAATTCCTTGGC-1-20,20221010-4_15,mrd12,N4,7.9411097,8.547735
TAGGGTGTTTCAAGAG-1-20,20221010-4_15,mrd12,N4,3.115931,11.275251
CATCTATCCCGTGTCT-1-20,20221010-4_15,mrd12,N4,8.479841,8.674924
CCCTGCGCTACGCATA-1-8,20221010-1_3,mrd12,N4,9.390227,8.706607
TCCCGCGTACTCCTGG-1-8,20221010-1_3,mrd12,N4,5.527446,8.195945
CGCTGAGGACGTCCAA-1-20,20221010-4_15,mrd12,N4,8.792112,9.007073
GCGGTGAACTGCGCTC-1-20,20221010-4_15,mrd12,N4,3.7436185,7.700896
TGTCGGCATGGTGGAA-1-20,20221010-4_15,mrd12,N4,6.685124,10.546623
TCACAGGTTATTGGGC-1-8,20221010-1_3,mrd12,N4,3.7910154,11.333712
GACCCGTCGCCGGCTA-1-8,20221010-1_3,mrd12,N4,7.6252565,8.927978
AACATATCAACTGGTG-1-20,20221010-4_15,mrd12,N4,3.2071013,10.227561
GTGAGTGGTACAACGC-1-8,20221010-1_3,mrd12,N4,9.942702,3.869963
ATCCTACCTAAGCTCT-1-20,20221010-4_15,mrd12,N4,2.5023015,11.4531975
TGGGATGCACTCATTC-1-19,20221010-4_14,mrd7,N4,4.6705356,10.961284
AAGTTTATGGGCCCAA-1-19,20221010-4_14,mrd7,N4,9.117633,8.618728
TCGCTTTAAACGTTTG-1-7,20221010-1_2,mrd7,N4,10.479772,8.780843
GGCCCAGCTGGTTTGC-1-19,20221010-4_14,mrd7,N4,8.69071,9.514621
TACCGCGGACTTGCAG-1-19,20221010-4_14,mrd7,N4,2.2408369,6.4549313
TCGGCTTGTATCGACG-1-19,20221010-4_14,mrd7,N4,9.546848,8.1332245
ATATGTCTCCCTAGCC-1-19,20221010-4_14,mrd7,N4,4.710329,7.4447613
GGAATAACCTCAAGAA-1-7,20221010-1_2,mrd7,N4,6.5964513,9.589184
TTGCCCTGATCACGGG-1-19,20221010-4_14,mrd7,N4,4.682667,8.047945
ATGTTGATTAGAGACT-1-19,20221010-4_14,mrd7,N4,9.1789875,6.20848
ATGGATCCGGCGTCCG-1-19,20221010-4_14,mrd7,N4,7.729898,7.5468426
TTGCGTGTGTAGGCAT-1-19,20221010-4_14,mrd7,N4,10.761532,8.658424
AGGTACGATATTGCCA-1-7,20221010-1_2,mrd7,N4,6.873507,6.033806
CCAAGCTTGATCTCCT-1-7,20221010-1_2,mrd7,N4,6.9476533,8.3536825
TAACCGCCCGCAGTGC-1-7,20221010-1_2,mrd7,N4,9.304977,6.974445
CCTTCAGTTAAAGTGA-1-19,20221010-4_14,mrd7,N4,4.278232,9.09515
ACAATCGATCTTTATA-1-7,20221010-1_2,mrd7,N4,7.653237,9.366573
AACGGACGTACGTATA-1-19,20221010-4_14,mrd7,N4,6.6356616,8.830868
GCGCGGTCTAGTAACT-1-19,20221010-4_14,mrd7,N4,11.619129,8.878139
ATTATACTTTGCTCGT-1-19,20221010-4_14,mrd7,N4,5.124377,7.6973715
GTTAAAGTAGGACTGG-1-7,20221010-1_2,mrd7,N4,5.9799,6.55507
GAAATACCTGCTGGCT-1-7,20221010-1_2,mrd7,N4,8.718915,8.083921
GCAGGTAGAGTATGGT-1-7,20221010-1_2,mrd7,N4,5.1796336,9.693431
ACCACAACTCAGAACA-1-19,20221010-4_14,mrd7,N4,6.088611,7.985429
AGCATATCAATATGCT-1-19,20221010-4_14,mrd7,N4,6.504484,6.275475
ATTGAAGATCTTAGTG-1-19,20221010-4_14,mrd7,N4,10.332987,8.95046
TCTTACCGGAACTCGT-1-7,20221010-1_2,mrd7,N4,6.4028225,9.486508
CTTGAGTTAGGGTAAT-1-19,20221010-4_14,mrd7,N4,5.9717655,9.55279
CTGCCTTTCTAGTAAA-1-19,20221010-4_14,mrd7,N4,9.440112,6.8095818
GTTTCTGCAGTCTCCC-1-7,20221010-1_2,mrd7,N4,9.21673,7.685105
ACCGAAAGGGCCCTGC-1-7,20221010-1_2,mrd7,N4,9.370542,6.1240525
CAGCCGGGCCCTCTAT-1-19,20221010-4_14,mrd7,N4,6.6548686,8.423574
GACAACGCAGCTTACG-1-7,20221010-1_2,mrd7,N4,8.440948,7.673925
CGCTCTCCGTAGATTA-1-19,20221010-4_14,mrd7,N4,9.674076,8.850047
TCTCATGAGATAGGGT-1-7,20221010-1_2,mrd7,N4,9.062675,5.864776
CTAACCGCGCGCCCGT-1-19,20221010-4_14,mrd7,N4,8.854499,8.2902355
GCGCAAGAGCGCGCTG-1-19,20221010-4_14,mrd7,N4,4.446493,8.243418
AATGACGTAGGATGTC-1-7,20221010-1_2,mrd7,N4,9.870133,5.564983
TCCTGCCAACTGGAGA-1-7,20221010-1_2,mrd7,N4,7.6446877,7.501052
ATAGAGTACTGGGACA-1-19,20221010-4_14,mrd7,N4,9.095651,8.415063
GAAGTCTCCCTAGCGA-1-7,20221010-1_2,mrd7,N4,8.527704,3.702406
TGGGCACAAACAGAAC-1-7,20221010-1_2,mrd7,N4,7.242751,8.377499
AGCTTATAGAGACCTG-1-7,20221010-1_2,mrd7,N4,8.912628,5.7435513
ATGCCATTTGCGACCA-1-7,20221010-1_2,mrd7,N4,7.819671,6.8756366
GTACTAAGATTTGGAG-1-19,20221010-4_14,mrd7,N4,4.584633,7.3618584
GATCGTGACTGATATC-1-7,20221010-1_2,mrd7,N4,6.31312,6.1906996
TACGACTGCCTCTTAG-1-7,20221010-1_2,mrd7,N4,9.063968,5.9486327
AGTCCCGCCTTTAATT-1-7,20221010-1_2,mrd7,N4,7.7433567,7.5248876
TGAGCTTTAATGACGC-1-7,20221010-1_2,mrd7,N4,6.461164,6.735224
TTCATGGCGCAACAGG-1-7,20221010-1_2,mrd7,N4,5.0834794,8.755481
CAAACGTGGTCTTGCG-1-19,20221010-4_14,mrd7,N4,8.072351,9.595729
ACCTAATCGACTTCCT-1-19,20221010-4_14,mrd7,N4,4.269846,7.6032095
AGCCCTTCTAATCCGA-1-19,20221010-4_14,mrd7,N4,8.0925,9.012378
CAGTGTCGGCTGGCCC-1-19,20221010-4_14,mrd7,N4,11.297371,8.9030285
GGCATACAGGTAGCGG-1-7,20221010-1_2,mrd7,N4,10.834636,6.545433
AGTGCTTGCACGAATA-1-7,20221010-1_2,mrd7,N4,8.077466,5.0530233
CATGGTAAGTAGCGTT-1-7,20221010-1_2,mrd7,N4,10.1406765,7.03736
CATTACGTCGGCCCGT-1-7,20221010-1_2,mrd7,N4,7.725397,5.5691304
ATATCAACCTACAGAG-1-19,20221010-4_14,mrd7,N4,6.6884127,6.291666
AGGGTCGATGCGAACT-1-19,20221010-4_14,mrd7,N4,3.5001633,6.382394
TCATTTAAGTCTCCGA-1-19,20221010-4_14,mrd7,N4,4.2313704,7.8620515
ACGTCCTAAACGAGAT-1-7,20221010-1_2,mrd7,N4,9.380498,8.221431
GCTAGCAGGGAGTGGG-1-19,20221010-4_14,mrd7,N4,8.747121,9.326356
ATGCCAATCGCTCTGC-1-19,20221010-4_14,mrd7,N4,9.178936,4.739296
GCCGGAAACACATCTT-1-7,20221010-1_2,mrd7,N4,5.9886723,9.119189
CCTTCTTGATCCAGTG-1-7,20221010-1_2,mrd7,N4,7.267813,8.206261
TTACATCGTGGCCTGG-1-19,20221010-4_14,mrd7,N4,9.160392,6.749196
GTGACAGCTTCCCACT-1-19,20221010-4_14,mrd7,N4,8.812257,3.6722946
TTAGCTGATTTGCCGT-1-19,20221010-4_14,mrd7,N4,4.2635274,9.329201
TCCCTTAGATTACTCG-1-7,20221010-1_2,mrd7,N4,6.787901,6.4276648
AACGTGATGAAGGACA-1-19,20221010-4_14,mrd7,N4,6.0586667,6.842977
CCGGGTTCGAGGTTAC-1-19,20221010-4_14,mrd7,N4,6.143158,6.6080337
GACGGTCAATAGAAGC-1-19,20221010-4_14,mrd7,N4,6.922192,6.180566
GCGTAAATGGCCATAA-1-19,20221010-4_14,mrd7,N4,8.946874,6.988099
TAGTTAAGATAGGATA-1-7,20221010-1_2,mrd7,N4,10.924232,6.317064
ACAAGGATGCTTTAGG-1-19,20221010-4_14,mrd7,N4,5.8177767,8.311091
TCTTTAAGACTATGAA-1-19,20221010-4_14,mrd7,N4,7.0660405,6.41759
GTAGACAACCGATGAA-1-7,20221010-1_2,mrd7,N4,4.3942823,9.761778
GCTAGAGTAGAGATGT-1-19,20221010-4_14,mrd7,N4,9.274697,7.013845
AGCTATTTAATCCAAC-1-7,20221010-1_2,mrd7,N4,9.264386,7.3663445
AAATCCGATACACGCC-1-19,20221010-4_14,mrd7,N4,6.938896,9.900038
CTCTGTTTGAGGATTC-1-7,20221010-1_2,mrd7,N4,9.380118,7.0312867
GTCGGATGTAGCGCGC-1-7,20221010-1_2,mrd7,N4,11.316406,7.317238
CATGATGCACAATTCT-1-7,20221010-1_2,mrd7,N4,7.9352975,5.709659
AGGGTTCCCTTTGGTT-1-7,20221010-1_2,mrd7,N4,11.289592,6.337097
TATTCCGGCAGTCCTA-1-7,20221010-1_2,mrd7,N4,5.8959117,9.689023
GCTAGTAGAGCTTGTA-1-7,20221010-1_2,mrd7,N4,9.547495,6.443866
GTCAGTTGTGCTCGTT-1-19,20221010-4_14,mrd7,N4,5.4661016,6.9025545
CAAGGATCGCATGTTC-1-7,20221010-1_2,mrd7,N4,7.199575,8.121607
GAACACACATCAACCA-1-19,20221010-4_14,mrd7,N4,4.6037545,7.6786036
GATATGCGGTAGCCAA-1-7,20221010-1_2,mrd7,N4,8.158872,8.891484
GCCGCTTGTGAGAAAC-1-19,20221010-4_14,mrd7,N4,11.97902,7.053286
GCTCATTACTGCATGT-1-7,20221010-1_2,mrd7,N4,9.260819,6.7607136
GTTATCACCTTCTGAA-1-7,20221010-1_2,mrd7,N4,5.434169,5.7729983
AACGCTGTTGCTGAAA-1-19,20221010-4_14,mrd7,N4,12.226585,6.993753
CCAGATAGTTGAGTGA-1-19,20221010-4_14,mrd7,N4,4.7703557,7.901505
TCCGCGGCAGCATCTG-1-19,20221010-4_14,mrd7,N4,6.9845734,6.7402964
ATACCAGGCTAATAGA-1-7,20221010-1_2,mrd7,N4,9.787633,8.269787
GGGTAATGCTGTGTTT-1-7,20221010-1_2,mrd7,N4,11.447505,7.6091037
TAGAATTAAGGGCAAC-1-7,20221010-1_2,mrd7,N4,7.4522305,8.45201
CGCATCATGGCTTCAG-1-7,20221010-1_2,mrd7,N4,7.9048724,8.276698
GAGCCACGGTAGTAGG-1-7,20221010-1_2,mrd7,N4,7.5424314,8.635921
TTATAGATGCACATTA-1-7,20221010-1_2,mrd7,N4,4.3095274,9.511974
TCATCCCAGAGGGTGG-1-19,20221010-4_14,mrd7,N4,3.8356724,5.948219
TCGTATTTCGTCCGGA-1-7,20221010-1_2,mrd7,N4,9.020405,7.436493
TCGCGTAGCAGTGTCC-1-19,20221010-4_14,mrd7,N4,8.296496,8.010668
GATGACGATGATCGCG-1-19,20221010-4_14,mrd7,N4,11.611443,6.8584967
CACGCAGCGAGGCTTT-1-19,20221010-4_14,mrd7,N4,11.684302,8.841008
CATTTATCGTTCAAGA-1-19,20221010-4_14,mrd7,N4,6.6382766,6.836134
TGCAATTTGGGCACGG-1-19,20221010-4_14,mrd7,N4,7.2859173,9.656253
CTTGTGCTCACCGATT-1-7,20221010-1_2,mrd7,N4,7.786898,9.055147
GTGATCATAGATCTGC-1-7,20221010-1_2,mrd7,N4,8.577898,6.069136
CTTGACCCGAAAGATA-1-7,20221010-1_2,mrd7,N4,7.5325522,8.623832
GACCTTCCACGTCTAC-1-19,20221010-4_14,mrd7,N4,4.0930576,9.181029
GTATGTGGGTCTAGTT-1-7,20221010-1_2,mrd7,N4,8.551583,8.051303
AGCTCTTCCCAGTGCA-1-19,20221010-4_14,mrd7,N4,10.916448,8.797812
CACGAAAGTTAGTCCC-1-19,20221010-4_14,mrd7,N4,6.7982364,8.280774
CAGACCTGTAAGTGTT-1-19,20221010-4_14,mrd7,N4,5.054518,5.63006
TTCTACCTTTATGTTG-1-19,20221010-4_14,mrd7,N4,6.3178887,9.776821
ATTATCTCGACAGATC-1-7,20221010-1_2,mrd7,N4,9.6007185,8.745187
GTACTCCCTTATCGCT-1-19,20221010-4_14,mrd7,N4,5.8937287,6.3933864
CACCTTGCGAAACTCG-1-7,20221010-1_2,mrd7,N4,10.9097595,8.935681
TCACTCGTGCAACGGC-1-7,20221010-1_2,mrd7,N4,8.682511,3.3790216
CGAGAGCTTTCACTAC-1-19,20221010-4_14,mrd7,N4,9.9693985,8.974233
ATCTGCACCTCTGCGA-1-19,20221010-4_14,mrd7,N4,11.521308,6.4699216
GCGCTGATCCAGACTC-1-7,20221010-1_2,mrd7,N4,5.159277,10.04604
TCCGATAATTGCCATA-1-7,20221010-1_2,mrd7,N4,6.177316,6.793554
ATAGAGTTATCAACTT-1-7,20221010-1_2,mrd7,N4,9.78321,5.367817
CTACTATCTTTCAGAG-1-7,20221010-1_2,mrd7,N4,7.1155972,8.013115
CTGGTTTCGAGCAAGA-1-7,20221010-1_2,mrd7,N4,9.6058235,6.1493945
CGGAGCTTATAACACC-1-7,20221010-1_2,mrd7,N4,9.604346,8.348043
TACAAGCTGTTCACTG-1-7,20221010-1_2,mrd7,N4,6.3662186,9.481537
CATCTTACACCACCTC-1-19,20221010-4_14,mrd7,N4,1.1221395,5.218291
AGTGATAACCTGCGCG-1-19,20221010-4_14,mrd7,N4,8.735471,9.373953
TAGTCGATCACGGGTT-1-19,20221010-4_14,mrd7,N4,4.3576965,7.7871666
AGGGTGCTCTCGAGGG-1-7,20221010-1_2,mrd7,N4,9.559164,7.896453
TGTCCCGACATAGCAC-1-7,20221010-1_2,mrd7,N4,11.1842375,7.6452055
CTATTGTGTTTGGTCA-1-19,20221010-4_14,mrd7,N4,6.9789433,10.100772
CCTAGGCGTAGCGATC-1-19,20221010-4_14,mrd7,N4,4.8765197,7.4756064
TATCGATCTATGCATA-1-7,20221010-1_2,mrd7,N4,2.8949897,9.8352785
TCCTCTGGCCCATTAG-1-19,20221010-4_14,mrd7,N4,7.9745665,7.5422716
TGGCAAACTAAATTAC-1-7,20221010-1_2,mrd7,N4,8.816256,5.5598054
TACCAGCTAGGTTTAA-1-7,20221010-1_2,mrd7,N4,11.227977,7.1256685
ACTTATACTTACCCGG-1-7,20221010-1_2,mrd7,N4,7.9296317,8.348847
TTAGTAAACCTGCTCT-1-19,20221010-4_14,mrd7,N4,6.334068,7.4452777
CTCTAGCCCTCGGAAA-1-19,20221010-4_14,mrd7,N4,5.2487884,9.748878
TATAGATGGTCGCAGT-1-19,20221010-4_14,mrd7,N4,4.4722786,8.085899
GTACGTTTGCCCGTCA-1-7,20221010-1_2,mrd7,N4,9.7298975,6.3431273
TTGCATGCTGATCACG-1-19,20221010-4_14,mrd7,N4,7.9019904,9.558243
GTTCGTCTAAAGAACT-1-7,20221010-1_2,mrd7,N4,10.916309,6.068553
ATGCCATTTGCGACCA-1-19,20221010-4_14,mrd7,N4,4.4229183,7.6571836
ACATCGATCGTTTACC-1-7,20221010-1_2,mrd7,N4,9.883825,6.255404
ACAGATTAGGTTAGTG-1-7,20221010-1_2,mrd7,N4,3.2592595,11.360265
GACCAGAGCCCTGTAG-1-19,20221010-4_14,mrd7,N4,10.416321,9.064659
TTGTTTGTGTAAATTC-1-7,20221010-1_2,mrd7,N4,6.590642,8.425972
ATATCTCCCTCGTTAA-1-19,20221010-4_14,mrd7,N4,9.104834,5.826363
TGGTAGAATATATGGG-1-19,20221010-4_14,mrd7,N4,4.771452,8.239969
CAAGCACCAAATGCCT-1-7,20221010-1_2,mrd7,N4,8.843122,7.8383503
ATACCAGGTGAGCGAT-1-7,20221010-1_2,mrd7,N4,8.072593,9.663742
TCTTACGGCATCCGAC-1-7,20221010-1_2,mrd7,N4,9.823495,6.8957376
CTTAACTTCGAAGTAC-1-7,20221010-1_2,mrd7,N4,10.924319,7.967479
ATCGACCCAATACAGA-1-7,20221010-1_2,mrd7,N4,8.42071,5.9423156
TATGTCAAGACCGACT-1-7,20221010-1_2,mrd7,N4,8.648371,8.610563
AACCGTTGTGTTTGCT-1-19,20221010-4_14,mrd7,N4,7.032563,8.155455
GATTCGACGGTTCACG-1-7,20221010-1_2,mrd7,N4,9.824418,5.9475904
TTAATCAGTACGTCAG-1-19,20221010-4_14,mrd7,N4,4.2431626,7.5413227
TCTGAATTCCGTACAA-1-19,20221010-4_14,mrd7,N4,4.1792016,7.037131
GGCCAATTGTATAGAC-1-19,20221010-4_14,mrd7,N4,11.200231,4.16942
AAATGTGGGTGCTCCT-1-7,20221010-1_2,mrd7,N4,2.866528,10.832318
AGAGAACCGTCTAGGA-1-7,20221010-1_2,mrd7,N4,10.176924,8.403516
TGAGAATGCTTTACCG-1-19,20221010-4_14,mrd7,N4,6.140125,9.117863
GATATGCGGTAGCCAA-1-19,20221010-4_14,mrd7,N4,8.988642,7.528825
TATTTATACCGAGTAG-1-7,20221010-1_2,mrd7,N4,11.125422,7.168311
GATCGACACTATCTGA-1-19,20221010-4_14,mrd7,N4,7.670124,9.241321
ATTCTTCGTACTTATG-1-7,20221010-1_2,mrd7,N4,9.5884285,8.107816
CGAGTTCTGTCCCACC-1-19,20221010-4_14,mrd7,N4,5.173203,9.14526
TGGTCTGTTGGGCGTA-1-19,20221010-4_14,mrd7,N4,5.7917237,6.344772
CCCAAACATGCTGCTC-1-19,20221010-4_14,mrd7,N4,5.140952,7.2090745
TGGCTTTGGGTAGACA-1-19,20221010-4_14,mrd7,N4,9.214525,6.728929
AATTTGGGACATAGTA-1-19,20221010-4_14,mrd7,N4,10.608955,8.876379
TACGAGAACTTCACGT-1-19,20221010-4_14,mrd7,N4,11.854503,7.1506953
AATTCATAAGGGATCT-1-7,20221010-1_2,mrd7,N4,5.936327,9.455245
ATGACTATGCGACATT-1-7,20221010-1_2,mrd7,N4,4.971381,7.3280077
AACCGCTAAGGGATGC-1-7,20221010-1_2,mrd7,N4,9.605572,6.3697777
CGACAATTTGATCTAA-1-19,20221010-4_14,mrd7,N4,4.457235,8.361842
GCCTATTTGCTACACA-1-7,20221010-1_2,mrd7,N4,6.5764403,6.5724664
AGATGAGGGTTGCGAT-1-19,20221010-4_14,mrd7,N4,11.021948,8.662266
GGGAGCGACCGTAGTG-1-19,20221010-4_14,mrd7,N4,7.2498736,6.777243
CCATTCCCTGCCCACA-1-19,20221010-4_14,mrd7,N4,9.258284,9.129554
CACCGATACACCGAGC-1-7,20221010-1_2,mrd7,N4,9.518033,7.532795
TATTTATACCGAGTAG-1-19,20221010-4_14,mrd7,N4,5.919776,7.1884675
TATATTCGCGTCGATA-1-7,20221010-1_2,mrd7,N4,9.443136,7.8706594
ACAAATGGTAGTGTTT-1-7,20221010-1_2,mrd7,N4,7.5186987,6.874669
AGAGCGTACAAGCTCG-1-7,20221010-1_2,mrd7,N4,9.469296,7.4907556
AACATTGTGACTCGAG-1-19,20221010-4_14,mrd7,N4,4.6582613,7.573684
GTGGAACCTACATGCG-1-7,20221010-1_2,mrd7,N4,9.651608,6.8485713
CCGCACTTGCAATGAC-1-19,20221010-4_14,mrd7,N4,11.925361,6.8697786
AAACGGTTGCGAACTG-1-19,20221010-4_14,mrd7,N4,8.03913,9.806877
CTCTCGATGTGCGCCT-1-7,20221010-1_2,mrd7,N4,8.385299,9.023222
CATGATGGAAGTTAGC-1-19,20221010-4_14,mrd7,N4,9.109289,7.7872925
ATCAGTAGGCAGGGAT-1-7,20221010-1_2,mrd7,N4,6.3947,9.433506
TCTTATGGGTAGTACC-1-7,20221010-1_2,mrd7,N4,6.6265054,9.812228
TTAAACCGGTAGCGAC-1-7,20221010-1_2,mrd7,N4,6.7452126,6.4798303
TGCAACCCATCTGCGG-1-19,20221010-4_14,mrd7,N4,4.7993407,7.3188205
GGGTCAGGAGCTAGAT-1-19,20221010-4_14,mrd7,N4,4.197295,8.299287
TAGCTAGTGATGATGG-1-19,20221010-4_14,mrd7,N4,5.019958,6.134505
CTGGCGCACAGGTCTG-1-7,20221010-1_2,mrd7,N4,8.785185,7.9627275
ATTTACAGTTTACTGG-1-19,20221010-4_14,mrd7,N4,6.859518,9.861721
CTACTCTAGGCCCGGC-1-19,20221010-4_14,mrd7,N4,7.7920003,8.065392
GTCGTTATTCGCTTAT-1-7,20221010-1_2,mrd7,N4,6.7551885,6.103836
TCATCCTCAGCTGCTT-1-19,20221010-4_14,mrd7,N4,7.759848,7.638374
ATTCATCGTTGAGGCA-1-19,20221010-4_14,mrd7,N4,5.2175884,8.285431
TGCCTTGCCCTTACGG-1-7,20221010-1_2,mrd7,N4,9.339175,7.9277315
GTTAGCCCATGACATC-1-19,20221010-4_14,mrd7,N4,10.356074,7.221371
TGAAAGGACCTGACTC-1-19,20221010-4_14,mrd7,N4,6.823344,6.4544687
GCTTCCATGTAACCGC-1-19,20221010-4_14,mrd7,N4,11.014299,6.2501073
CCAATCGGTAGATCGA-1-19,20221010-4_14,mrd7,N4,5.6643486,9.904939
CGTGCATTGTCGACGC-1-19,20221010-4_14,mrd7,N4,6.4662495,6.422162
AGCCCGGTAGCCTGTA-1-19,20221010-4_14,mrd7,N4,6.504617,9.86665
GTGAAACGGCGCCACC-1-7,20221010-1_2,mrd7,N4,9.006899,9.548088
TGTAGTGATCTATAAT-1-7,20221010-1_2,mrd7,N4,10.079776,6.4945097
ATTGTCGCAATACCTT-1-19,20221010-4_14,mrd7,N4,11.51161,9.054804
AGCCACAGGTTACCCG-1-19,20221010-4_14,mrd7,N4,11.729443,8.825187
CGGGTGTACCCATTTA-1-19,20221010-4_14,mrd7,N4,4.875058,8.128954
AAATTACCTATCGATG-1-7,20221010-1_2,mrd7,N4,7.8077345,8.279643
TCCACAATGGTTTACG-1-19,20221010-4_14,mrd7,N4,5.6954875,7.0757537
CCGAACCTTCCCGGCC-1-7,20221010-1_2,mrd7,N4,8.722548,5.5314126
TGAGATCAAATACTCA-1-7,20221010-1_2,mrd7,N4,9.309059,8.699673
CATAGTACATTGAGAG-1-19,20221010-4_14,mrd7,N4,3.6895883,6.9514117
ATTTCATTATTTCGCG-1-7,20221010-1_2,mrd7,N4,10.221848,6.943184
CTGCACAACTACATAT-1-7,20221010-1_2,mrd7,N4,8.574641,6.7135906
TCCCTCTTCTCAAGGG-1-19,20221010-4_14,mrd7,N4,10.889783,6.509194
TAATTGGAATCGGGAA-1-19,20221010-4_14,mrd7,N4,8.822628,8.99992
TAATAAACAAGGAGAT-1-7,20221010-1_2,mrd7,N4,6.807227,8.970562
GACTAACACAGCACCT-1-19,20221010-4_14,mrd7,N4,7.084486,9.218946
GCGAAGAATCTGACGG-1-19,20221010-4_14,mrd7,N4,11.390273,8.909409
GTCGGATATCTCAGAC-1-19,20221010-4_14,mrd7,N4,5.9326873,9.814416
AGTCTTTAAAGTGTCC-1-19,20221010-4_14,mrd7,N4,11.442035,8.929235
AAACAAGTATCTCCCA-1-19,20221010-4_14,mrd7,N4,9.2488785,7.633083
AAAGTCACTGATGTAA-1-7,20221010-1_2,mrd7,N4,11.086598,7.59526
TCAACCATGTTCGGGC-1-19,20221010-4_14,mrd7,N4,7.313345,8.395234
ATAAGTAGGATTCAGA-1-19,20221010-4_14,mrd7,N4,11.704371,6.1541348
AGGCCTGAGAATCTCG-1-19,20221010-4_14,mrd7,N4,6.522506,8.406924
ACCAGTGCGGGAGACG-1-19,20221010-4_14,mrd7,N4,3.8465996,6.923888
CCGTTACGTTAGAACA-1-7,20221010-1_2,mrd7,N4,7.0109253,8.606151
ATGCACTACCGCATTG-1-19,20221010-4_14,mrd7,N4,7.087287,8.343496
TCTCGAACGAGGTCAC-1-19,20221010-4_14,mrd7,N4,5.6664853,9.108696
CACGGCGCGCCAAAGG-1-19,20221010-4_14,mrd7,N4,7.330466,9.170658
CCGACGTAAACACAAC-1-19,20221010-4_14,mrd7,N4,6.4314375,8.953336
AATAACAACGCTCGGC-1-19,20221010-4_14,mrd7,N4,6.8607717,6.303642
AGGTAGGTACAAAGCT-1-19,20221010-4_14,mrd7,N4,5.1004343,7.263216
AATTCGATTCGAGGAT-1-19,20221010-4_14,mrd7,N4,8.813629,3.4361246
ATCTGCTGTTATCGCC-1-19,20221010-4_14,mrd7,N4,9.724902,8.7703905
CTTAGTAGGCCTACAG-1-19,20221010-4_14,mrd7,N4,7.991576,6.8933682
TGCCCGTACCGTTAAA-1-7,20221010-1_2,mrd7,N4,4.958171,5.6900697
TGCTGTTGAAGAACTC-1-7,20221010-1_2,mrd7,N4,10.768338,6.230944
GTATCAAACGTTAGCT-1-19,20221010-4_14,mrd7,N4,9.321666,6.6647325
ATTCTGAGTATGAACT-1-19,20221010-4_14,mrd7,N4,10.032005,8.978831
GATCGCTACCCGATTT-1-19,20221010-4_14,mrd7,N4,6.6424346,6.2597833
GAAACTCTAATGAAGG-1-7,20221010-1_2,mrd7,N4,6.6295776,8.509172
ATATTCCCACAGGTCA-1-7,20221010-1_2,mrd7,N4,11.296876,7.5950465
CCATGCTCTGCAGGAA-1-7,20221010-1_2,mrd7,N4,7.4706626,8.148117
TTGGCCTAGAATTTCG-1-7,20221010-1_2,mrd7,N4,7.310024,6.9268575
TTGCACAATTCAGAAA-1-7,20221010-1_2,mrd7,N4,9.4289255,6.3007627
AGTCGTCGACCACCAA-1-19,20221010-4_14,mrd7,N4,11.659746,8.697806
TTAGACGAGTCACCTC-1-7,20221010-1_2,mrd7,N4,9.204092,6.5530424
TCTTAGAGTGAACTCT-1-19,20221010-4_14,mrd7,N4,4.4791365,8.186222
CATAGTACATTGAGAG-1-7,20221010-1_2,mrd7,N4,9.084651,8.544037
AGATGACTCGCCCACG-1-19,20221010-4_14,mrd7,N4,7.120719,8.311192
CAAACGGTCGCACTTT-1-19,20221010-4_14,mrd7,N4,7.96319,9.763695
TGAACACCCGAAGCAG-1-7,20221010-1_2,mrd7,N4,10.049649,6.7679095
ACTATTCGTCCGTGGT-1-19,20221010-4_14,mrd7,N4,5.6176085,7.128407
GTCAGAATAGTCTATG-1-19,20221010-4_14,mrd7,N4,7.1270328,8.209761
ATCGTTCACTTTCGCC-1-19,20221010-4_14,mrd7,N4,6.8449717,8.115013
TTGTATCACACAGAAT-1-7,20221010-1_2,mrd7,N4,9.156527,7.979247
AATGCACCAAGCAATG-1-19,20221010-4_14,mrd7,N4,9.995777,9.231742
TTAACGTCGCAAGACC-1-7,20221010-1_2,mrd7,N4,10.894957,7.8832445
TTCTAGAAAGTCTTAT-1-19,20221010-4_14,mrd7,N4,3.9594102,9.282438
CGGAGCAATTTAATCG-1-7,20221010-1_2,mrd7,N4,8.160555,5.7457576
ACGATGGATCCGATGC-1-19,20221010-4_14,mrd7,N4,8.517251,6.513539
AAACTCGGTTCGCAAT-1-19,20221010-4_14,mrd7,N4,4.646153,8.623636
AACTTGCCCGTATGCA-1-19,20221010-4_14,mrd7,N4,8.961802,7.7744265
TCATGCAGGTTCTCAT-1-19,20221010-4_14,mrd7,N4,6.260605,7.783656
ATGTGTAGTTTAGTCA-1-7,20221010-1_2,mrd7,N4,6.2159376,9.442926
TCTTCCCATGGGCACA-1-19,20221010-4_14,mrd7,N4,5.493384,6.9371996
CGTCAGTTTATCGTCT-1-7,20221010-1_2,mrd7,N4,7.8980045,7.038568
GGCTAAAGGGCGGGTC-1-19,20221010-4_14,mrd7,N4,11.083892,7.8058295
TCAAGGTTACTACACC-1-19,20221010-4_14,mrd7,N4,5.1408834,8.395695
AGTCAAGATGACACTT-1-7,20221010-1_2,mrd7,N4,9.967527,6.637663
CAGTCTGTATACTGGG-1-7,20221010-1_2,mrd7,N4,7.2611637,8.228471
TAGAAACCACTAAGTA-1-19,20221010-4_14,mrd7,N4,7.091956,8.314457
AGCGGGTCTGACACTC-1-19,20221010-4_14,mrd7,N4,11.32939,8.830091
CATCGAATGGATCTCT-1-7,20221010-1_2,mrd7,N4,10.544283,4.37361
CCTCTGGCCTAGACGG-1-7,20221010-1_2,mrd7,N4,10.260827,8.172174
AATTTGGTTCCAAAGA-1-7,20221010-1_2,mrd7,N4,11.231608,8.072413
AGTGATTCAAGCAGGA-1-19,20221010-4_14,mrd7,N4,3.6430354,6.869523
CTAGATTTACGACGGC-1-7,20221010-1_2,mrd7,N4,9.279505,7.1444054
TAGCCATTTCAAAGTC-1-7,20221010-1_2,mrd7,N4,3.3050117,7.7244377
CATACCCGTACCCAGT-1-19,20221010-4_14,mrd7,N4,5.290666,6.964218
CGCATGGTGCGATGCT-1-7,20221010-1_2,mrd7,N4,8.99036,8.009141
CCATACCTTTACTTGT-1-19,20221010-4_14,mrd7,N4,8.784788,5.907943
CATTTATCGTTCAAGA-1-7,20221010-1_2,mrd7,N4,9.229742,7.393341
CGGAGCATGGCGATCC-1-7,20221010-1_2,mrd7,N4,8.993282,6.267748
AAATTACACGACTCTG-1-7,20221010-1_2,mrd7,N4,5.0587225,9.463559
CATCTATCCCGTGTCT-1-19,20221010-4_14,mrd7,N4,9.506294,9.42298
TTGCCCTGATCACGGG-1-7,20221010-1_2,mrd7,N4,11.325385,5.533192
AGTGGCGGCAATTTGA-1-7,20221010-1_2,mrd7,N4,8.490996,8.271283
CGCATGCCGAATGCGT-1-19,20221010-4_14,mrd7,N4,9.023471,7.7688017
TTCGCATCCGGAAGCA-1-7,20221010-1_2,mrd7,N4,9.835125,6.6731606
ACGTATTACTCCGATC-1-19,20221010-4_14,mrd7,N4,4.523931,8.814463
CCAGTAGTCTGATCCA-1-7,20221010-1_2,mrd7,N4,10.097527,6.7399445
GATCCTCTTGCGCTTA-1-7,20221010-1_2,mrd7,N4,8.690651,9.090942
GACCCGTCGCCGGCTA-1-7,20221010-1_2,mrd7,N4,9.228478,7.810985
TGTTATTGTATGTGGC-1-7,20221010-1_2,mrd7,N4,5.5872965,6.878238
AAGTAGTGACGCGAGG-1-19,20221010-4_14,mrd7,N4,5.977767,6.250868
CATACGGCGTCTGGGC-1-7,20221010-1_2,mrd7,N4,8.55589,5.899163
CATGGGTCGGGTGTGG-1-19,20221010-4_14,mrd7,N4,9.506496,7.2499266
TCATGCAGGTTCTCAT-1-7,20221010-1_2,mrd7,N4,7.6594467,7.4493866
CGTTAGCTCACAACTG-1-7,20221010-1_2,mrd7,N4,6.5145564,10.162737
ACGCCGCTAGACGACC-1-7,20221010-1_2,mrd7,N4,9.290967,6.3335085
CAATCCCTATACCAGC-1-19,20221010-4_14,mrd7,N4,7.5312734,8.796982
CAAGATATTATAACGT-1-7,20221010-1_2,mrd7,N4,5.8249254,7.2755485
AACTCCTAATCCCATG-1-19,20221010-4_14,mrd7,N4,7.552379,9.329281
AGAGCTACGAAAGCAT-1-7,20221010-1_2,mrd7,N4,9.661309,6.7283955
GCTGGCATATTCACCT-1-19,20221010-4_14,mrd7,N4,4.6684914,9.725339
CCATCTCACCAGTGAA-1-19,20221010-4_14,mrd7,N4,4.4634414,7.964266
ATCTCCCTGCAATCTA-1-19,20221010-4_14,mrd7,N4,1.8961083,5.3161736
AATGATGATACGCTAT-1-7,20221010-1_2,mrd7,N4,3.5382814,10.635049
TGCCACCTGGCGAAAC-1-7,20221010-1_2,mrd7,N4,-0.057314273,7.1272745
GAGCGAGGGAGTACCG-1-19,20221010-4_14,mrd7,N4,4.6465077,7.4603972
ACAAGGACAAGAGGTT-1-19,20221010-4_14,mrd7,N4,7.331131,6.908951
ACTTGACTCCCTCTTT-1-7,20221010-1_2,mrd7,N4,8.499606,6.0777626
TAAGGGCCTGTCCGAT-1-19,20221010-4_14,mrd7,N4,9.292509,7.0994797
TCCTTTAAATCCGCTT-1-19,20221010-4_14,mrd7,N4,11.468487,8.359519
CAGCTTAGTAGGTAGC-1-19,20221010-4_14,mrd7,N4,6.3200097,9.482452
GGAAAGTGCCCATGCC-1-7,20221010-1_2,mrd7,N4,7.401262,9.058532
ACAATCCATTTAAACC-1-19,20221010-4_14,mrd7,N4,4.2106166,6.246799
CGCATCATGGCTTCAG-1-19,20221010-4_14,mrd7,N4,7.56379,8.998028
CGGGAGCTTCAGTGTA-1-19,20221010-4_14,mrd7,N4,11.220252,8.599931
TGCCATTACTAAAGAA-1-7,20221010-1_2,mrd7,N4,6.6394954,9.939674
AAGGAGAACTTATAAG-1-7,20221010-1_2,mrd7,N4,5.074473,10.445392
CTACGAACTAGGTCGA-1-19,20221010-4_14,mrd7,N4,6.0691857,9.355639
ATACGTCCACTCCTGT-1-19,20221010-4_14,mrd7,N4,3.8918014,8.40718
ACACACCAGGACCAGT-1-19,20221010-4_14,mrd7,N4,4.4702067,9.366948
ATCGGAGACAGACGGC-1-7,20221010-1_2,mrd7,N4,10.293034,6.372688
AGCTCTTCCCAGTGCA-1-7,20221010-1_2,mrd7,N4,6.4462934,9.364662
GGGCGGCAAATGAATT-1-7,20221010-1_2,mrd7,N4,11.481512,5.790073
GTATCTCCCTAACTGT-1-7,20221010-1_2,mrd7,N4,9.307048,8.007564
TGGCAACTCGCGCGCC-1-7,20221010-1_2,mrd7,N4,3.6173344,11.557216
TGCGGACTTGACTCCG-1-19,20221010-4_14,mrd7,N4,12.549652,6.308466
AACGTGATGAAGGACA-1-7,20221010-1_2,mrd7,N4,9.563898,8.327125
CGTCTGGAAGGGCCCG-1-7,20221010-1_2,mrd7,N4,6.093032,9.719707
TTCAACGACCCGACCG-1-7,20221010-1_2,mrd7,N4,5.8415556,6.836404
CACATTCTTTCGATGG-1-19,20221010-4_14,mrd7,N4,5.592591,7.0722747
GACGACTTTCCAAGAA-1-7,20221010-1_2,mrd7,N4,10.700957,4.10021
TAGACGCCCGTACCGG-1-19,20221010-4_14,mrd7,N4,7.977257,7.0243635
CGGTCCGTCGCAAGCC-1-19,20221010-4_14,mrd7,N4,7.3439417,8.08177
TCTTTCTCTTAAGGAG-1-19,20221010-4_14,mrd7,N4,5.0401278,7.2616997
CGGTATAGGTATTAGC-1-19,20221010-4_14,mrd7,N4,8.900886,9.310903
ATCTGTAATTGTACCC-1-19,20221010-4_14,mrd7,N4,4.679184,7.868969
TATGATCTTCTCTTTA-1-19,20221010-4_14,mrd7,N4,9.185303,8.554048
CGGCAGGGTCGGGTTG-1-7,20221010-1_2,mrd7,N4,8.5712,6.3246713
GATATTTCCTACATGG-1-19,20221010-4_14,mrd7,N4,7.3929663,9.862239
GCCCTGAGGATGGGCT-1-19,20221010-4_14,mrd7,N4,8.710735,9.210021
TCGCTAAACCGCTATC-1-19,20221010-4_14,mrd7,N4,11.249491,7.851742
CCTAGTTAGTCGCATG-1-7,20221010-1_2,mrd7,N4,7.7621503,7.864294
GCCGGGTTAGGGTCGC-1-7,20221010-1_2,mrd7,N4,9.673776,6.1786313
GTGATGCACAACATCT-1-19,20221010-4_14,mrd7,N4,4.71989,5.965698
TATCCATATCATGCGA-1-19,20221010-4_14,mrd7,N4,9.399892,7.2011714
AGTTACTCTATCGTGG-1-7,20221010-1_2,mrd7,N4,7.5199404,9.030128
CAATCCTGCCGTGGAG-1-7,20221010-1_2,mrd7,N4,10.196641,6.0486784
TCCTGCCAACTGGAGA-1-19,20221010-4_14,mrd7,N4,7.8073015,9.759868
ATGATCGGGAATAGAC-1-19,20221010-4_14,mrd7,N4,5.067803,9.666595
CAAACTATTGAGCTTC-1-7,20221010-1_2,mrd7,N4,8.737622,8.846435
CAATGGTCGGCCTGGG-1-7,20221010-1_2,mrd7,N4,6.551437,10.159938
TAACCTACCGTCCGAG-1-19,20221010-4_14,mrd7,N4,10.046924,5.962877
ATTACAACTACCGGCC-1-7,20221010-1_2,mrd7,N4,7.6076303,8.866867
AGTTTGGCACGGGTTG-1-19,20221010-4_14,mrd7,N4,4.2400026,8.119872
ATGGTGCTCAAAGCCA-1-7,20221010-1_2,mrd7,N4,5.8764534,9.220331
TCCTACATCCACGGCC-1-7,20221010-1_2,mrd7,N4,9.189184,6.5919323
TTCTTGTAACCTAATG-1-19,20221010-4_14,mrd7,N4,9.277068,6.588386
TCGAAATTTAGGACCA-1-19,20221010-4_14,mrd7,N4,7.105423,9.822185
TCTCCACAAGTTGAAT-1-19,20221010-4_14,mrd7,N4,9.368422,8.673235
CGTAGAGAGTAATTAT-1-19,20221010-4_14,mrd7,N4,9.5410185,9.522173
GCTGTTGCTACCGAAC-1-19,20221010-4_14,mrd7,N4,4.082871,8.476011
ATTAGATTGATAGCGG-1-7,20221010-1_2,mrd7,N4,8.980356,8.255203
AACCTTTACGACGTCT-1-7,20221010-1_2,mrd7,N4,6.989633,9.019836
ATAACGCCGGAGGGTC-1-19,20221010-4_14,mrd7,N4,4.663854,7.423584
ACGTACAGATTTCTCT-1-7,20221010-1_2,mrd7,N4,9.32824,7.2284946
ACGGCGACGATGGGAA-1-7,20221010-1_2,mrd7,N4,9.280519,6.878664
TCACAGGGAATCGCAA-1-7,20221010-1_2,mrd7,N4,9.727038,8.113298
CGAGACCCTAGAGTGT-1-7,20221010-1_2,mrd7,N4,7.865991,7.1684732
TATCCTGCATGGGAAT-1-19,20221010-4_14,mrd7,N4,6.0752597,5.6027927
ATTCTTCGTACTTATG-1-19,20221010-4_14,mrd7,N4,7.5721684,7.6830983
GACTACAATTGCTCGT-1-19,20221010-4_14,mrd7,N4,7.1458707,8.159838
ATTTAACTCGTATTAC-1-7,20221010-1_2,mrd7,N4,8.643049,5.6973763
CGGTACTAGAATCAAA-1-7,20221010-1_2,mrd7,N4,10.824599,4.7394953
CCAACGATGCACTGAT-1-19,20221010-4_14,mrd7,N4,5.3523283,9.06255
TAGTGCCCTCCAGAGT-1-19,20221010-4_14,mrd7,N4,9.364671,9.159028
TCTGGGAACCTTTGAA-1-19,20221010-4_14,mrd7,N4,4.0391116,8.274967
CGGCTTTGTATGATAA-1-7,20221010-1_2,mrd7,N4,9.959583,7.965473
CCGCGGGTACGAAGAA-1-19,20221010-4_14,mrd7,N4,5.839182,7.2087326
CGAATGACGCATAATG-1-19,20221010-4_14,mrd7,N4,8.187867,9.367982
TATGGCCCGGCCTCGC-1-19,20221010-4_14,mrd7,N4,9.17734,7.011427
CGCCCAGCGTTTCACG-1-19,20221010-4_14,mrd7,N4,8.92236,8.437853
TTAAGCCGACAACTTC-1-7,20221010-1_2,mrd7,N4,9.35892,6.9988155
GCGTGTATGTCGTATT-1-7,20221010-1_2,mrd7,N4,8.738828,9.207033
ACAATTTGAGCAGTGG-1-19,20221010-4_14,mrd7,N4,4.435475,7.8468094
TCCGCTGTCATCCCGG-1-7,20221010-1_2,mrd7,N4,10.835895,6.764251
CACAGGGCCATATAGT-1-19,20221010-4_14,mrd7,N4,9.408223,7.232703
AACTGGGTCCCGACGT-1-7,20221010-1_2,mrd7,N4,8.442946,5.7711196
AAATAACCATACGGGA-1-7,20221010-1_2,mrd7,N4,7.7854447,9.192247
AACACACGCTCGCCGC-1-19,20221010-4_14,mrd7,N4,5.0137587,8.140457
GCGGTGAACTGCGCTC-1-7,20221010-1_2,mrd7,N4,4.697274,10.577119
ACGTACAGATTTCTCT-1-19,20221010-4_14,mrd7,N4,7.921598,5.6656227
GAAGTCTCCCTAGCGA-1-19,20221010-4_14,mrd7,N4,7.329089,8.231002
AACCCTACTGTCAATA-1-19,20221010-4_14,mrd7,N4,4.439663,8.496093
TTATTTCATCCCAAAC-1-7,20221010-1_2,mrd7,N4,10.293562,4.8369675
GACGACGATCCGCGTT-1-7,20221010-1_2,mrd7,N4,9.238593,6.2696457
CGGTCTATCAACCCGT-1-7,20221010-1_2,mrd7,N4,8.961025,8.182345
TTGAAAGGTGTAAAGG-1-19,20221010-4_14,mrd7,N4,7.0723476,8.081416
TCGGAATGCGCTCTGA-1-19,20221010-4_14,mrd7,N4,8.806767,8.020405
TATCTACCACAGCGGG-1-7,20221010-1_2,mrd7,N4,9.069879,5.782853
ATGGCTGGAAATGGCC-1-19,20221010-4_14,mrd7,N4,5.7217546,9.094594
AACATTGGTCAGCCGT-1-7,20221010-1_2,mrd7,N4,9.522435,5.9990444
GCCTATAGTGTCAGGG-1-7,20221010-1_2,mrd7,N4,7.777785,8.165153
AATAGAATCTGTTTCA-1-7,20221010-1_2,mrd7,N4,6.7372737,5.924799
TGAGAGATTTACCACG-1-7,20221010-1_2,mrd7,N4,7.9800544,5.897124
GACCGTCAGGTCGTGA-1-7,20221010-1_2,mrd7,N4,8.949928,8.7293215
CTAGACTGCATTTCGT-1-19,20221010-4_14,mrd7,N4,7.7872148,8.824146
TAAGGCTGAATCCCTC-1-19,20221010-4_14,mrd7,N4,4.2490597,8.240792
TTCGTACTCCAGAACG-1-19,20221010-4_14,mrd7,N4,9.025186,7.667439
ATGCCGGTTGATGGGA-1-19,20221010-4_14,mrd7,N4,9.565931,7.08218
TCGCAAAGATGCATTT-1-7,20221010-1_2,mrd7,N4,9.521184,6.1635084
AACTCCAGAGCGTGTT-1-19,20221010-4_14,mrd7,N4,6.650535,8.802929
GTATCCTTTGGTAACC-1-19,20221010-4_14,mrd7,N4,11.038722,7.569039
ATCTAGCTTGTGAGGG-1-19,20221010-4_14,mrd7,N4,11.460173,8.911164
CTGGCGACATAAGTCC-1-7,20221010-1_2,mrd7,N4,8.297054,7.0385604
GATGTGTTGTCACAAG-1-7,20221010-1_2,mrd7,N4,8.953111,7.208364
ATTACGCGCTGGCAGG-1-7,20221010-1_2,mrd7,N4,11.331997,5.0623684
AGTCCATTGGCTGATG-1-19,20221010-4_14,mrd7,N4,5.7045393,8.718268
ACAGCGCACCCGCAGC-1-19,20221010-4_14,mrd7,N4,4.5354657,7.900026
TGATTCGTCTATCACT-1-19,20221010-4_14,mrd7,N4,6.484094,10.1989155
GTATAGGACTCAGTAG-1-7,20221010-1_2,mrd7,N4,7.0185585,6.536061
CGTGCTGGCCTAGTCG-1-7,20221010-1_2,mrd7,N4,7.346141,7.964035
GGATGTCCTTACCGCA-1-19,20221010-4_14,mrd7,N4,4.0636277,8.208439
AAGCGCAGGGCTTTGA-1-19,20221010-4_14,mrd7,N4,4.4230766,8.79284
AGGGAAACGAGGTACT-1-19,20221010-4_14,mrd7,N4,11.283303,7.048033
CCCTAGTGTCAGGTGT-1-7,20221010-1_2,mrd7,N4,5.919578,8.840494
ATACCAGCAAATTGCT-1-7,20221010-1_2,mrd7,N4,7.485018,7.992239
ATCCAATGGAGGGTCC-1-10,20221010-2_5,primary,N4,-1.1756514,7.888236
CGAACGCCCAGTGCCG-1-17,20221010-3_9,primary,N4,-1.5341645,6.4517913
ACAATTGTGTCTCTTT-1-10,20221010-2_5,primary,N4,-0.6521146,9.938787
CGTCAAGGCTATAAAT-1-6,20221010-1_1,primary,N4,-1.3551263,5.3952675
TCTGTGCCATCATAGT-1-10,20221010-2_5,primary,N4,-1.8769581,2.952963
TTCGCTATCTGACGTG-1-6,20221010-1_1,primary,N4,-0.58666176,3.0496922
GGGTCACCGTGACGGT-1-6,20221010-1_1,primary,N4,-1.4832876,7.450124
TGTGTGACCATGAATC-1-18,20221010-4_13,primary,N4,-1.4338359,5.36075
TCAACCATGTTCGGGC-1-18,20221010-4_13,primary,N4,0.6580452,9.143137
ATTATACTTTGCTCGT-1-10,20221010-2_5,primary,N4,-1.8112149,2.7759593
ATCTCCCACGGAATAT-1-22,20230607-1_1,primary,N4,1.8534509,4.899507
ACGTTATTGGTCACTC-1-6,20221010-1_1,primary,N4,-1.1177727,7.4715476
CCTTCTCAGCGTTCCT-1-17,20221010-3_9,primary,N4,-1.0765545,8.336971
CTCCGGCTTGTAGACA-1-18,20221010-4_13,primary,N4,2.3912501,10.000147
CCGATCTCAACCTTAT-1-22,20230607-1_1,primary,N4,2.010151,6.762794
GAACCCTCTGTGTTCT-1-10,20221010-2_5,primary,N4,-1.5088439,7.7297893
TAAGGCTGAATCCCTC-1-10,20221010-2_5,primary,N4,-1.9676318,6.5225244
CAAGGATCGCATGTTC-1-18,20221010-4_13,primary,N4,8.994154,2.8951705
ACGCATACGTTTACTA-1-10,20221010-2_5,primary,N4,0.29588488,11.122387
AAACATTTCCCGGATT-1-10,20221010-2_5,primary,N4,-1.3257257,7.255107
TATATGCTGGGTTGCC-1-18,20221010-4_13,primary,N4,2.3643668,10.477469
GAGTCCGCTTACCGGA-1-18,20221010-4_13,primary,N4,8.517601,2.4129689
GATCCTAAATCGGGAC-1-18,20221010-4_13,primary,N4,-1.2799338,2.8084593
CACCTAATCAGTTTAC-1-18,20221010-4_13,primary,N4,-1.1694295,4.0099874
TCTGGGTAGCGCTCAT-1-10,20221010-2_5,primary,N4,-2.1684384,5.5597167
TGAACACCCGAAGCAG-1-6,20221010-1_1,primary,N4,1.5767422,10.403685
GACAGGCACACACTAT-1-18,20221010-4_13,primary,N4,-1.5927176,3.5911362
CCTCATGCAGCTACGA-1-6,20221010-1_1,primary,N4,-0.429592,6.2668805
ATTGCTGCTCCTCCAT-1-10,20221010-2_5,primary,N4,-0.51416606,6.2350883
GCTATCGCGGCGCAAC-1-18,20221010-4_13,primary,N4,2.3781207,8.308975
TGTATCAGACTGAAGC-1-17,20221010-3_9,primary,N4,-1.5701174,9.287501
AGGTGTATCGCCATGA-1-10,20221010-2_5,primary,N4,-0.9775257,6.3282905
GTAGTCGCGGGAATCA-1-17,20221010-3_9,primary,N4,7.9930573,2.5847106
TGACGAATATTTCCCT-1-10,20221010-2_5,primary,N4,-1.0269599,8.850509
CGAGAGCTTTCACTAC-1-6,20221010-1_1,primary,N4,-1.2161509,6.6046023
GTGGGAAGACTGAATC-1-17,20221010-3_9,primary,N4,-0.756971,5.8641067
GGTTAGGCTTGGAGAA-1-17,20221010-3_9,primary,N4,-1.3732618,5.499042
CGTGCCCGACATTTGT-1-6,20221010-1_1,primary,N4,-1.6872528,5.6173816
CACTTCGTCTTATCTC-1-6,20221010-1_1,primary,N4,-1.1870053,8.130942
ATTGTCGCAATACCTT-1-6,20221010-1_1,primary,N4,0.024646956,4.0604205
AGCATCGTCGATAATT-1-17,20221010-3_9,primary,N4,-1.4566709,9.730414
CACCGCCAGAAGGTTT-1-22,20230607-1_1,primary,N4,7.0861573,9.663665
GACAAACATATGCAGG-1-6,20221010-1_1,primary,N4,-1.1466478,8.229929
CATGGTCTAGATACCG-1-22,20230607-1_1,primary,N4,8.453153,9.233725
CTCGGGTTCTCTGGCC-1-22,20230607-1_1,primary,N4,1.0515375,4.010892
GTCAGTTTGGTAGTCG-1-6,20221010-1_1,primary,N4,-1.6297637,8.059112
ACCAAACTAGAAATCC-1-18,20221010-4_13,primary,N4,4.784624,10.054983
CCCTGCCCAATCCGCT-1-6,20221010-1_1,primary,N4,-1.0831666,8.217852
GGCAATAGTCAATGAG-1-10,20221010-2_5,primary,N4,-2.1494,4.521238
GGAACCCGAACAAGAA-1-10,20221010-2_5,primary,N4,-0.965653,7.528495
ATACTTGTTCTCGAGC-1-10,20221010-2_5,primary,N4,-1.6959375,5.080631
GAAATCTGACCAAGTT-1-10,20221010-2_5,primary,N4,-0.31858322,8.7414465
CCCTTTGACAGGTCTT-1-18,20221010-4_13,primary,N4,8.785449,2.771929
TTGACAGGAGCTCCCG-1-10,20221010-2_5,primary,N4,-2.9704633,5.056478
CGGGATCAATGTAAGA-1-17,20221010-3_9,primary,N4,-0.88662153,9.475566
CCTTTAAGGGAGCACT-1-10,20221010-2_5,primary,N4,-0.74080074,9.704731
ATTGCCTTTATGTTTG-1-10,20221010-2_5,primary,N4,-1.5773085,7.2632575
TACGAGAACTTCACGT-1-18,20221010-4_13,primary,N4,0.010790196,5.5442047
TTGTTTCCATACAACT-1-17,20221010-3_9,primary,N4,-0.9628951,7.296216
AAGCTCGTGCCAAGTC-1-6,20221010-1_1,primary,N4,-2.2582572,4.738369
TTGTGTATGCCACCAA-1-10,20221010-2_5,primary,N4,-0.96843785,8.731408
CGCGAAGTGGCATACT-1-22,20230607-1_1,primary,N4,-0.06602204,2.628103
GGAAACCTTGTTGAAT-1-17,20221010-3_9,primary,N4,-2.3794968,4.6731687
GACCGACCGCTAATAT-1-6,20221010-1_1,primary,N4,-0.7407854,8.498587
TGCGCAAAGCATTTGG-1-10,20221010-2_5,primary,N4,-1.2797947,8.932428
TCTAGCAATCTCCGCC-1-6,20221010-1_1,primary,N4,-0.5034916,8.229352
TAAAGCGTTAGGAGAA-1-22,20230607-1_1,primary,N4,4.4031267,8.564115
TGGCTCTTGTCGCGTA-1-17,20221010-3_9,primary,N4,-1.3289224,9.190481
TCTTTCCTTCGAGATA-1-22,20230607-1_1,primary,N4,6.846429,10.019831
CAGTTCCGCGGGTCGA-1-6,20221010-1_1,primary,N4,-2.068516,8.328157
TAGGTGCTCGCCTAGC-1-17,20221010-3_9,primary,N4,-0.75138754,4.92119
TTCAACGACCCGACCG-1-17,20221010-3_9,primary,N4,-1.3585881,10.527798
ACGATACATAGAACTA-1-6,20221010-1_1,primary,N4,-1.623229,3.0456092
TGCGGAGTAAAGGTGC-1-17,20221010-3_9,primary,N4,-1.5228988,6.6205754
CAGTGTCCGCAGAATG-1-17,20221010-3_9,primary,N4,-1.35303,10.468918
ATATGTCTCCCTAGCC-1-6,20221010-1_1,primary,N4,8.133311,2.5710523
ACACCGAGCGCTCTTT-1-6,20221010-1_1,primary,N4,-0.7339219,6.8544292
AGTATTTGGCACGACC-1-18,20221010-4_13,primary,N4,8.561397,2.3779223
GTATTAAGGCGTCTAA-1-18,20221010-4_13,primary,N4,3.104735,10.543844
TTGAATATGGACTTTC-1-6,20221010-1_1,primary,N4,-1.4910136,2.8485575
AAAGTTGACTCCCGTA-1-6,20221010-1_1,primary,N4,-0.5931716,2.1057308
TTACAGACCTAAATGA-1-17,20221010-3_9,primary,N4,-2.217971,4.8573904
TTCCATCGACAGCGTG-1-22,20230607-1_1,primary,N4,1.8245928,4.8380256
TTAAACCTGGTTCCTT-1-6,20221010-1_1,primary,N4,-0.574448,6.5476427
TCACTCTTCGTCTGTC-1-10,20221010-2_5,primary,N4,-0.46272987,6.1352873
CCGCACGTGACCTCGG-1-18,20221010-4_13,primary,N4,-1.5724233,4.0336742
AGTTACTCTATCGTGG-1-18,20221010-4_13,primary,N4,2.2221694,8.045916
ACAATTTAGGAGGCTC-1-18,20221010-4_13,primary,N4,1.2641699,9.142407
CACGTCAATCAATGGA-1-22,20230607-1_1,primary,N4,0.21420872,2.3173044
GTGGAACCTACATGCG-1-10,20221010-2_5,primary,N4,-2.2256227,4.955423
TCACAGGTTATTGGGC-1-22,20230607-1_1,primary,N4,2.1796517,7.6333895
TATGAAGACAGGTGCG-1-17,20221010-3_9,primary,N4,-0.921047,9.552269
TCACATCTTATCTGAT-1-6,20221010-1_1,primary,N4,-0.5359485,7.529411
ATTATGCCATAGGGAG-1-17,20221010-3_9,primary,N4,-1.0761312,9.856494
TCGTCACACTGTTAGC-1-6,20221010-1_1,primary,N4,-0.8630289,7.575668
TGAGCGGAAAGTGTTC-1-10,20221010-2_5,primary,N4,-2.1254928,7.0208864
TGCCTAATTGAAGATT-1-10,20221010-2_5,primary,N4,-1.1793435,9.20627
TTCTTGTAACCTAATG-1-18,20221010-4_13,primary,N4,2.3340547,10.659609
AGCTCTAGACGTTCCA-1-6,20221010-1_1,primary,N4,-2.5128822,4.9196405
GCAAATATTACGCTTT-1-10,20221010-2_5,primary,N4,-1.433787,7.7602277
CCCGACCATAGTCCGC-1-10,20221010-2_5,primary,N4,-1.1702294,5.2416735
ATAGAGTTATCAACTT-1-18,20221010-4_13,primary,N4,-0.99672294,2.8590956
AATAACAACGCTCGGC-1-17,20221010-3_9,primary,N4,-1.5670888,8.908729
CACAGCACCCACGGCA-1-22,20230607-1_1,primary,N4,3.3231776,8.219219
CACCGTTGCGCGATAT-1-6,20221010-1_1,primary,N4,-1.1588467,8.683113
CACCTTGCGAAACTCG-1-10,20221010-2_5,primary,N4,-0.6651722,1.6396731
CACGACGTAATAGTAA-1-6,20221010-1_1,primary,N4,8.420382,2.3682175
CATACCCGTACCCAGT-1-10,20221010-2_5,primary,N4,-0.4373183,6.5159416
CGAGCGTTGATCAGCC-1-17,20221010-3_9,primary,N4,0.24243931,8.15795
AGCAACCGAAAGTAAT-1-17,20221010-3_9,primary,N4,-1.9212332,4.86374
GGGCTATGATCGATGG-1-18,20221010-4_13,primary,N4,-0.28369805,2.5804021
GGTAGTGCTCGCACCA-1-18,20221010-4_13,primary,N4,0.18742323,2.3995378
GTAGAGGGAGACAAGT-1-17,20221010-3_9,primary,N4,-1.5233028,5.4597845
TATGTCTCATTGTGCC-1-10,20221010-2_5,primary,N4,-2.0688174,3.1535904
GAAGCTTGCTGACCGC-1-17,20221010-3_9,primary,N4,-0.533451,6.245109
TCGTATTACCCATTGC-1-18,20221010-4_13,primary,N4,-0.6692339,2.8673582
CTGGGTAGGCAGTTAA-1-10,20221010-2_5,primary,N4,-2.3678608,7.2118106
AACGTCAGACTAGTGG-1-10,20221010-2_5,primary,N4,-1.1281588,3.5984287
ATCTTGACCTGCAACG-1-17,20221010-3_9,primary,N4,-1.422384,8.678248
TCTGAACTCGTACCCG-1-6,20221010-1_1,primary,N4,-1.0184197,6.912541
TAGTACCTTAGTGGTC-1-18,20221010-4_13,primary,N4,0.711311,9.665234
CGACAATTTGATCTAA-1-6,20221010-1_1,primary,N4,-0.52052337,2.329294
CCTGTCACCCGGGCTC-1-17,20221010-3_9,primary,N4,0.17380351,7.4728355
CCGACAAACACATGAG-1-6,20221010-1_1,primary,N4,-1.0938945,7.849576
CAAGCAACGTCGGAGT-1-6,20221010-1_1,primary,N4,0.7051265,6.922362
TTACTCCGGCCGGGAA-1-18,20221010-4_13,primary,N4,8.638312,2.392353
ATATCAATTCCAGCCT-1-18,20221010-4_13,primary,N4,-0.19136097,5.6160975
CGGGATCAATGTAAGA-1-22,20230607-1_1,primary,N4,9.185318,8.097969
CGCGGTACGGTATACA-1-22,20230607-1_1,primary,N4,8.759135,2.999071
CGCTAGAGACCGCTGC-1-22,20230607-1_1,primary,N4,4.350086,7.7787347
CGAGAGCTTTCACTAC-1-10,20221010-2_5,primary,N4,-1.20273,7.666781
AAGGCTGTGCTCATCG-1-18,20221010-4_13,primary,N4,-0.30378023,6.608695
AAACGAGACGGTTGAT-1-6,20221010-1_1,primary,N4,-0.94049996,2.5711532
CAACTCCTTGATCCCG-1-17,20221010-3_9,primary,N4,-1.1805289,9.985153
AGGCTTGCTAGACACC-1-10,20221010-2_5,primary,N4,-0.8589954,9.787791
ACCACAACTCAGAACA-1-18,20221010-4_13,primary,N4,1.8116634,11.068368
GCAGTGCGGGCGGATG-1-22,20230607-1_1,primary,N4,5.018816,8.224851
GAATGTTGGGTAATCT-1-17,20221010-3_9,primary,N4,-1.4249095,5.809772
GCGTCGAAATGTCGGT-1-18,20221010-4_13,primary,N4,0.82202774,9.151862
AGATCTCAGGTGTGAT-1-17,20221010-3_9,primary,N4,-0.541177,5.973332
TAGACTACCTAGCGTT-1-22,20230607-1_1,primary,N4,4.3975067,7.682363
TTGAATTCACGTGAGG-1-22,20230607-1_1,primary,N4,2.0101974,7.061882
GTGGCGGGCCGTAGCT-1-18,20221010-4_13,primary,N4,3.008,10.526217
TCATACTTACAGATCC-1-18,20221010-4_13,primary,N4,2.7260706,8.973871
TAAGCAGGCGACACGC-1-6,20221010-1_1,primary,N4,4.4502506,8.716338
CGTTGAGCGACCGTCG-1-10,20221010-2_5,primary,N4,-2.1204193,6.32813
GGATACTCATGAATTG-1-18,20221010-4_13,primary,N4,2.0462828,11.689646
CGCGGCAGTATTACGG-1-22,20230607-1_1,primary,N4,2.8952086,6.293184
TGATTTCCTCCTGACG-1-18,20221010-4_13,primary,N4,4.075128,11.497933
TGCAGTTTCCTCCCAT-1-22,20230607-1_1,primary,N4,1.4407591,6.728069
TTGTGAGGCATGACGC-1-17,20221010-3_9,primary,N4,-1.378938,10.494545
TCTGCATACCTTGCTT-1-10,20221010-2_5,primary,N4,2.0437355,9.567284
GTGAGCGTGCTGCACT-1-6,20221010-1_1,primary,N4,-0.5354852,7.252973
ACGTTCTGTACAAGTC-1-22,20230607-1_1,primary,N4,-0.105512865,2.4723642
GTCCTACAGGCGGCTC-1-10,20221010-2_5,primary,N4,-1.2244626,8.993274
CGCGTGCTATCAACGA-1-6,20221010-1_1,primary,N4,0.93494475,11.087773
CTTACACGGTATTCCA-1-17,20221010-3_9,primary,N4,-1.4858558,3.628579
ATCACATTAGAATATC-1-6,20221010-1_1,primary,N4,-1.6012506,3.0641143
CTCTTCTATTGACTGG-1-6,20221010-1_1,primary,N4,-0.7623622,6.203927
CTGCTGAGGCCACGAA-1-10,20221010-2_5,primary,N4,-0.18565342,7.6963487
ACATTAGTTTATATCC-1-6,20221010-1_1,primary,N4,-0.9607194,8.961924
CAGGATATATCGTTGT-1-6,20221010-1_1,primary,N4,-2.5709186,4.754111
ATACCACGGGCAACTT-1-17,20221010-3_9,primary,N4,2.0616634,6.4882298
AGTACCTTCGAGTGCT-1-6,20221010-1_1,primary,N4,-0.6472853,5.190321
GTACAGAGGCAAGGGT-1-22,20230607-1_1,primary,N4,3.3789434,7.4246354
TCTAACTGTATGTAAA-1-6,20221010-1_1,primary,N4,-1.2263662,5.4629354
CATGCCAACTCGCAAA-1-10,20221010-2_5,primary,N4,-0.8641474,8.560338
CCTGTACTCACGCCCA-1-10,20221010-2_5,primary,N4,-0.94097793,8.446885
CCTTTCAATGAAGAAA-1-17,20221010-3_9,primary,N4,-1.7014906,3.3449292
CATGGGTATGCCTTAT-1-10,20221010-2_5,primary,N4,-1.7347884,7.9206347
CTCATGGTAATTTGCG-1-17,20221010-3_9,primary,N4,-1.3091712,6.608043
GAGGCCTGTTGATACA-1-22,20230607-1_1,primary,N4,1.2909967,4.545968
TGCATGGATCGGATCT-1-17,20221010-3_9,primary,N4,-0.6206314,10.808264
CCGTAGGGTTGTTTAC-1-22,20230607-1_1,primary,N4,1.2921557,4.503678
TCAACATCGACCGAGA-1-6,20221010-1_1,primary,N4,-0.4129232,8.076638
TATAGGGTACTCATGA-1-10,20221010-2_5,primary,N4,-0.81101626,6.294182
TCCAGGCGAGTACGGT-1-17,20221010-3_9,primary,N4,-0.87748677,3.781971
CATGTAGGAGCGCCAA-1-17,20221010-3_9,primary,N4,-1.9903666,4.9456706
GTGCGTGTATATGAGC-1-22,20230607-1_1,primary,N4,3.0553062,7.7657366
CTAGATGTGAGTGTAA-1-10,20221010-2_5,primary,N4,-1.1455611,5.848963
AAGCATACTCTCCTGA-1-10,20221010-2_5,primary,N4,-2.6445122,4.8728895
CGCCAAGAAGCCGAGT-1-10,20221010-2_5,primary,N4,4.796212,8.725007
ATTTGCGCGAGTAGCT-1-6,20221010-1_1,primary,N4,-1.5791866,9.508342
CCCTGCCCAATCCGCT-1-10,20221010-2_5,primary,N4,4.39544,9.278372
TAACGCTTTGAGAGCG-1-18,20221010-4_13,primary,N4,0.9175444,7.6227565
CCGCCACCACAATCCA-1-6,20221010-1_1,primary,N4,-0.6554995,2.8140204
TTAAACCGGTAGCGAC-1-17,20221010-3_9,primary,N4,-1.0388076,10.747369
CTCCTCCAGCTCACAC-1-18,20221010-4_13,primary,N4,9.357551,2.63727
TTATAGGTAATTGTCT-1-10,20221010-2_5,primary,N4,-1.3142258,8.212575
TGAGCTCAACTGTATA-1-22,20230607-1_1,primary,N4,5.2607193,7.998238
TAGTCCGTATGCATAA-1-6,20221010-1_1,primary,N4,-1.6396561,7.0270886
TCACCCTCTTAAGATT-1-18,20221010-4_13,primary,N4,-0.7285077,4.011727
CTCGTTTCTAATGTTT-1-17,20221010-3_9,primary,N4,8.630837,2.7360594
CAGTAGCCCACGCGGT-1-18,20221010-4_13,primary,N4,-0.6146278,3.2188153
CGCCGCCCATGCCTGT-1-10,20221010-2_5,primary,N4,-2.7155185,4.253408
ACAATAGTCGTACGTT-1-10,20221010-2_5,primary,N4,-1.2430212,7.270594
GATCATTCCAAACATT-1-18,20221010-4_13,primary,N4,0.08247659,5.7602468
TCCACAATGGTTTACG-1-17,20221010-3_9,primary,N4,0.28216106,8.606043
GCCGATTGGCCAAGCT-1-18,20221010-4_13,primary,N4,8.137901,2.6313345
TGTCCACGGCTCAACT-1-22,20230607-1_1,primary,N4,0.1375926,2.321048
CTAATTCGCACGCGCT-1-6,20221010-1_1,primary,N4,-1.5147817,4.7801776
CAGCTCACTGAGACAT-1-17,20221010-3_9,primary,N4,-0.009636319,5.5365252
CTGGCTGATTCATCCT-1-10,20221010-2_5,primary,N4,-2.4443047,4.246642
CCCGGTGGAAGAACCT-1-17,20221010-3_9,primary,N4,-0.56601495,9.768507
GTCCCAATCATCCCGC-1-18,20221010-4_13,primary,N4,0.20091377,7.6559496
CTGCCTTTCTAGTAAA-1-22,20230607-1_1,primary,N4,1.1973934,4.460311
TACTCGGCACGCCGGG-1-10,20221010-2_5,primary,N4,-1.2769363,6.4595933
TACGCTATAGAAACCT-1-22,20230607-1_1,primary,N4,4.8190627,8.673704
CCCGCAGGGCCCAAAG-1-17,20221010-3_9,primary,N4,-1.1269461,6.468623
AGCACTTAAGGACGCC-1-17,20221010-3_9,primary,N4,-0.17368507,8.54328
TTCATAGGGTGTCCAT-1-10,20221010-2_5,primary,N4,-0.8446239,8.651472
TCGGAGAGTATCGGGA-1-17,20221010-3_9,primary,N4,-1.2306817,8.904617
CGCGCATGTTTGATTG-1-18,20221010-4_13,primary,N4,-1.0555525,6.999927
CCCTGAAATGAGTTGA-1-17,20221010-3_9,primary,N4,-0.5798783,1.9144665
CGTAGCGCCGACGTTG-1-17,20221010-3_9,primary,N4,-1.356533,9.905679
GATGCCAGCAGAAGGC-1-18,20221010-4_13,primary,N4,-0.25957993,7.870316
GACACAAGGGAAGAAA-1-6,20221010-1_1,primary,N4,-2.3257914,5.233579
TACGCTCGGTATTGGA-1-22,20230607-1_1,primary,N4,4.856899,6.5233464
AACCGAGCTTGGTCAT-1-17,20221010-3_9,primary,N4,-0.68105036,6.8762155
ATCAAACGAAGGTTTG-1-10,20221010-2_5,primary,N4,-0.6064793,7.3021894
AGAGCCGCCGAGATTT-1-22,20230607-1_1,primary,N4,6.035547,6.658643
CGAGTACTAAAGAGGA-1-10,20221010-2_5,primary,N4,-0.95063657,8.369702
ATGGCAGCCGAGAAAC-1-18,20221010-4_13,primary,N4,-0.45761856,7.623766
TGATCAGGGAACTGCT-1-10,20221010-2_5,primary,N4,-1.2530181,8.04827
GTCCTTCTACAACCCA-1-18,20221010-4_13,primary,N4,2.2425952,11.11059
TCTGCCAGAAACTGCA-1-6,20221010-1_1,primary,N4,-1.7155907,4.8652945
GACTCACCCACGTGAG-1-22,20230607-1_1,primary,N4,4.911052,8.282564
CGGCTGCAAGATTAAG-1-18,20221010-4_13,primary,N4,4.434725,10.727729
TTGCATGCTGATCACG-1-10,20221010-2_5,primary,N4,-1.3252301,7.84776
AAATGGTCAATGTGCC-1-18,20221010-4_13,primary,N4,0.10398411,5.9011116
GACGTGTAGGGATTAT-1-10,20221010-2_5,primary,N4,-2.2594774,7.32815
GTTTCAAACGAGTTGT-1-22,20230607-1_1,primary,N4,1.791347,4.8992205
TTGCGCTCTCTCGCTT-1-10,20221010-2_5,primary,N4,2.637291,9.803941
CATAGTCCACAAGAAC-1-6,20221010-1_1,primary,N4,-1.1843811,7.833758
ACCTAATCGACTTCCT-1-6,20221010-1_1,primary,N4,-0.73087066,6.343459
CAGCTTAGTAGGTAGC-1-10,20221010-2_5,primary,N4,-1.6068054,4.3336024
CGGTGTACTTGATCCC-1-18,20221010-4_13,primary,N4,3.286175,9.74189
ATAAATATTAGCAGCT-1-6,20221010-1_1,primary,N4,-2.1320572,5.4020643
AGCGCGGGTGCCAATG-1-18,20221010-4_13,primary,N4,-2.1949763,5.1090164
AGAATTGTTTGACATA-1-18,20221010-4_13,primary,N4,3.9051204,9.831825
CCCAACATACGTCGCG-1-10,20221010-2_5,primary,N4,-0.97567654,7.79369
GTACGTCACGTATTAA-1-6,20221010-1_1,primary,N4,8.623248,2.7995088
GTCGTCAATTATAAGG-1-17,20221010-3_9,primary,N4,-1.2029791,10.080878
GTTAACATCACTTAAA-1-6,20221010-1_1,primary,N4,-1.1233591,7.7846437
CAAGCAACGTCGGAGT-1-17,20221010-3_9,primary,N4,-1.1373701,6.801805
CACATTCTTTCGATGG-1-6,20221010-1_1,primary,N4,-1.6855613,3.0373223
GAGTCAGACCAGAATC-1-6,20221010-1_1,primary,N4,-1.3501731,8.4079075
GATCCCTTTATACTGC-1-22,20230607-1_1,primary,N4,6.8491783,9.251838
GTCCGGCTGAATTGCG-1-17,20221010-3_9,primary,N4,0.055515155,7.5784607
TTAGCTAATACGATCT-1-18,20221010-4_13,primary,N4,1.0295272,9.198923
GCACAACCTCGGGCGT-1-18,20221010-4_13,primary,N4,-1.5878493,4.251359
CTAACTGATAATCGCC-1-10,20221010-2_5,primary,N4,-1.0360017,8.422336
CACGCAGCGAGGCTTT-1-18,20221010-4_13,primary,N4,-0.5628014,5.8493133
AGCTTGATCTTAACTT-1-10,20221010-2_5,primary,N4,-1.3042629,8.375054
TGTAATGACCACAATA-1-10,20221010-2_5,primary,N4,-1.3977145,7.047952
CACTCCTATGTAAGAT-1-10,20221010-2_5,primary,N4,-1.5073596,8.429061
TGCAAACCCACATCAA-1-6,20221010-1_1,primary,N4,3.9097335,9.209075
TTCAGGCGTCAAAGCC-1-6,20221010-1_1,primary,N4,-1.2854074,6.6830254
GCCCACCAAGGCTGTC-1-18,20221010-4_13,primary,N4,2.6509736,10.705396
ATCTCCCACGGAATAT-1-10,20221010-2_5,primary,N4,0.9819637,5.383748
GCTCTAAACCCTGACG-1-17,20221010-3_9,primary,N4,-1.3780268,8.996595
CTGGTAAAGTGTGGGC-1-22,20230607-1_1,primary,N4,5.462729,7.3077116
AAAGTCGACCCTCAGT-1-10,20221010-2_5,primary,N4,-1.0530077,7.9075465
GCGCTGCTTTGCATTT-1-17,20221010-3_9,primary,N4,-0.9970588,6.96042
CCTACATTCACAGACG-1-17,20221010-3_9,primary,N4,-1.0853772,4.6458497
CAGCAGTCCAGACTAT-1-6,20221010-1_1,primary,N4,-1.596038,6.9698524
CCTACATTCACAGACG-1-6,20221010-1_1,primary,N4,-0.25474706,9.375637
ACTCTCTGACTTAGGT-1-6,20221010-1_1,primary,N4,-2.1766224,5.5660973
AATTGAACGCTCTGGT-1-10,20221010-2_5,primary,N4,-2.619887,4.807771
TCCTCCTAAGACATTC-1-6,20221010-1_1,primary,N4,-0.65097564,8.239347
CTTGGCCAAGCTGGGA-1-10,20221010-2_5,primary,N4,-1.5207745,9.045666
GGTTTGTGACCTGAGG-1-22,20230607-1_1,primary,N4,1.640211,4.7660103
TCACAGCAAACTCGAA-1-18,20221010-4_13,primary,N4,-0.25706145,2.6840534
CATAGCCGCCCGGGAT-1-6,20221010-1_1,primary,N4,-1.4486319,7.0440493
CCATTAGCGATAATCC-1-6,20221010-1_1,primary,N4,-1.346904,5.1781936
GTGATCATAGATCTGC-1-18,20221010-4_13,primary,N4,0.07793045,2.4076319
CCAGCTGATGGTACTT-1-6,20221010-1_1,primary,N4,-0.36298025,6.362678
GGCACTCCACTGGGCA-1-10,20221010-2_5,primary,N4,-1.8076462,2.9405386
CTTCGGCCAATTGTTT-1-22,20230607-1_1,primary,N4,4.43348,7.728829
TTACCCATTGCCGGGT-1-10,20221010-2_5,primary,N4,-1.8457035,2.8935611
CGGTTCAAGTAGGTGT-1-17,20221010-3_9,primary,N4,-1.3324625,5.6348567
CAAACGGTCGCACTTT-1-18,20221010-4_13,primary,N4,-0.15821493,6.668835
CCGGGCTGCTCCATAC-1-17,20221010-3_9,primary,N4,8.32885,2.7795055
CACTCTTCTGCTAGCC-1-10,20221010-2_5,primary,N4,-1.5690901,8.029415
AAATTACCTATCGATG-1-6,20221010-1_1,primary,N4,-0.39404118,2.513849
TTACAACTACGCATCC-1-18,20221010-4_13,primary,N4,1.9928118,10.522661
CGCGGCAGTATTACGG-1-6,20221010-1_1,primary,N4,-1.1646764,7.9050584
CCTGTACTCACGCCCA-1-6,20221010-1_1,primary,N4,-2.3922799,4.7228537
ATGCGAGTCCCACCAC-1-10,20221010-2_5,primary,N4,-1.325711,8.423311
TGGAATTAGACGCTTT-1-18,20221010-4_13,primary,N4,1.7735004,9.58969
ATTACTTACTGGGCAT-1-17,20221010-3_9,primary,N4,-0.7490112,4.778083
CACAGTCCCGCTTCGC-1-22,20230607-1_1,primary,N4,3.7315586,7.4550323
AGTCGGCTCAACTTTA-1-10,20221010-2_5,primary,N4,-0.77193236,7.4484177
ACGCCAGATGATTTCT-1-10,20221010-2_5,primary,N4,-1.8701504,3.0533843
GAAAGTGACTAACTGC-1-18,20221010-4_13,primary,N4,1.9956397,10.303138
GTTCCCGTAAACATAT-1-22,20230607-1_1,primary,N4,4.4642005,9.697643
CGATCTGTTGGAGGAC-1-10,20221010-2_5,primary,N4,-0.7883575,7.0397687
TCTAGGTGGCGACGCT-1-10,20221010-2_5,primary,N4,8.095497,2.547204
CATACAAAGCCGAACC-1-22,20230607-1_1,primary,N4,0.9442411,7.7738457
CGTTCTTCGCACACCT-1-17,20221010-3_9,primary,N4,-2.2471433,4.8776846
CTCTACACTGGCGATT-1-6,20221010-1_1,primary,N4,-0.26211822,8.405291
CCCGTAAGTCTAGGCC-1-18,20221010-4_13,primary,N4,0.097620055,2.2898867
AAATAACCATACGGGA-1-10,20221010-2_5,primary,N4,-0.6174074,1.9971782
ACACAAAGACGGGTGG-1-22,20230607-1_1,primary,N4,8.777034,8.226034
CCTATGGGTTACCGTC-1-17,20221010-3_9,primary,N4,0.16021883,8.359852
AAGCGTCCCTCATCGA-1-6,20221010-1_1,primary,N4,-1.1870914,8.509373
CTTAAATAAGACCCAT-1-10,20221010-2_5,primary,N4,-0.83816284,7.355522
TATGGCCCGGCCTCGC-1-6,20221010-1_1,primary,N4,-1.2814088,5.6941085
TTCTTCGCAATAGAGC-1-17,20221010-3_9,primary,N4,-1.3217642,10.353686
CCACAGTACCCATCCT-1-6,20221010-1_1,primary,N4,-1.5900841,3.093416
CCTGAACGATATATTC-1-22,20230607-1_1,primary,N4,1.5935917,6.8069553
CATCGCCCGCGGCCAA-1-17,20221010-3_9,primary,N4,-0.8727024,8.663532
GTGGGCTTAGACACAC-1-22,20230607-1_1,primary,N4,2.5898423,8.745733
TTCTAGAAAGTCTTAT-1-6,20221010-1_1,primary,N4,-1.5904422,6.842557
CCCGTAAGTCTAGGCC-1-10,20221010-2_5,primary,N4,-1.1216697,5.8907104
TCTAGGTGGCGACGCT-1-6,20221010-1_1,primary,N4,8.422489,2.7671905
TCCCAAAGACGAAGGA-1-22,20230607-1_1,primary,N4,7.6610756,9.547253
GTTCCAGTCTGACCAT-1-17,20221010-3_9,primary,N4,-1.1361114,10.411453
ATCACTTCATCCTCGC-1-17,20221010-3_9,primary,N4,-1.473608,9.590928
TGTGCCGGTGCCGGAA-1-6,20221010-1_1,primary,N4,-2.3706763,6.720875
AGTATGCTGGAGACCA-1-22,20230607-1_1,primary,N4,0.9454257,3.935954
GAAGAAACGATATTGT-1-22,20230607-1_1,primary,N4,0.7851959,3.9762068
TCACCGCTCGGCACTC-1-18,20221010-4_13,primary,N4,-0.6731801,3.466785
GTTAAAGTAGGACTGG-1-6,20221010-1_1,primary,N4,-2.6751444,4.731852
GGTTTCAATCGGTCAG-1-22,20230607-1_1,primary,N4,3.8483515,9.367451
CTAGTTGGGCCCGGTA-1-17,20221010-3_9,primary,N4,-0.8525889,7.5119405
TCGGTGACCGCTCCGG-1-17,20221010-3_9,primary,N4,-1.0665073,4.847698
CGAGAGATGTGAACCT-1-17,20221010-3_9,primary,N4,0.03911646,6.446729
CTCAGATTGTGATAAG-1-18,20221010-4_13,primary,N4,-0.86283827,6.2491927
TACTGGACAGCTCGGC-1-10,20221010-2_5,primary,N4,-0.9532552,8.347785
AACGATATGTCAACTG-1-6,20221010-1_1,primary,N4,8.440209,2.9661176
GGGCAGAGCAATCGTT-1-6,20221010-1_1,primary,N4,-0.8662354,7.976375
GGCAATAGTCAATGAG-1-22,20230607-1_1,primary,N4,3.0546088,9.416304
TGGTCTAGCTTACATG-1-18,20221010-4_13,primary,N4,1.8959016,9.757488
CGAAACGCAATTCATG-1-10,20221010-2_5,primary,N4,-0.97354513,7.774313
CACTACGGGAGCTGCC-1-22,20230607-1_1,primary,N4,1.9639475,5.1318073
AGAGCGTACAAGCTCG-1-18,20221010-4_13,primary,N4,1.0735321,7.9068413
TACCTCAGTTGTCTGT-1-18,20221010-4_13,primary,N4,-1.2578148,2.9233027
GTTGGATTGAGAACAC-1-17,20221010-3_9,primary,N4,-1.0046287,4.653459
CCTCACGTCAGCTAAT-1-22,20230607-1_1,primary,N4,6.675383,6.586601
TCCCAGGCTTAGCTAA-1-17,20221010-3_9,primary,N4,-0.37846237,5.6160445
GGTACTAAGTGCTTTG-1-22,20230607-1_1,primary,N4,9.21617,9.32413
ATTCGCGCCTTGAGAG-1-22,20230607-1_1,primary,N4,4.7834525,8.529952
ATGATCGGGAATAGAC-1-22,20230607-1_1,primary,N4,4.1152883,9.805887
CAGATACTAACATAGT-1-22,20230607-1_1,primary,N4,7.735751,8.885808
ACTGTAGCACTTTGGA-1-18,20221010-4_13,primary,N4,0.26795372,10.382161
CTGGATTTACACTTGA-1-18,20221010-4_13,primary,N4,8.31971,2.369792
ATAGGGATATCCTTGA-1-17,20221010-3_9,primary,N4,-1.0871261,7.7018223
ACACGAGACTCCTTCT-1-22,20230607-1_1,primary,N4,2.3424401,8.791615
TGTGCTTTACGTAAGA-1-6,20221010-1_1,primary,N4,-0.47746357,7.6122565
GTAATAAAGGGCTCCC-1-10,20221010-2_5,primary,N4,-1.0717144,6.313918
GCAAGTGTAAAGCATG-1-18,20221010-4_13,primary,N4,-0.0016465326,2.3647888
TCTAGTGATATCGTGG-1-6,20221010-1_1,primary,N4,-1.1339831,4.7211213
CATCTTACACCACCTC-1-6,20221010-1_1,primary,N4,9.150407,2.1323671
GCCTCCGACAATTCAC-1-6,20221010-1_1,primary,N4,4.583571,8.76862
CAAATCTCTCACAAGG-1-10,20221010-2_5,primary,N4,-1.2453856,7.9365764
GATGGTGCCCTAGGCA-1-10,20221010-2_5,primary,N4,-0.5699239,2.2076983
GAAAGCCCTTTGGACC-1-10,20221010-2_5,primary,N4,-1.3472928,7.4054484
CCTCGGACCGGGATAG-1-17,20221010-3_9,primary,N4,-0.9523465,4.773507
GCGGTGCGGAGCATCG-1-10,20221010-2_5,primary,N4,-1.5658184,6.7808623
AGGGTGGATAGTGCAT-1-6,20221010-1_1,primary,N4,-2.0473754,6.1840386
AGATAACTTCAGGGCC-1-18,20221010-4_13,primary,N4,-1.1513722,3.8491936
GAAAGCCCTTTGGACC-1-6,20221010-1_1,primary,N4,-0.3880999,5.4793916
TCAACATCGACCGAGA-1-17,20221010-3_9,primary,N4,-0.83320546,8.263803
CATCTGCAGGATCATT-1-10,20221010-2_5,primary,N4,4.5575013,8.83127
TTGTTCAGTGTGCTAC-1-17,20221010-3_9,primary,N4,-1.6136303,5.479886
AGGTAGGTACAAAGCT-1-17,20221010-3_9,primary,N4,1.1840514,6.9107676
TATCTACCACAGCGGG-1-18,20221010-4_13,primary,N4,-0.3441979,4.0104737
AAACATTTCCCGGATT-1-6,20221010-1_1,primary,N4,-0.56729287,7.9784074
TAGTGCCCTCCAGAGT-1-22,20230607-1_1,primary,N4,2.1990578,9.159848
CCACGGAGCCATAAGA-1-10,20221010-2_5,primary,N4,-2.2223046,6.1981997
CTGCCATGCATCACAT-1-18,20221010-4_13,primary,N4,1.0918459,4.1741457
GTGCCCGTTCGGATTC-1-17,20221010-3_9,primary,N4,8.169296,2.6192915
TTACTATCGGCTTCTC-1-10,20221010-2_5,primary,N4,-1.2627474,8.0974045
TCACAGGAGAATAAGA-1-18,20221010-4_13,primary,N4,0.086943835,2.2574418
GGGTCTATCGCTTTCC-1-22,20230607-1_1,primary,N4,-0.35137025,3.574034
ACCATCGTATATGGTA-1-22,20230607-1_1,primary,N4,2.1575615,7.4934278
GTCTATTGGTTCCGGT-1-6,20221010-1_1,primary,N4,-1.8759277,6.5690393
CTGGATTTACACTTGA-1-6,20221010-1_1,primary,N4,-2.0217907,6.6601267
TGATCAGGGAACTGCT-1-17,20221010-3_9,primary,N4,-0.28429127,8.033917
AATTGAACGCTCTGGT-1-17,20221010-3_9,primary,N4,-0.9814765,4.663177
GGGAGTAATGGCTGGC-1-17,20221010-3_9,primary,N4,-0.59243435,10.552839
CTGGCGCACAGGTCTG-1-22,20230607-1_1,primary,N4,3.398517,8.273885
CCGATTCGAGGGACCC-1-6,20221010-1_1,primary,N4,4.5718846,8.256657
TACTTTCCGCACGCCA-1-22,20230607-1_1,primary,N4,3.5844316,6.8831615
GTTGGTCATGCTATCC-1-6,20221010-1_1,primary,N4,-1.1984452,8.039834
GAATATTCGGAGTCCC-1-10,20221010-2_5,primary,N4,-0.7552673,3.183945
AGCTCTTCGTAACCTT-1-10,20221010-2_5,primary,N4,-1.3552948,8.548256
CGCTTCGGTCTAAGAC-1-22,20230607-1_1,primary,N4,8.978924,2.861409
CACTCGGTTAGGAGGA-1-6,20221010-1_1,primary,N4,-1.4411237,11.361938
ATCCACATCGACAGAA-1-10,20221010-2_5,primary,N4,-1.3839946,7.2169137
CTTTCTGTGCGGGCTT-1-6,20221010-1_1,primary,N4,-1.6433086,7.6891522
ATTGGATTACAGCGTA-1-10,20221010-2_5,primary,N4,-1.2092041,10.503475
ACAATGATTCTTCTAC-1-17,20221010-3_9,primary,N4,-1.6021816,8.853324
CCTCGGACCGGGATAG-1-10,20221010-2_5,primary,N4,-2.2591505,5.322087
GATGATTTGAAACTGG-1-6,20221010-1_1,primary,N4,-1.0220686,6.3270893
ACAATCCATTTAAACC-1-17,20221010-3_9,primary,N4,0.7761941,7.118991
TTCAAAGTCTCTAGCC-1-18,20221010-4_13,primary,N4,8.703999,2.6231315
AGATGCATCCTGTGTC-1-18,20221010-4_13,primary,N4,-1.5257711,4.222927
GAATTCACCCGGGTGT-1-6,20221010-1_1,primary,N4,-2.2510357,6.240063
TTGATTAGCTGTTTCT-1-10,20221010-2_5,primary,N4,-1.1976922,7.634697
GGTTAGTTACGGCGCC-1-6,20221010-1_1,primary,N4,-0.7479008,4.742176
ACCGGGCCTTTGTTGA-1-6,20221010-1_1,primary,N4,8.094908,2.549085
CATACAAAGCCGAACC-1-18,20221010-4_13,primary,N4,1.0344727,9.039526
TATAGGGTACTCATGA-1-6,20221010-1_1,primary,N4,-0.14945886,6.3739667
GGAAACTAAATGGGCC-1-22,20230607-1_1,primary,N4,1.1645918,4.740229
AGAGCAGTTATGAGAC-1-18,20221010-4_13,primary,N4,-0.55008405,6.3043847
GGCAATAGTCAATGAG-1-17,20221010-3_9,primary,N4,0.61771196,6.5065203
GTCATTGCATTGACCC-1-6,20221010-1_1,primary,N4,-0.9365447,7.694928
TCTGAAGCACGTGGTC-1-17,20221010-3_9,primary,N4,-1.2767103,4.531157
GACGCCTGTTGCAGGG-1-6,20221010-1_1,primary,N4,-0.986501,5.152868
GTCTGGGCGGTCGAGA-1-6,20221010-1_1,primary,N4,-1.5477445,7.8700066
AACCCTACTGTCAATA-1-6,20221010-1_1,primary,N4,-0.1878857,2.2035306
AGCCCGGTAGCCTGTA-1-18,20221010-4_13,primary,N4,0.036291964,2.3856304
CATGGTCTAGATACCG-1-17,20221010-3_9,primary,N4,4.1209865,8.379093
ATAGACGAAGAGAAAG-1-18,20221010-4_13,primary,N4,-0.19482177,2.4159098
CAGGCAGTCTTACCAG-1-6,20221010-1_1,primary,N4,-1.7498155,6.9778543
CGAGACCCTAGAGTGT-1-18,20221010-4_13,primary,N4,-0.6959797,3.9162943
AAAGGGCAGCTTGAAT-1-17,20221010-3_9,primary,N4,-1.3583064,10.69415
TTCGGGACTAATCGCG-1-6,20221010-1_1,primary,N4,-1.5431007,2.5422
GCAACACACTAGAACT-1-6,20221010-1_1,primary,N4,-2.2236874,5.452626
TATTCAATTCTAATCC-1-18,20221010-4_13,primary,N4,-0.20824194,2.6031468
TTAGTAAACCTGCTCT-1-6,20221010-1_1,primary,N4,-0.70847553,7.3436813
TGATTCTGTCGCCGGT-1-6,20221010-1_1,primary,N4,-0.54374325,9.372237
TCTGATGTATTCTGTC-1-6,20221010-1_1,primary,N4,-2.7524958,4.931494
ATTAGGCGATGCTTTC-1-18,20221010-4_13,primary,N4,-0.9906241,6.6755943
CTTTGGCGCTTTATAC-1-6,20221010-1_1,primary,N4,-0.48211795,7.401164
TTGGGACGTAAGAGTT-1-22,20230607-1_1,primary,N4,5.0405374,7.001865
CTGGGATAAATAATGG-1-17,20221010-3_9,primary,N4,-0.59396744,4.9779906
GCGACGATAGTTGTAC-1-18,20221010-4_13,primary,N4,0.06282749,2.4549758
TCTCGGCTCCAGGACT-1-10,20221010-2_5,primary,N4,4.252721,8.410117
TAAGGCTGAATCCCTC-1-6,20221010-1_1,primary,N4,-1.0985285,2.8991375
AGGCATTGTCGTAGGG-1-6,20221010-1_1,primary,N4,-1.2030724,3.62365
TTGTTCTAGATACGCT-1-18,20221010-4_13,primary,N4,0.995403,9.131666
CGTGACATTGGGTCGT-1-6,20221010-1_1,primary,N4,-0.642704,4.816439
TGCGAATATGGGATTT-1-17,20221010-3_9,primary,N4,-1.4737296,9.810669
ATCTAACGTCCCTATG-1-6,20221010-1_1,primary,N4,-0.7843034,7.5696588
TTCTTATCCGCTGGGT-1-10,20221010-2_5,primary,N4,-1.3713342,8.080435
TGTGGTTGCTAAAGCT-1-17,20221010-3_9,primary,N4,-1.312854,4.765372
GTGCGGGACCATCGGC-1-17,20221010-3_9,primary,N4,-1.7234099,10.282753
ATCATAGCCCTATGTA-1-22,20230607-1_1,primary,N4,0.98470074,4.0360227
TGGTCTGTTGGGCGTA-1-10,20221010-2_5,primary,N4,-0.760768,6.6024
ACATCAGCTGGGACGC-1-6,20221010-1_1,primary,N4,-1.8977156,6.751854
AACCCGAGCAGAATCG-1-22,20230607-1_1,primary,N4,5.041952,6.7510076
GCTACAATCGAGGATA-1-22,20230607-1_1,primary,N4,1.2530475,4.440562
GAAACTCGTGCGATGC-1-17,20221010-3_9,primary,N4,-0.65893656,9.665052
TCAGGTTCTTTGAGAA-1-18,20221010-4_13,primary,N4,-1.3429496,6.0276866
CGTCTGGAAGGGCCCG-1-18,20221010-4_13,primary,N4,4.087008,9.991996
GGACTCGTGAGTGGTC-1-22,20230607-1_1,primary,N4,0.07666586,2.3052359
CGGAAAGCAAATGTGC-1-10,20221010-2_5,primary,N4,-0.5716377,9.733167
GCTGTTGCTACCGAAC-1-9,20221010-1_4,relapsed,N4,4.181116,10.503827
TTCCGGTTACCCACTT-1-9,20221010-1_4,relapsed,N4,2.0786111,10.38988
TCTATCGGTCGCAACA-1-21,20221010-4_16,relapsed,N4,2.396847,8.5284395
GTTATATTATCTCCCT-1-9,20221010-1_4,relapsed,N4,2.2099226,11.333571
CTCCGGCCTAATATGC-1-21,20221010-4_16,relapsed,N4,2.1600423,9.464147
TTCTACTTGCGAGGGC-1-21,20221010-4_16,relapsed,N4,4.765269,6.7473383
GGAACCGTGTAAATTG-1-9,20221010-1_4,relapsed,N4,2.6680841,11.187642
AATCAGACTGCAGGAC-1-21,20221010-4_16,relapsed,N4,5.8716884,10.679625
AATTAGCGCTGCAGCG-1-21,20221010-4_16,relapsed,N4,2.5539837,10.362685
CGGTTCCGGCTTCTTG-1-21,20221010-4_16,relapsed,N4,4.9215517,6.7965703
ATGCCAATCGCTCTGC-1-9,20221010-1_4,relapsed,N4,-1.4978033,9.347789
TCGCATAAAGGGCGCA-1-21,20221010-4_16,relapsed,N4,0.23834349,7.0977616
GTGCGCAGCTTGCTCC-1-21,20221010-4_16,relapsed,N4,4.42907,9.598598
TTGTACACCTCGAACA-1-21,20221010-4_16,relapsed,N4,3.0186799,10.22971
TCGCTCGGCACCAGCG-1-9,20221010-1_4,relapsed,N4,2.0928922,11.051917
CACCCTAACAAGATCT-1-21,20221010-4_16,relapsed,N4,2.6824884,9.916049
AAAGGGCAGCTTGAAT-1-21,20221010-4_16,relapsed,N4,3.323771,9.025871
CCGCTTACCTCACTCT-1-9,20221010-1_4,relapsed,N4,6.8992267,10.157928
CCTACGGCTCAGTCGA-1-21,20221010-4_16,relapsed,N4,2.748936,9.056737
CGTTGTAAGATTGATT-1-21,20221010-4_16,relapsed,N4,3.6939929,6.626584
CGTTCTTCGCACACCT-1-9,20221010-1_4,relapsed,N4,1.9994749,11.111029
ATGCGACAATTGGTCC-1-9,20221010-1_4,relapsed,N4,8.767027,9.328629
TACGTTTACCGGCAAT-1-9,20221010-1_4,relapsed,N4,3.4112117,11.266229
TGGGATGCACTCATTC-1-21,20221010-4_16,relapsed,N4,3.7218986,8.26636
AGGCGTCTATGGACGG-1-9,20221010-1_4,relapsed,N4,3.3502464,11.210159
AGAATGCGGGTTCGGA-1-9,20221010-1_4,relapsed,N4,2.8521698,11.7581835
CTTCATTGTCAGTGGA-1-21,20221010-4_16,relapsed,N4,3.6761868,7.8978305
GGTGTTCTGTTTCTAC-1-9,20221010-1_4,relapsed,N4,3.211352,11.085066
GTAATAAAGGGCTCCC-1-9,20221010-1_4,relapsed,N4,-0.73378325,9.554327
CAAGAGGGCGGAGTAC-1-9,20221010-1_4,relapsed,N4,-0.7976513,9.847381
ACCCACCTACATGCTC-1-21,20221010-4_16,relapsed,N4,2.406875,10.070033
GTTGAACCGGTTCCAT-1-9,20221010-1_4,relapsed,N4,0.1019082,11.394669
ATTAATACTACGCGGG-1-21,20221010-4_16,relapsed,N4,2.6737485,6.9364843
ATGTAAGGCTGCTCTT-1-21,20221010-4_16,relapsed,N4,1.8949263,10.826282
TATGACCTTGCGCTGG-1-21,20221010-4_16,relapsed,N4,2.0793934,9.998779
ACGATCATCTTGTAAA-1-9,20221010-1_4,relapsed,N4,-0.38736686,11.170974
GGGATGGTCGTAACCG-1-9,20221010-1_4,relapsed,N4,-0.6562733,11.417838
CATACTTAGGCAATAC-1-21,20221010-4_16,relapsed,N4,2.764623,8.5788355
ATCGCTGCGTGCAGCA-1-9,20221010-1_4,relapsed,N4,7.3307385,9.810092
AAACCGGGTAGGTACC-1-21,20221010-4_16,relapsed,N4,2.3671515,8.224533
ATGACTATGCGACATT-1-9,20221010-1_4,relapsed,N4,2.381578,11.351478
CGGAAATTTCACATCC-1-21,20221010-4_16,relapsed,N4,1.0426915,6.1312675
CCTTAAGTACGCAATT-1-21,20221010-4_16,relapsed,N4,2.733054,8.398747
CGTCATACCATATCCA-1-9,20221010-1_4,relapsed,N4,3.7760308,11.46318
TAAGTAACATCTTGAC-1-9,20221010-1_4,relapsed,N4,1.0224894,11.306793
GTCACCTGTCTATGTC-1-9,20221010-1_4,relapsed,N4,7.358469,9.2807455
CGTTGAGTAATTGCGT-1-21,20221010-4_16,relapsed,N4,3.9704797,7.548932
TGGCACGAGCTCGAGT-1-9,20221010-1_4,relapsed,N4,-0.099342555,11.441223
CTCACTTGGCTGGTAA-1-21,20221010-4_16,relapsed,N4,1.3427864,9.296004
GTATCTCCCTAACTGT-1-21,20221010-4_16,relapsed,N4,5.498977,9.910377
GGTCGGTAATTAGACA-1-21,20221010-4_16,relapsed,N4,2.262189,7.4353065
TTAGCAACATGGATGT-1-21,20221010-4_16,relapsed,N4,2.7685962,6.591448
TCGCCGGATGGGCAAG-1-21,20221010-4_16,relapsed,N4,2.9747372,8.6158695
GTTACGAAATCCACGC-1-21,20221010-4_16,relapsed,N4,2.335308,8.541548
CAATGGAATCTACATA-1-21,20221010-4_16,relapsed,N4,7.1973815,8.744857
AACGTAGTCTACCCAT-1-21,20221010-4_16,relapsed,N4,4.954617,7.2850833
AGCTCTTTACTCAGTT-1-21,20221010-4_16,relapsed,N4,2.806326,10.165702
CAGACGAACCTGATAC-1-9,20221010-1_4,relapsed,N4,7.210683,9.783261
AAGCATACTCTCCTGA-1-21,20221010-4_16,relapsed,N4,3.9398365,6.801182
GTTAAGTTAGAGTGGG-1-21,20221010-4_16,relapsed,N4,3.0904171,8.480944
GCCTATTCCGATATAG-1-21,20221010-4_16,relapsed,N4,3.7967265,9.671321
GCTAGTTTCATTGAGG-1-21,20221010-4_16,relapsed,N4,2.6486027,8.1820545
CGAACCCGCATGCGTC-1-9,20221010-1_4,relapsed,N4,-0.45123637,9.6194725
GATTGACACTCTGCTC-1-21,20221010-4_16,relapsed,N4,2.647335,7.075691
GGTGGACCACGTGTTA-1-9,20221010-1_4,relapsed,N4,6.0268297,8.960181
GACTGATTGGTCACAA-1-9,20221010-1_4,relapsed,N4,-0.52564394,8.323199
GCGATTCTGGAAGCAG-1-21,20221010-4_16,relapsed,N4,2.2367663,9.21927
AGTTCCTATTTATGTT-1-9,20221010-1_4,relapsed,N4,-0.19662528,6.4465117
CCAGAGACAAAGCCGG-1-9,20221010-1_4,relapsed,N4,2.3170745,11.228718
CTTGAGTTAGGGTAAT-1-9,20221010-1_4,relapsed,N4,2.5696015,11.014469
TTGCGTAGTTTGAGGA-1-9,20221010-1_4,relapsed,N4,-0.6260188,11.679607
CCTGGCTAGACCCGCC-1-21,20221010-4_16,relapsed,N4,2.040443,10.335663
GGAAACCTTGTTGAAT-1-9,20221010-1_4,relapsed,N4,-0.9884927,8.427683
TTGTAAGGCCAGTTGG-1-21,20221010-4_16,relapsed,N4,1.773921,8.15417
AGATACGACTTCATAT-1-9,20221010-1_4,relapsed,N4,-1.4217904,5.7857018
AGAGCAGTTATGAGAC-1-9,20221010-1_4,relapsed,N4,8.069459,9.774073
GCCGGGTTAGGGTCGC-1-21,20221010-4_16,relapsed,N4,3.6594155,10.191833
TTCCAATCTGGCTATC-1-9,20221010-1_4,relapsed,N4,2.8164372,10.608779
AAGACCAAATAACTCA-1-21,20221010-4_16,relapsed,N4,2.6545215,8.097567
GCTCCGCTCGCTTCAG-1-21,20221010-4_16,relapsed,N4,0.17653485,7.051989
GTACGTCACGTATTAA-1-9,20221010-1_4,relapsed,N4,-0.4370195,11.736787
TTGTGCGGAAGCGGAT-1-21,20221010-4_16,relapsed,N4,1.6294645,10.006471
CCTGATTCGCGAAGAA-1-21,20221010-4_16,relapsed,N4,4.78591,9.60899
ATTCGACGCCGGGCCT-1-9,20221010-1_4,relapsed,N4,3.0519419,10.625019
CAAACGAGTATCGCAG-1-9,20221010-1_4,relapsed,N4,3.3285258,11.52629
TGCGAGCCCTTCCGCG-1-21,20221010-4_16,relapsed,N4,7.177757,8.288976
CGGCAAACATCGTGCG-1-21,20221010-4_16,relapsed,N4,3.558947,11.419477
GTGACTTCAGTAGTGC-1-9,20221010-1_4,relapsed,N4,0.36022094,11.434689
TGGTTTAAACGTGGGT-1-9,20221010-1_4,relapsed,N4,2.741984,10.78594
GGGAATTCTGTCCAGT-1-21,20221010-4_16,relapsed,N4,3.1195123,7.50105
CGGGTGTACCCATTTA-1-21,20221010-4_16,relapsed,N4,6.443539,9.5566845
ACGATCATACATAGAG-1-21,20221010-4_16,relapsed,N4,3.3637035,8.416621
CGGGAACGCCCTGCAT-1-21,20221010-4_16,relapsed,N4,1.5314659,8.316706
TCGCCCAACTGACTCC-1-9,20221010-1_4,relapsed,N4,6.7758923,8.542985
ACTTGCCATATTGTAC-1-21,20221010-4_16,relapsed,N4,3.8148923,10.798948
GATCTTGGAGGGCATA-1-21,20221010-4_16,relapsed,N4,2.1581273,8.783118
CATTATAACAGGGTCC-1-21,20221010-4_16,relapsed,N4,4.69143,7.64794
GTCAGTTGTGCTCGTT-1-21,20221010-4_16,relapsed,N4,2.617363,8.703274
GCTGGCAGGTGCCGTG-1-21,20221010-4_16,relapsed,N4,3.1777747,7.993086
GTCCTTTAATGACTTC-1-9,20221010-1_4,relapsed,N4,7.078791,9.772387
CGGCACCGTTAGCGCC-1-21,20221010-4_16,relapsed,N4,8.109383,9.740779
ATAGGAATCTAAGCTT-1-9,20221010-1_4,relapsed,N4,6.373573,9.096794
TGGAAGACGAACACCA-1-21,20221010-4_16,relapsed,N4,2.390492,8.6086
ATCACTTCATCCTCGC-1-21,20221010-4_16,relapsed,N4,1.1375647,9.035602
ATTCCCACATAAACAA-1-21,20221010-4_16,relapsed,N4,4.090777,10.946583
TCTTGATGCGTAGCGA-1-9,20221010-1_4,relapsed,N4,0.98402554,11.164443
CCAGCTACGCCTCATA-1-9,20221010-1_4,relapsed,N4,-2.493609,5.0692167
CGCGGGAATTAGGCAG-1-21,20221010-4_16,relapsed,N4,4.5779023,9.124716
ATTTACTAAGTCCATT-1-9,20221010-1_4,relapsed,N4,0.093887925,8.204275
TGTGTTCGTATCCAAG-1-9,20221010-1_4,relapsed,N4,0.13482188,11.275567
CGGTACTAGAATCAAA-1-21,20221010-4_16,relapsed,N4,3.376119,6.0366755
TGTATAACAGATCCTG-1-21,20221010-4_16,relapsed,N4,4.9039288,9.306217
TATATCCCTGGGAGGA-1-9,20221010-1_4,relapsed,N4,0.25237077,11.432207
CGTTGTTTCAATTCCC-1-21,20221010-4_16,relapsed,N4,2.6789594,10.205079
CACGGGATTGAGGGTT-1-21,20221010-4_16,relapsed,N4,2.2014,9.776501
CTATTGTGTTTGGTCA-1-21,20221010-4_16,relapsed,N4,2.3590608,8.563381
CACGACCACAGACTTT-1-9,20221010-1_4,relapsed,N4,-0.8432274,7.8461556
AAGCATACTCTCCTGA-1-9,20221010-1_4,relapsed,N4,-0.49299067,11.182934
TCGCGCGTTTACATGA-1-21,20221010-4_16,relapsed,N4,2.347737,8.874083
CCGGGTTCGAGGTTAC-1-9,20221010-1_4,relapsed,N4,2.3055475,11.0995865
TGAGATTAGGCCCTAA-1-21,20221010-4_16,relapsed,N4,2.396997,7.69841
CCTATAATGAGTGCCC-1-21,20221010-4_16,relapsed,N4,2.4815702,8.870026
GTCTCGACTAAGTTTG-1-9,20221010-1_4,relapsed,N4,2.9651535,10.987935
GGCAGCGGTAATCCTA-1-21,20221010-4_16,relapsed,N4,3.007828,9.287394
CCGGAATGGTTTCAGT-1-21,20221010-4_16,relapsed,N4,2.6180837,8.964547
ATATAAAGCGCTCGTG-1-21,20221010-4_16,relapsed,N4,2.0718553,9.311616
CCTCTGTACTATTCTA-1-9,20221010-1_4,relapsed,N4,0.56758165,9.940766
TCCCAGGCTTAGCTAA-1-21,20221010-4_16,relapsed,N4,1.2718136,9.016935
ATACGTACTTAGCCAC-1-21,20221010-4_16,relapsed,N4,2.5124383,8.583464
ACTTTACCCTCATGAA-1-9,20221010-1_4,relapsed,N4,-0.2601182,11.628059
CAGCCTCCTGCAGAGG-1-21,20221010-4_16,relapsed,N4,2.7972407,7.181987
TCAAGAAATACTAGCT-1-21,20221010-4_16,relapsed,N4,2.5692708,8.552963
ACATCGATCGTTTACC-1-21,20221010-4_16,relapsed,N4,3.520443,11.227346
TTCTGCCGCGCCTAGA-1-9,20221010-1_4,relapsed,N4,2.7010837,11.458055
CACAAGAAAGATATTA-1-9,20221010-1_4,relapsed,N4,6.662105,9.859835
TTAGTTCAAGTGTTCG-1-9,20221010-1_4,relapsed,N4,6.3430176,10.150645
TTCATGGCGCAACAGG-1-21,20221010-4_16,relapsed,N4,2.2388709,9.343813
CGCGCAAGGAACTACA-1-21,20221010-4_16,relapsed,N4,3.349945,11.471491
TAGAATTAAGGGCAAC-1-21,20221010-4_16,relapsed,N4,2.30878,8.159835
CATCGGACGGGTTAAT-1-21,20221010-4_16,relapsed,N4,2.3628292,7.877052
GTAGAAACGGGTGGAG-1-21,20221010-4_16,relapsed,N4,4.225353,7.431502
CCATTTCTACCTATTA-1-21,20221010-4_16,relapsed,N4,4.133721,5.063285
ACGAGAACCCATCACG-1-21,20221010-4_16,relapsed,N4,3.9397042,6.5802217
GCACTGTGCAAATGTA-1-21,20221010-4_16,relapsed,N4,4.158791,5.8999567
ACTCAACGAATGTATT-1-21,20221010-4_16,relapsed,N4,3.5924745,9.602355
GCTTAATGTAACTAAC-1-21,20221010-4_16,relapsed,N4,2.6518252,8.863942
AACCATGGGATCGCTA-1-9,20221010-1_4,relapsed,N4,2.4779017,11.820204
TCACTATCGTGCAATC-1-21,20221010-4_16,relapsed,N4,4.2195888,9.491186
CCCAACCACACTAACA-1-9,20221010-1_4,relapsed,N4,-1.847791,6.8124976
GGTGAGATGCAGATAA-1-21,20221010-4_16,relapsed,N4,5.485126,9.301816
GGCCAATTGTATAGAC-1-21,20221010-4_16,relapsed,N4,3.1981542,8.537971
CACATCTCACCGACGA-1-21,20221010-4_16,relapsed,N4,2.80354,7.915807
AACCTTTAAATACGGT-1-21,20221010-4_16,relapsed,N4,2.8491766,9.54407
AAAGACATGAAGTTTA-1-9,20221010-1_4,relapsed,N4,3.9883933,10.008303
GGGCCATTCGTGCTGG-1-21,20221010-4_16,relapsed,N4,6.469245,9.327888
CAAATGCGGAGTGTTC-1-21,20221010-4_16,relapsed,N4,4.4969993,10.031151
CAGCAGCCCGTTCCTT-1-21,20221010-4_16,relapsed,N4,3.911852,9.44187
TGCTATACAAACGGAC-1-21,20221010-4_16,relapsed,N4,4.9871855,7.395633
TGATTTCCTCCTGACG-1-21,20221010-4_16,relapsed,N4,5.8388133,9.2950325
CAGTTCAAATTGACAC-1-21,20221010-4_16,relapsed,N4,4.118733,10.002075
TGCCAAAGTCAGACTT-1-21,20221010-4_16,relapsed,N4,2.2131958,8.303334
TCAAGCGCGGACGGTA-1-21,20221010-4_16,relapsed,N4,4.6678576,9.32399
GTGCACGAAAGTGACT-1-21,20221010-4_16,relapsed,N4,2.4777129,8.258737
GTGTACCTTGGCTACG-1-21,20221010-4_16,relapsed,N4,2.2784421,10.405811
CATGATGCACAATTCT-1-21,20221010-4_16,relapsed,N4,2.3744473,9.071615
AATATCAAGGTCGGAT-1-21,20221010-4_16,relapsed,N4,2.501343,7.38058
TTCACTCGAGCACCTA-1-9,20221010-1_4,relapsed,N4,2.6035988,11.053602
TAAAGGAGAAACTAGT-1-21,20221010-4_16,relapsed,N4,6.0073624,8.368913
CAAGATATTATAACGT-1-9,20221010-1_4,relapsed,N4,3.7890894,10.749703
CTCTAATGCATTGATC-1-9,20221010-1_4,relapsed,N4,6.9781613,9.847675
ACGGAGCGCAAATTAC-1-21,20221010-4_16,relapsed,N4,5.309203,6.9381957
TGGGAAATGCCTTTCC-1-21,20221010-4_16,relapsed,N4,4.504277,8.202895
GAGTGTGCGGTACCCA-1-9,20221010-1_4,relapsed,N4,-0.4453353,11.071113
AACCCTGGTGGAACCA-1-21,20221010-4_16,relapsed,N4,3.1523962,6.925303
TTCCTCGGACTAACCA-1-9,20221010-1_4,relapsed,N4,3.7452724,8.780983
CATTGCAAAGCATAAT-1-21,20221010-4_16,relapsed,N4,3.4571655,8.359781
GCGAGAGTTGCGTCCA-1-9,20221010-1_4,relapsed,N4,2.0468235,11.107943
CGGTGCAGATAGAACG-1-9,20221010-1_4,relapsed,N4,-0.5969183,10.851098
AGTTAAGCGGTCCCGG-1-21,20221010-4_16,relapsed,N4,3.8834958,9.590041
GGGAATGAGCCCTCAC-1-21,20221010-4_16,relapsed,N4,5.0219965,7.258222
TTAGTTATTCGTGGCA-1-21,20221010-4_16,relapsed,N4,2.8892546,7.067366
ATAGTTCCACCCACTC-1-9,20221010-1_4,relapsed,N4,2.3011305,10.057471
CACTACTCAGTTCTGT-1-21,20221010-4_16,relapsed,N4,4.050826,10.783579
GCTGAGGCGTGAGTAT-1-21,20221010-4_16,relapsed,N4,3.2553804,10.286916
TTGCTAGCTACCAATC-1-21,20221010-4_16,relapsed,N4,2.5021029,8.817304
GGACAAGCCATGATCG-1-21,20221010-4_16,relapsed,N4,2.3118947,9.058714
AGTACGGGCACCTGGC-1-21,20221010-4_16,relapsed,N4,4.0435205,7.4119954
GCGAGAGGCCATGTAA-1-21,20221010-4_16,relapsed,N4,3.80403,9.351228
TTGGTCACACTCGTAA-1-9,20221010-1_4,relapsed,N4,1.7063344,10.104215
TCCAGGCGAGTACGGT-1-21,20221010-4_16,relapsed,N4,2.5222063,10.91428
ATCCTACCTAAGCTCT-1-9,20221010-1_4,relapsed,N4,2.3796892,10.506816
GATGCCAGCAGAAGGC-1-21,20221010-4_16,relapsed,N4,3.3494132,7.620271
AGTCGGCTCAACTTTA-1-21,20221010-4_16,relapsed,N4,2.9508436,6.818111
GCATTTCCAAGGCTCC-1-21,20221010-4_16,relapsed,N4,2.6829247,9.958311
TGGACACCGTTGCTTG-1-21,20221010-4_16,relapsed,N4,3.7460716,9.993845
CCCAGTTAAGGCGCCG-1-21,20221010-4_16,relapsed,N4,2.8842144,7.421246
GTGAGTCTAAGACGGA-1-21,20221010-4_16,relapsed,N4,3.6610088,10.024446
AGGACATCGCACGTCG-1-21,20221010-4_16,relapsed,N4,1.9744184,7.483252
CCTCACCAATCTTGAC-1-21,20221010-4_16,relapsed,N4,2.3010454,8.842256
GTTACTTTGGGCCTAG-1-21,20221010-4_16,relapsed,N4,2.775686,10.492586
GAGAGCGCAGTCCCTG-1-21,20221010-4_16,relapsed,N4,2.6404712,8.888648
CAGCTCGTGCTTGTGT-1-9,20221010-1_4,relapsed,N4,-2.1526382,6.153455
TCAGTAGGGACTATAA-1-9,20221010-1_4,relapsed,N4,0.48775586,11.514975
GCACTGTGCAAATGTA-1-9,20221010-1_4,relapsed,N4,3.0057173,11.731614
CCTCGGACCGGGATAG-1-21,20221010-4_16,relapsed,N4,2.706675,9.1183815
CATAAGAAGCTTGGCT-1-21,20221010-4_16,relapsed,N4,2.99796,7.150982
AGAAGGTTGCCGAATT-1-21,20221010-4_16,relapsed,N4,3.4433205,11.051207
CTTTACCGAATAGTAG-1-9,20221010-1_4,relapsed,N4,2.6058645,11.09115
ATTCACTGATGTTGGA-1-9,20221010-1_4,relapsed,N4,2.5369024,10.975634
GGTGATGAAGGAAGTG-1-21,20221010-4_16,relapsed,N4,2.8303192,7.17158
CGGCCCAACCTGTAGT-1-9,20221010-1_4,relapsed,N4,2.8823054,10.769724
AGTACGTGGCCTGTCT-1-9,20221010-1_4,relapsed,N4,2.1953769,10.808809
ATTCAGGATCGCCTCT-1-9,20221010-1_4,relapsed,N4,3.0635986,10.824846
TTCCCGGCGCCAATAG-1-21,20221010-4_16,relapsed,N4,2.0776794,9.0886345
ACTCTAAACCTGGGAT-1-21,20221010-4_16,relapsed,N4,5.192453,10.982875
ATACTCTCGCCACTCT-1-21,20221010-4_16,relapsed,N4,4.839684,9.046348
TCCGAAGTAGTCACCA-1-9,20221010-1_4,relapsed,N4,7.3498383,9.644548
CGGTTGGGTTCAAGTT-1-9,20221010-1_4,relapsed,N4,0.02459143,7.368599
CACCCAAATCTTATGT-1-9,20221010-1_4,relapsed,N4,-0.4374313,11.554516
GACTCACCCACGTGAG-1-9,20221010-1_4,relapsed,N4,1.3968683,5.848121
GACGGACCGCGTTCCT-1-9,20221010-1_4,relapsed,N4,-0.42506862,6.772432
ACTTATTTATGTGCCA-1-9,20221010-1_4,relapsed,N4,2.1173482,9.092724
GAGTCTTGTAAAGGAC-1-21,20221010-4_16,relapsed,N4,1.0040354,11.170594
GCGCTAAGTATGCATG-1-9,20221010-1_4,relapsed,N4,2.3174703,11.3978615
TCAAGAAATACTAGCT-1-9,20221010-1_4,relapsed,N4,3.1515105,11.220137
CGGTCAAGTGGGAACC-1-21,20221010-4_16,relapsed,N4,3.5039847,7.028895
AAGCACCCTGCGTATC-1-21,20221010-4_16,relapsed,N4,2.1717942,9.041631
CGTCAGTTTATCGTCT-1-9,20221010-1_4,relapsed,N4,-0.36402965,7.222827
CAACTCCAACGTTTAG-1-21,20221010-4_16,relapsed,N4,2.0213635,6.167989
TCTCGAACGAGGTCAC-1-21,20221010-4_16,relapsed,N4,3.9922688,7.460952
CTAAGTACAGGGCTAC-1-9,20221010-1_4,relapsed,N4,7.469363,8.876614
TATGAAGACAGGTGCG-1-21,20221010-4_16,relapsed,N4,2.9259307,11.797068
AACCAGTATCACTCTT-1-9,20221010-1_4,relapsed,N4,0.18374103,9.362057
CGTTGAATACCGCGCT-1-21,20221010-4_16,relapsed,N4,2.205307,9.796542
ATATACATGTATGGTA-1-21,20221010-4_16,relapsed,N4,1.8363091,10.1708145
TCGCTGGGCGGATTGT-1-21,20221010-4_16,relapsed,N4,2.5680509,9.487003
ATTGACCGGCGATGAC-1-9,20221010-1_4,relapsed,N4,3.3169186,10.411339
GACGAGGCTAATAAAC-1-21,20221010-4_16,relapsed,N4,1.6831156,11.164028
GATGTCGGTCAACTGC-1-21,20221010-4_16,relapsed,N4,3.652733,7.224973
AGGTATAATTGATAGT-1-21,20221010-4_16,relapsed,N4,3.8691418,5.427928
CTAGTTACAACCCGGT-1-9,20221010-1_4,relapsed,N4,7.219496,10.552141
CCATTAGCGATAATCC-1-21,20221010-4_16,relapsed,N4,2.224152,9.721409
TAAGGCTGAATCCCTC-1-9,20221010-1_4,relapsed,N4,4.0452633,9.498188
GTGCCTCAGTGTACGG-1-9,20221010-1_4,relapsed,N4,-1.004339,11.1866
ATGGATTGACCAAACG-1-21,20221010-4_16,relapsed,N4,2.109903,8.791912
AACAACTGGTAGTTGC-1-21,20221010-4_16,relapsed,N4,2.144494,10.620803
CGGTATAGGTATTAGC-1-9,20221010-1_4,relapsed,N4,0.22471194,8.441581
AGTATAATACTAGGCA-1-21,20221010-4_16,relapsed,N4,2.1470125,10.204923
TCTTACTTATGCCTCT-1-9,20221010-1_4,relapsed,N4,4.669775,9.549587
CATACAAAGCCGAACC-1-21,20221010-4_16,relapsed,N4,2.4629962,8.157334
TGGAAGAAGGGAACGT-1-21,20221010-4_16,relapsed,N4,2.2348132,11.668276
CACGTTTCGTACACAC-1-21,20221010-4_16,relapsed,N4,2.167428,11.248605
AGGTAGGTACAAAGCT-1-9,20221010-1_4,relapsed,N4,-0.23635258,11.369921
TGTAACTTGTCAACCT-1-21,20221010-4_16,relapsed,N4,2.4793723,9.283381
CCGCTGGTGCCATTCA-1-9,20221010-1_4,relapsed,N4,-0.031216403,6.620131
ACCTCCGCCCTCGCTG-1-21,20221010-4_16,relapsed,N4,2.0556045,10.5574255
ATATCAACCTACAGAG-1-9,20221010-1_4,relapsed,N4,-0.71897054,8.408313
CCACGAATTTAACCTC-1-21,20221010-4_16,relapsed,N4,4.6483855,7.8824105
TTAATGTAGACCAGGT-1-9,20221010-1_4,relapsed,N4,-0.8330724,8.696805
ATTTGGAGATTGCGGT-1-21,20221010-4_16,relapsed,N4,2.1211429,9.825831
ACGCGCTACACAGGGT-1-9,20221010-1_4,relapsed,N4,3.664356,10.874935
TTAGTAGGGCGGCGGG-1-9,20221010-1_4,relapsed,N4,-0.5408961,11.697075
ACGTCCTAAACGAGAT-1-21,20221010-4_16,relapsed,N4,6.09605,9.801937
ACTGATTTAGTGATTC-1-21,20221010-4_16,relapsed,N4,7.002775,9.488678
ATAAGTAGGATTCAGA-1-9,20221010-1_4,relapsed,N4,0.32630348,11.388293
CTGGGATCGCCCAGAT-1-21,20221010-4_16,relapsed,N4,4.752429,9.4822235
TCTGTCATACAAGAGC-1-21,20221010-4_16,relapsed,N4,1.8942753,6.821695
TCTATTACGCTGGCGA-1-9,20221010-1_4,relapsed,N4,-0.18161513,6.734184
GGCGCGTTCGAGTTTA-1-21,20221010-4_16,relapsed,N4,2.5536962,10.565683
TCTTAGAGCTCCAATT-1-21,20221010-4_16,relapsed,N4,4.213512,9.304381
ACCTTTCCTTTAGAAG-1-21,20221010-4_16,relapsed,N4,6.632833,9.496087
TTAGTTATTCGTGGCA-1-9,20221010-1_4,relapsed,N4,3.1901412,10.985759
ACATTAGTTTATATCC-1-9,20221010-1_4,relapsed,N4,2.3093395,10.776526
GCAACCACCAGACCGG-1-21,20221010-4_16,relapsed,N4,5.6215014,9.274847
AACGTCAGACTAGTGG-1-21,20221010-4_16,relapsed,N4,3.114066,8.541523
CACCGGAGATATCTCC-1-9,20221010-1_4,relapsed,N4,-0.44845715,11.637018
ATCCTGAATCGCTGCG-1-9,20221010-1_4,relapsed,N4,7.204618,9.611034
CTAGCCACAGGCGAGC-1-21,20221010-4_16,relapsed,N4,4.959005,9.106362
GAGTAAGGCCACGGGA-1-21,20221010-4_16,relapsed,N4,2.0033758,10.493896
GCTTCCGTCCCTAGAC-1-21,20221010-4_16,relapsed,N4,2.9532428,9.111884
TGAAGTAGCTTACGGA-1-21,20221010-4_16,relapsed,N4,4.439101,8.755612
GCAGACCCAGCACGTA-1-9,20221010-1_4,relapsed,N4,1.6623319,10.134714
AAATGTATCTTATCCC-1-21,20221010-4_16,relapsed,N4,5.311631,10.966984
CGCAATCGATCATTAG-1-21,20221010-4_16,relapsed,N4,4.3516474,8.730471
GTGTCCGATAAGGCAT-1-9,20221010-1_4,relapsed,N4,7.248624,9.436757
CACGCAGCGAGGCTTT-1-21,20221010-4_16,relapsed,N4,1.977314,9.527301
TGTATTTACCTAATGC-1-21,20221010-4_16,relapsed,N4,0.62589014,8.175749
CAACGTGGTGGAGTCT-1-21,20221010-4_16,relapsed,N4,2.8251123,9.409296
AAGCGGCGTCATGGGT-1-21,20221010-4_16,relapsed,N4,5.0868382,7.185483
CATTACGTCGGCCCGT-1-21,20221010-4_16,relapsed,N4,2.473554,9.070188
CCTTCTTGATCCAGTG-1-21,20221010-4_16,relapsed,N4,2.3859777,8.657258
GATGACGATGATCGCG-1-9,20221010-1_4,relapsed,N4,2.1303086,10.742155
CTTAAATAAGACCCAT-1-21,20221010-4_16,relapsed,N4,5.3926644,10.807684
TCGGAATGACCATCAA-1-21,20221010-4_16,relapsed,N4,3.8591027,10.867122
GACCGACTGAAGCGTC-1-9,20221010-1_4,relapsed,N4,0.30385384,11.610795
TCACAGGGAATCGCAA-1-9,20221010-1_4,relapsed,N4,1.4928168,10.4281225
CGGTACGGCAAACCCA-1-21,20221010-4_16,relapsed,N4,1.4729798,9.389526
TCATGCAGGTTCTCAT-1-21,20221010-4_16,relapsed,N4,2.2635856,8.581444
ATTGTACAACTCGGCT-1-9,20221010-1_4,relapsed,N4,-0.35493007,11.659941
CCCTGGCTGTTCCTTC-1-21,20221010-4_16,relapsed,N4,1.8457426,10.054404
ATTCCTAAGACGTGGA-1-21,20221010-4_16,relapsed,N4,2.6505747,11.258607
CCGATCTCAACCTTAT-1-9,20221010-1_4,relapsed,N4,2.9291,10.686057
CCTACGCGACCTTACA-1-9,20221010-1_4,relapsed,N4,3.6078346,10.986168
TTGAGAGTACTGCTAA-1-9,20221010-1_4,relapsed,N4,-0.46959114,10.526723
CATCTTACACCACCTC-1-9,20221010-1_4,relapsed,N4,6.7918344,10.79594
TAGGTGAGCCCTACTC-1-21,20221010-4_16,relapsed,N4,2.855427,10.25167
CAGCCTCTCCTCAAGA-1-9,20221010-1_4,relapsed,N4,-2.6877406,5.041862
CGTCGTCCTTCGCGAA-1-21,20221010-4_16,relapsed,N4,2.1415246,9.470741
TCTTACGGCATCCGAC-1-21,20221010-4_16,relapsed,N4,1.9897001,10.578246
TGCATGTGGTAATCTA-1-21,20221010-4_16,relapsed,N4,3.170504,8.605504
CCTGCGTTCTACGCTT-1-21,20221010-4_16,relapsed,N4,1.8343844,8.484388
CTGCAAATGGGCTCCA-1-21,20221010-4_16,relapsed,N4,3.2775538,9.670687
CGAAACATAGATGGCA-1-21,20221010-4_16,relapsed,N4,3.2643905,8.725689
AAGTTCAGTCTGCGTA-1-9,20221010-1_4,relapsed,N4,-1.138621,7.668883
CCGCTGGTGCCATTCA-1-21,20221010-4_16,relapsed,N4,6.474812,9.9253235
AGTACCTTCGAGTGCT-1-9,20221010-1_4,relapsed,N4,2.2762766,10.941739
AGTACATCATTTATCA-1-9,20221010-1_4,relapsed,N4,2.5969663,11.1386385
GACTCGGTCGGCGGAT-1-9,20221010-1_4,relapsed,N4,-0.3675467,11.592553
TCAATACAATTGCTGC-1-21,20221010-4_16,relapsed,N4,3.2585804,9.322859
GGAATGCGCTAGCGTG-1-21,20221010-4_16,relapsed,N4,4.5768323,9.904912
CTTGCCCAGGCTCTAC-1-21,20221010-4_16,relapsed,N4,3.4716089,10.611739
GATGTCCGGATCACAT-1-9,20221010-1_4,relapsed,N4,-0.3754048,11.366981
CTCAAGACATTAGCGC-1-21,20221010-4_16,relapsed,N4,1.9109395,9.886414
CTGGCTGCTAACGTAA-1-21,20221010-4_16,relapsed,N4,5.1605053,9.892855
GATGCCAGCAGAAGGC-1-9,20221010-1_4,relapsed,N4,2.965799,11.245015
TGTGTCGCGAGTTGCA-1-21,20221010-4_16,relapsed,N4,4.145024,7.8632817
GACGCCTGTTGCAGGG-1-21,20221010-4_16,relapsed,N4,3.0130136,6.8178773
TCCTGGCGCTGCCTGG-1-9,20221010-1_4,relapsed,N4,2.9241328,10.750018
ACTTTGACTGCATCCT-1-21,20221010-4_16,relapsed,N4,1.8511589,7.5774674
CCCTGGTATGGGCGGC-1-21,20221010-4_16,relapsed,N4,3.367354,10.939369
AATTCATAAGGGATCT-1-9,20221010-1_4,relapsed,N4,-1.5328168,6.7709517
AAAGGTAAGCTGTACC-1-9,20221010-1_4,relapsed,N4,4.5128994,10.069353
CAATGTGCCAACCCTT-1-21,20221010-4_16,relapsed,N4,6.6365767,6.278107
TCCGGAGGAAGGGCTG-1-9,20221010-1_4,relapsed,N4,-1.1996794,9.83244
TCCCGTCGCGTCATAG-1-21,20221010-4_16,relapsed,N4,5.0762606,8.8357115
CTGCGGTAGTCACGTG-1-21,20221010-4_16,relapsed,N4,6.7233996,9.752323
ACCAATATGCAAGTTA-1-21,20221010-4_16,relapsed,N4,2.54882,8.966736
CCTAAAGGCTGACGCT-1-21,20221010-4_16,relapsed,N4,6.2733464,9.765632
CAATCCCTATACCAGC-1-21,20221010-4_16,relapsed,N4,6.1075845,9.22654
CTGTCACGCCAGGCGC-1-21,20221010-4_16,relapsed,N4,4.8736467,6.674462
CCAATTGAATGTTAAT-1-21,20221010-4_16,relapsed,N4,2.5801568,7.396794
AACACGCGGCCGCGAA-1-21,20221010-4_16,relapsed,N4,5.4940934,9.747157
CCATGCCCTAGATTTC-1-21,20221010-4_16,relapsed,N4,2.9858463,9.461846
AACTGAGGTCAGCGTC-1-9,20221010-1_4,relapsed,N4,-1.2301531,7.772313
TCAGAACCTCCACAGG-1-9,20221010-1_4,relapsed,N4,3.2507436,11.320611
ACGAAATGGGCGGCAC-1-9,20221010-1_4,relapsed,N4,-1.1301253,11.707072
GTGCGACAGGGAGTGT-1-9,20221010-1_4,relapsed,N4,3.2766507,11.656266
GGTGCTGATCACAAAG-1-21,20221010-4_16,relapsed,N4,2.1188207,8.548394
TCGGATCTGGATGACC-1-21,20221010-4_16,relapsed,N4,3.7907429,8.936797
TTCGGCAACCCGCTGA-1-21,20221010-4_16,relapsed,N4,3.692114,9.150924
CCATACTCGCCTCTCC-1-21,20221010-4_16,relapsed,N4,3.1848114,8.612289
ACAACGGTCCCTGCGA-1-21,20221010-4_16,relapsed,N4,3.0485885,7.157849
GTTCGCTGAGACGTCT-1-21,20221010-4_16,relapsed,N4,1.7307291,9.538246
GGCTAATGATTGAAAT-1-9,20221010-1_4,relapsed,N4,-0.7088293,7.7655616
TACCAGAAGTAGGTTC-1-9,20221010-1_4,relapsed,N4,1.157021,9.190067
CATGTAGGAGCGCCAA-1-9,20221010-1_4,relapsed,N4,3.439504,10.9709425
GGCGCTCCTCATCAAT-1-21,20221010-4_16,relapsed,N4,3.932677,10.110036
AGACTAGCCTTCCAGA-1-21,20221010-4_16,relapsed,N4,3.2493372,8.459099
CGCTTTCTTGCATTCG-1-21,20221010-4_16,relapsed,N4,6.328624,9.462743
TGTCATTTGTTGGGAA-1-9,20221010-1_4,relapsed,N4,2.1760786,11.457426
GCCATCGATGCTGCAT-1-9,20221010-1_4,relapsed,N4,-0.8199409,7.9537053
GTCGGATGTAGCGCGC-1-21,20221010-4_16,relapsed,N4,1.8511313,9.83083
TGGGTAAGGTTCCCGC-1-21,20221010-4_16,relapsed,N4,3.615038,10.877748
CTGTCACGCCAGGCGC-1-9,20221010-1_4,relapsed,N4,-0.47897518,10.134915
ATTGTGACTTCGCTGC-1-9,20221010-1_4,relapsed,N4,3.1233854,10.884812
GTGTGAATAACTTAGG-1-21,20221010-4_16,relapsed,N4,3.7271886,9.373956
GGTCTGAGAATCTGGA-1-21,20221010-4_16,relapsed,N4,4.3554344,9.518395
TGGGATGCACTCATTC-1-9,20221010-1_4,relapsed,N4,-1.9402342,2.9716272
ATGTTACGAGCAATAC-1-9,20221010-1_4,relapsed,N4,2.2881362,9.08369
CGGCCACGCACAAAGT-1-21,20221010-4_16,relapsed,N4,3.794177,5.7349315
GCCTATGCTGGGCCTT-1-9,20221010-1_4,relapsed,N4,-1.1816951,11.528858
TGATTATGGCACGCAG-1-9,20221010-1_4,relapsed,N4,6.4464316,9.429255
CGCCTGGCCTACGTAA-1-21,20221010-4_16,relapsed,N4,1.7113833,8.7237425
TAATCGATCCGTACGT-1-9,20221010-1_4,relapsed,N4,-1.55107,7.5383234
CAGATCATTTAAAGTC-1-9,20221010-1_4,relapsed,N4,1.8473598,10.317267
TACGCAGTTCTTTCCT-1-21,20221010-4_16,relapsed,N4,2.3550773,11.002333
CCTCGCGCTGTGCGAT-1-9,20221010-1_4,relapsed,N4,1.4242221,11.65223
CGACTTTGTATAGCCT-1-9,20221010-1_4,relapsed,N4,2.693095,10.881151
GTGGACCAACCCGATT-1-21,20221010-4_16,relapsed,N4,1.5642351,9.289681
TTAGCTAATACGATCT-1-9,20221010-1_4,relapsed,N4,-1.5049793,7.483648
TACGCTATAGAAACCT-1-9,20221010-1_4,relapsed,N4,0.98160523,8.533659
AAACAGAGCGACTCCT-1-9,20221010-1_4,relapsed,N4,-2.351059,7.1092086
TTGCTGGCCGGGCTTC-1-21,20221010-4_16,relapsed,N4,4.082371,9.102404
CTCTGGACGCCTGGTG-1-21,20221010-4_16,relapsed,N4,2.2647974,10.24498
TATTTGTTACCCTTTA-1-21,20221010-4_16,relapsed,N4,0.7556508,7.7399306
CTGTATGGTGTAGAAA-1-21,20221010-4_16,relapsed,N4,2.9378865,7.2863655
TGGGCCCATACTAATT-1-9,20221010-1_4,relapsed,N4,2.2757916,10.929213
GGCGCATGAATTGATG-1-21,20221010-4_16,relapsed,N4,2.6823096,10.835511
CCTCCCGACAATCCCT-1-9,20221010-1_4,relapsed,N4,-2.4023826,5.2394686
GTTCATCGTTTGGCTG-1-9,20221010-1_4,relapsed,N4,2.5591052,11.051688
GAGCTCTCGGACCTAA-1-21,20221010-4_16,relapsed,N4,2.2731104,9.328103
TCTTTAGCAGGCGAAC-1-21,20221010-4_16,relapsed,N4,3.2153764,7.034087
GGACTAAGTCAGGAGT-1-21,20221010-4_16,relapsed,N4,2.2965975,8.511569
TGCTCCACAGTTCTTA-1-9,20221010-1_4,relapsed,N4,2.394534,7.322044
AAATCGTGTACCACAA-1-21,20221010-4_16,relapsed,N4,4.3382773,10.220718
CTTTAATATTGGTCGA-1-21,20221010-4_16,relapsed,N4,2.7992773,9.968752
CTAGGTCTGAAGGAAT-1-9,20221010-1_4,relapsed,N4,-1.3714725,7.7425227
GATGCGAATGGTATTA-1-21,20221010-4_16,relapsed,N4,3.3816466,9.549422
CGGCTCTTCGTCGAAC-1-21,20221010-4_16,relapsed,N4,6.0607414,9.158298
TCTACACGTTCATGCA-1-21,20221010-4_16,relapsed,N4,5.0375943,9.091427
GCACAAGTGGATCATA-1-21,20221010-4_16,relapsed,N4,5.31862,9.253103
AGAGCAGTTATGAGAC-1-21,20221010-4_16,relapsed,N4,1.9345664,7.793847
TGACATCGAGCGGACC-1-9,20221010-1_4,relapsed,N4,3.6626823,11.508588
GAGCTGTCGTCTCGGA-1-21,20221010-4_16,relapsed,N4,6.62923,9.570655
TTGCATGCTGATCACG-1-9,20221010-1_4,relapsed,N4,2.0093389,11.187876
TTGGATATCGTCTACG-1-9,20221010-1_4,relapsed,N4,2.084304,11.276051
TTGAAAGGTGTAAAGG-1-21,20221010-4_16,relapsed,N4,3.2117755,9.424636
AGTCAAGATGACACTT-1-9,20221010-1_4,relapsed,N4,2.946662,10.662911
ACCGTTCCCGCTCTGA-1-21,20221010-4_16,relapsed,N4,2.3366282,8.310576
AGCACTTAAGGACGCC-1-21,20221010-4_16,relapsed,N4,3.5135925,9.865348
CGTTAGCTCACAACTG-1-21,20221010-4_16,relapsed,N4,2.5466707,11.240556
TCGGTGACCGCTCCGG-1-9,20221010-1_4,relapsed,N4,-1.3867902,9.667514
GCTGGACCCAAAGTGG-1-9,20221010-1_4,relapsed,N4,2.1298232,9.531224
TTGTTCTAGATACGCT-1-21,20221010-4_16,relapsed,N4,5.373187,8.266657
TAACTGAAATACGCCT-1-21,20221010-4_16,relapsed,N4,6.1288366,10.231206
CCGCGTAGGTAAGGGC-1-9,20221010-1_4,relapsed,N4,-0.88567543,10.966247
ATCCAGAGCAACAACC-1-9,20221010-1_4,relapsed,N4,1.6978596,11.230808
GCTAAACCTGAGGTGA-1-21,20221010-4_16,relapsed,N4,3.332405,9.652139
CATCATCTACCCGGAC-1-21,20221010-4_16,relapsed,N4,1.654335,9.562616
CCATGGCCCTTGTACC-1-9,20221010-1_4,relapsed,N4,3.9191206,11.20219
GTGCGTGTATATGAGC-1-21,20221010-4_16,relapsed,N4,2.5360382,8.862317
TCCTGCCAACTGGAGA-1-21,20221010-4_16,relapsed,N4,6.35491,9.685169
TATCTACCACAGCGGG-1-21,20221010-4_16,relapsed,N4,2.1990383,10.188783
TAAATGAATCCGTTTC-1-21,20221010-4_16,relapsed,N4,4.665665,6.2403526
GCAAGAATTCCTTGGC-1-9,20221010-1_4,relapsed,N4,-0.6628568,7.379503
TTCTTCGCAATAGAGC-1-9,20221010-1_4,relapsed,N4,2.7255254,11.055073
CACTCCTCTCGGTCGG-1-21,20221010-4_16,relapsed,N4,4.4759593,9.339782
CCGGTAATGGCTAGTC-1-21,20221010-4_16,relapsed,N4,6.0798197,7.0658855
TGTTGTCAAGAAGTCT-1-21,20221010-4_16,relapsed,N4,3.1641562,6.7356
CTGCACAACTACATAT-1-9,20221010-1_4,relapsed,N4,0.33619335,8.363779
CGACACGCTCCGACAG-1-9,20221010-1_4,relapsed,N4,-0.20113966,7.626849
GTAGCTAGTAAGCGCG-1-21,20221010-4_16,relapsed,N4,5.912102,8.178408
TATGCTCCCTACTTAC-1-21,20221010-4_16,relapsed,N4,2.5360782,8.17567
GCCCATGGGTGCAATG-1-9,20221010-1_4,relapsed,N4,-0.90014863,11.277169
CTGGGCGGCCAAATGT-1-21,20221010-4_16,relapsed,N4,2.1445334,7.54813
ATAAGGTGGAGAACAT-1-9,20221010-1_4,relapsed,N4,2.1792533,11.449842
TGGTTCGTAGCAAAGG-1-21,20221010-4_16,relapsed,N4,2.3069093,8.52943
TTGCACAATTCAGAAA-1-21,20221010-4_16,relapsed,N4,2.987556,11.448539
CCCTAGGCAACAAGAG-1-21,20221010-4_16,relapsed,N4,1.8503139,10.33546
AAATTCCAGGTCCAAA-1-21,20221010-4_16,relapsed,N4,3.161728,7.8189297
ACGAGATATTTGCTTA-1-21,20221010-4_16,relapsed,N4,-0.3099269,8.615612
TGAGTGGTCCGTGACG-1-21,20221010-4_16,relapsed,N4,3.0450883,10.191075
CTACTGCCACCTGACC-1-9,20221010-1_4,relapsed,N4,-0.5375487,7.3502717
AGAGCCGCCGAGATTT-1-21,20221010-4_16,relapsed,N4,3.610282,8.235142
CTAATTCTCAGATATT-1-9,20221010-1_4,relapsed,N4,3.0332875,11.075394
ATCAGTAGGCAGGGAT-1-21,20221010-4_16,relapsed,N4,2.8696141,7.9699316
TCGTATTACCCATTGC-1-9,20221010-1_4,relapsed,N4,2.8644392,11.7454815
AAATTACACGACTCTG-1-21,20221010-4_16,relapsed,N4,1.7956314,9.513698
ACCAGTGCCCGGTCAA-1-9,20221010-1_4,relapsed,N4,1.379098,8.204085
GAGGCTATCAAAGTCG-1-9,20221010-1_4,relapsed,N4,0.66301894,9.901458
TCATCACTCGAGCTCG-1-8,20221010-1_3,mrd12,N5,3.4181678,11.634837
GCTGGCATATTCACCT-1-20,20221010-4_15,mrd12,N5,-0.8619343,10.1922
GTGTACCTTGGCTACG-1-20,20221010-4_15,mrd12,N5,-0.9546789,9.696491
TCTTACGGCATCCGAC-1-8,20221010-1_3,mrd12,N5,1.4972259,9.072887
CTTTAACTTTCAAAGG-1-20,20221010-4_15,mrd12,N5,2.107013,11.134305
CCATGCCTGTTTAGTA-1-20,20221010-4_15,mrd12,N5,2.2174294,10.116719
GCGATTGTTAACGTTA-1-20,20221010-4_15,mrd12,N5,2.0591605,10.841767
CGCCTCCCTCCTCTAT-1-8,20221010-1_3,mrd12,N5,1.2228041,8.343824
CCGCACGTGACCTCGG-1-20,20221010-4_15,mrd12,N5,-0.6600612,9.360057
TAGTCTAACAACGAGA-1-20,20221010-4_15,mrd12,N5,2.9371054,10.506481
ATTAATTCGGTCACTC-1-20,20221010-4_15,mrd12,N5,0.83800524,11.727505
ATTGAAGATCTTAGTG-1-20,20221010-4_15,mrd12,N5,2.8513434,11.431428
AATCGGGACACTACGA-1-20,20221010-4_15,mrd12,N5,4.167887,11.655915
TACGCCATATTCTAAT-1-20,20221010-4_15,mrd12,N5,2.8106017,11.612434
GTGCCCGTTCGGATTC-1-20,20221010-4_15,mrd12,N5,1.1676512,11.614358
GCCTTCAGCCCTACCG-1-8,20221010-1_3,mrd12,N5,0.7537065,7.0453787
CCATCTCACCAGTGAA-1-20,20221010-4_15,mrd12,N5,1.0902506,9.6215105
ACGATCATACATAGAG-1-20,20221010-4_15,mrd12,N5,1.2833489,11.040021
GGTTAGTTACGGCGCC-1-20,20221010-4_15,mrd12,N5,0.32919517,9.944058
GAGGTCCCAAAGATCT-1-20,20221010-4_15,mrd12,N5,0.8734918,8.191049
AAATGCTCGTTACGTT-1-20,20221010-4_15,mrd12,N5,2.1626265,10.938056
GTGCCATCACACGGTG-1-20,20221010-4_15,mrd12,N5,2.247427,8.463734
AGCGGGAAGGGTCCAT-1-20,20221010-4_15,mrd12,N5,1.3102318,11.997344
GTCACTCTCCAAATCT-1-20,20221010-4_15,mrd12,N5,1.4051827,10.981823
GCAGATTAGGGATATC-1-20,20221010-4_15,mrd12,N5,2.1193335,10.56622
ACTTTCCTATAGCTTC-1-20,20221010-4_15,mrd12,N5,1.5356429,9.764639
GTCAAGCGGACTCGGG-1-20,20221010-4_15,mrd12,N5,1.0057651,11.824435
TAACTATCGAAGGTCC-1-20,20221010-4_15,mrd12,N5,0.49394,10.492448
CTACTGCCACCTGACC-1-20,20221010-4_15,mrd12,N5,1.1440848,10.1282625
GCTCTAAACCCTGACG-1-20,20221010-4_15,mrd12,N5,0.1695444,11.451679
GAATTTCTCGCTGCAG-1-20,20221010-4_15,mrd12,N5,0.44017205,10.516839
CAATTTCGTATAAGGG-1-20,20221010-4_15,mrd12,N5,1.1917366,8.413343
TCCGTAACCACAATCC-1-20,20221010-4_15,mrd12,N5,0.57228,10.445775
TTAGACGAGTCACCTC-1-20,20221010-4_15,mrd12,N5,1.8480265,11.673587
CAGCCTCCTGCAGAGG-1-20,20221010-4_15,mrd12,N5,1.3155695,10.673952
TTGTAAGGCCAGTTGG-1-20,20221010-4_15,mrd12,N5,0.040062353,10.932671
GAGCTAAGGGCATATC-1-20,20221010-4_15,mrd12,N5,-0.8506524,9.45914
CCTTCTCAGCGTTCCT-1-8,20221010-1_3,mrd12,N5,1.7551491,9.61161
CCAATAGTGCCGTCGA-1-20,20221010-4_15,mrd12,N5,0.11211003,11.270516
CTAATTCGCACGCGCT-1-20,20221010-4_15,mrd12,N5,-1.1807905,7.3456397
CCATAAACAACCCGAC-1-20,20221010-4_15,mrd12,N5,1.6895941,9.62532
GCCTATTCCGATATAG-1-20,20221010-4_15,mrd12,N5,0.28611028,10.6648655
CTGTATGGTGTAGAAA-1-20,20221010-4_15,mrd12,N5,0.45531934,11.427196
CTAGGTCTGAAGGAAT-1-20,20221010-4_15,mrd12,N5,0.41007003,11.931233
GCAAGTGCACAGAGAA-1-20,20221010-4_15,mrd12,N5,0.89267606,12.041633
GCCGAAATTCCTACGT-1-8,20221010-1_3,mrd12,N5,2.9252203,11.432818
CACGCACAGCGCAGCT-1-20,20221010-4_15,mrd12,N5,0.6969793,11.177546
GAGGAATGGAGAGGTT-1-8,20221010-1_3,mrd12,N5,-0.4237005,11.036142
TACGTGCACTATGCTG-1-20,20221010-4_15,mrd12,N5,0.26253968,11.627738
ACTTAGTACGACAAGA-1-20,20221010-4_15,mrd12,N5,1.0820091,11.355233
AGGCTATGGTTAGCTT-1-20,20221010-4_15,mrd12,N5,-0.30014357,9.883384
GATAAATCGGTGGATG-1-20,20221010-4_15,mrd12,N5,1.6204057,11.732218
AGTCGGCCCAAACGAC-1-20,20221010-4_15,mrd12,N5,1.427794,9.858264
TCGCATCCCTAAGTGT-1-20,20221010-4_15,mrd12,N5,-1.174587,8.75871
GGGCTGCCTAGGGCGA-1-20,20221010-4_15,mrd12,N5,-0.3757182,9.248301
TCCACAATGGTTTACG-1-20,20221010-4_15,mrd12,N5,0.73475516,10.635215
ATTCTCGTCTCTTTAG-1-8,20221010-1_3,mrd12,N5,0.12780103,11.746674
CGCAATTACTTTCGGT-1-20,20221010-4_15,mrd12,N5,-0.9843245,11.049081
TCCCAGGCTTAGCTAA-1-20,20221010-4_15,mrd12,N5,0.9386916,11.653515
AAACGAGACGGTTGAT-1-20,20221010-4_15,mrd12,N5,0.33455828,9.811763
CCTGCCCGTTGTCTAG-1-8,20221010-1_3,mrd12,N5,-0.6716273,10.690151
CTCGGTCCGTAGCCTG-1-8,20221010-1_3,mrd12,N5,3.7720933,9.999449
ACTGCCGTCGTAACTC-1-20,20221010-4_15,mrd12,N5,0.7320997,10.241456
ACGTATTACTCCGATC-1-20,20221010-4_15,mrd12,N5,1.2485927,9.507072
CCTCACCAATCTTGAC-1-20,20221010-4_15,mrd12,N5,0.9303963,11.98371
ATAGGGATATCCTTGA-1-20,20221010-4_15,mrd12,N5,-0.26848346,9.5384865
TTATCTGTATCATAAC-1-20,20221010-4_15,mrd12,N5,0.6096689,10.57504
TCCAGAGCACCGGTTC-1-20,20221010-4_15,mrd12,N5,1.5225482,11.1599865
CGCATTAGCTAATAGG-1-20,20221010-4_15,mrd12,N5,0.89666075,10.557845
ATCATCCAATATTTGT-1-20,20221010-4_15,mrd12,N5,0.98230404,11.295132
AGTCAGCCACCGCCTG-1-20,20221010-4_15,mrd12,N5,1.5403087,9.470593
CTAAGGGAATGATTGG-1-20,20221010-4_15,mrd12,N5,0.57121366,11.683164
TGCGGCATAGTTCAAC-1-8,20221010-1_3,mrd12,N5,0.07921561,11.69848
CCTAAATTAACGGTTC-1-20,20221010-4_15,mrd12,N5,2.4027195,7.21157
CCGGGCTGCTCCATAC-1-20,20221010-4_15,mrd12,N5,-0.7595442,11.247436
CGTCAGTGCGCACAAG-1-8,20221010-1_3,mrd12,N5,-0.7161104,11.124775
TCGCGTCCAGAAGGTC-1-20,20221010-4_15,mrd12,N5,-0.5166669,9.488763
CTCGGTACCACTGCTC-1-20,20221010-4_15,mrd12,N5,0.90305233,11.288406
ACACAAAGACGGGTGG-1-20,20221010-4_15,mrd12,N5,2.1027672,8.232991
GCCCACCAAGGCTGTC-1-20,20221010-4_15,mrd12,N5,2.696822,11.686354
CATGCGACCAGTTTAA-1-20,20221010-4_15,mrd12,N5,0.7911995,11.620146
AGTGATTCAAGCAGGA-1-20,20221010-4_15,mrd12,N5,0.33578375,11.435142
GTCACAAAGTTTCCAA-1-20,20221010-4_15,mrd12,N5,0.3929928,11.542217
TTGTCGTTCAGTTACC-1-20,20221010-4_15,mrd12,N5,1.3209087,9.37646
CGTTTCGCTCATTACA-1-8,20221010-1_3,mrd12,N5,2.5204864,10.819421
TCCGATAATTGCCATA-1-20,20221010-4_15,mrd12,N5,0.9388077,9.777307
GCTCGGAATTTAAAGC-1-20,20221010-4_15,mrd12,N5,2.3020742,11.667613
TAACTCATCCGCGCGG-1-20,20221010-4_15,mrd12,N5,0.18527588,11.5701275
CTAGTGAAGGACAGGA-1-8,20221010-1_3,mrd12,N5,3.4244268,11.039176
GGGTTAACATTTGAGT-1-8,20221010-1_3,mrd12,N5,6.2151814,8.488944
TCCTTTCTTACGCTTA-1-20,20221010-4_15,mrd12,N5,0.8652363,11.53732
GTTACTTTGGGCCTAG-1-20,20221010-4_15,mrd12,N5,4.0735993,11.7039
ATTGATGAGTCCTAAC-1-20,20221010-4_15,mrd12,N5,2.9111047,11.2976055
TTCTACTTGCGAGGGC-1-20,20221010-4_15,mrd12,N5,0.608288,10.859275
GCGAAACTTAACTGGA-1-20,20221010-4_15,mrd12,N5,1.9097345,11.771402
ATAATACCGTTAGCCG-1-20,20221010-4_15,mrd12,N5,1.9626344,10.875476
TATACACGCAAAGTAT-1-20,20221010-4_15,mrd12,N5,0.95944196,11.672634
TATCGATGATTAAACG-1-20,20221010-4_15,mrd12,N5,1.9742143,11.727938
GCCAATAGGGCATCTC-1-20,20221010-4_15,mrd12,N5,2.182764,8.512432
CGGATAAGCGGACATG-1-20,20221010-4_15,mrd12,N5,1.4591272,11.494246
ACCATATCCGCAATAA-1-20,20221010-4_15,mrd12,N5,1.7439998,9.105461
TCACAGGTTATTGGGC-1-20,20221010-4_15,mrd12,N5,1.265038,9.503435
CTGGTAACGAGCTCTT-1-20,20221010-4_15,mrd12,N5,2.2971458,10.614402
CACTTAATCAGACGGA-1-20,20221010-4_15,mrd12,N5,1.2381353,11.516558
CGTGAAGTTAATTCAC-1-20,20221010-4_15,mrd12,N5,2.0334337,9.93898
TTAGACACGATCGTTG-1-20,20221010-4_15,mrd12,N5,1.4128853,11.2746105
TGAGTGGTCCGTGACG-1-20,20221010-4_15,mrd12,N5,0.6826182,11.30193
GATTCCTATACGGCGC-1-20,20221010-4_15,mrd12,N5,0.98902607,9.988315
ACCACAAGTTTCTATC-1-20,20221010-4_15,mrd12,N5,1.882502,11.148163
TACTTGTTAGTAGTCC-1-20,20221010-4_15,mrd12,N5,0.5623952,9.532298
CAAATTGTCAGCAAGC-1-20,20221010-4_15,mrd12,N5,1.3263006,11.041795
AACTCAAGTTAATTGC-1-20,20221010-4_15,mrd12,N5,1.819308,11.106738
ATTGCTGCTCCTCCAT-1-20,20221010-4_15,mrd12,N5,1.5754132,11.630361
GCGCTATGCCGAGGCA-1-20,20221010-4_15,mrd12,N5,2.0701952,10.151729
TCTGGGTAGCGCTCAT-1-8,20221010-1_3,mrd12,N5,2.6063151,11.791557
TCGAGACCAACACCGT-1-20,20221010-4_15,mrd12,N5,3.2605739,11.353048
ATGGAGCAGGCCGTGA-1-20,20221010-4_15,mrd12,N5,1.3946626,10.337794
CTTGAGTTAGGGTAAT-1-20,20221010-4_15,mrd12,N5,0.9185118,9.614406
ACAGCATAGAGCCAGT-1-20,20221010-4_15,mrd12,N5,4.9115176,11.03133
GGCGCATGAATTGATG-1-20,20221010-4_15,mrd12,N5,2.941068,10.329689
GTTTGGCCGCTCAGCG-1-20,20221010-4_15,mrd12,N5,1.323518,11.749785
CATGGTCTAGATACCG-1-20,20221010-4_15,mrd12,N5,1.7521281,10.933862
GGATGACGCGAGTTTA-1-8,20221010-1_3,mrd12,N5,2.3291976,11.064607
TTCAAAGTCTCTAGCC-1-20,20221010-4_15,mrd12,N5,0.9352163,10.856166
CATAGTAGCATAGTAG-1-20,20221010-4_15,mrd12,N5,2.0740619,11.6037655
GCACTGTGCAAATGTA-1-20,20221010-4_15,mrd12,N5,2.8110828,11.5468645
TTAGCTCTGTAATCCG-1-20,20221010-4_15,mrd12,N5,0.78570074,9.231477
GGTCTGAGAATCTGGA-1-20,20221010-4_15,mrd12,N5,1.621366,10.706925
CAAGCACCAAATGCCT-1-20,20221010-4_15,mrd12,N5,1.1664774,9.00342
TAGCCGGCGGTCAGCG-1-20,20221010-4_15,mrd12,N5,1.9242619,9.990154
GGCGGAGTAATATTAG-1-20,20221010-4_15,mrd12,N5,0.89482224,10.599368
CTAATTTCAACAACAC-1-20,20221010-4_15,mrd12,N5,1.1822432,9.463438
CTATCGGGTCTCAACA-1-20,20221010-4_15,mrd12,N5,1.0549289,11.306301
ATTACTTACTGGGCAT-1-20,20221010-4_15,mrd12,N5,2.057482,8.882789
AAGAGATGAATCGGTA-1-20,20221010-4_15,mrd12,N5,-0.45234993,9.354037
CATAGTACATTGAGAG-1-20,20221010-4_15,mrd12,N5,1.5366485,10.538055
AAGCTCGTGCCAAGTC-1-20,20221010-4_15,mrd12,N5,-1.0379721,9.035379
CCGGGTTCGAGGTTAC-1-20,20221010-4_15,mrd12,N5,1.1777009,10.083258
CATCGTCCGGTTACTA-1-20,20221010-4_15,mrd12,N5,2.1343076,10.085923
TACAACGCACAACTCA-1-20,20221010-4_15,mrd12,N5,2.1730597,11.563559
CATCTTACACCACCTC-1-20,20221010-4_15,mrd12,N5,0.92713064,11.128443
GGGATTTACCGCACCT-1-20,20221010-4_15,mrd12,N5,2.751893,8.717673
AGTGACCTACTTTACG-1-20,20221010-4_15,mrd12,N5,2.3631024,10.860673
TCTTAGAGTGAACTCT-1-20,20221010-4_15,mrd12,N5,1.2545435,9.2783785
CGCGTTCATGAAATAC-1-20,20221010-4_15,mrd12,N5,0.029714903,10.515743
CGCTATTCAATGTATG-1-20,20221010-4_15,mrd12,N5,0.7753668,11.17865
TGGCCGTATATTGACC-1-20,20221010-4_15,mrd12,N5,-0.9916173,10.036156
ATCAGTAGGCAGGGAT-1-20,20221010-4_15,mrd12,N5,0.8738801,11.152991
TATGGTTAGTGGGAGA-1-20,20221010-4_15,mrd12,N5,1.5672594,8.132733
TCTTACTTATGCCTCT-1-20,20221010-4_15,mrd12,N5,1.8285128,11.698067
AACAGGAAATCGAATA-1-20,20221010-4_15,mrd12,N5,0.5397681,11.969258
AATGGTTCTCACAAGC-1-20,20221010-4_15,mrd12,N5,0.48943913,11.720545
GCATCCCTAACTTTGA-1-20,20221010-4_15,mrd12,N5,1.5312749,11.826289
AGGACATCGCACGTCG-1-20,20221010-4_15,mrd12,N5,1.0143418,10.219404
AACCGAGCTTGGTCAT-1-20,20221010-4_15,mrd12,N5,0.710188,11.409336
CATCGCCCGCGGCCAA-1-20,20221010-4_15,mrd12,N5,6.234874,11.18416
AGGGCTGCAGTTACAG-1-20,20221010-4_15,mrd12,N5,-1.6152216,9.337692
TCTGCGTCCGGTTTCT-1-20,20221010-4_15,mrd12,N5,2.1655881,11.730881
GGAATGCGCTAGCGTG-1-20,20221010-4_15,mrd12,N5,1.8477703,9.413448
ACGATACATAGAACTA-1-20,20221010-4_15,mrd12,N5,0.8466879,11.302419
ACGATCATCTTGTAAA-1-20,20221010-4_15,mrd12,N5,0.51353014,11.501606
CATGCTGGCTCCAATT-1-20,20221010-4_15,mrd12,N5,1.1216019,10.016166
TATCGATCTATGCATA-1-20,20221010-4_15,mrd12,N5,1.4538932,11.111304
CATAGCCGCCCGGGAT-1-20,20221010-4_15,mrd12,N5,0.54182184,10.380262
GAAGTGCTGGATAGCT-1-20,20221010-4_15,mrd12,N5,1.0843911,11.773352
AATGAGTTCGCATATG-1-20,20221010-4_15,mrd12,N5,1.8539242,10.617142
CTAGTGAAGGACAGGA-1-20,20221010-4_15,mrd12,N5,0.9141671,10.994966
AGAACGTGGTACATTC-1-20,20221010-4_15,mrd12,N5,0.42194274,11.1240635
GTTATTAACGTGGGAG-1-20,20221010-4_15,mrd12,N5,-0.45483646,7.98023
AAGGTATCCTAATATA-1-20,20221010-4_15,mrd12,N5,2.4919813,8.3979435
CAGCAGCCCGTTCCTT-1-20,20221010-4_15,mrd12,N5,-1.3919274,8.282472
TAGACTACCTAGCGTT-1-20,20221010-4_15,mrd12,N5,1.0688901,11.472635
AAGAGCTCTTTATCGG-1-20,20221010-4_15,mrd12,N5,1.999058,10.761556
CAAGCAACGTCGGAGT-1-20,20221010-4_15,mrd12,N5,2.0750756,10.309695
TTGGCCATCTTGCGCT-1-20,20221010-4_15,mrd12,N5,1.5533485,11.578901
ACTCTCTGACTTAGGT-1-20,20221010-4_15,mrd12,N5,1.0843958,11.80061
TAGCAACCTGTCACAA-1-20,20221010-4_15,mrd12,N5,0.19017045,10.819862
CTGCCATGCATCACAT-1-20,20221010-4_15,mrd12,N5,1.4111886,10.866026
AGTATAATACTAGGCA-1-20,20221010-4_15,mrd12,N5,0.33742273,9.943352
GATGGCGCACACATTA-1-20,20221010-4_15,mrd12,N5,1.0749382,10.767866
GGTCGGTAATTAGACA-1-20,20221010-4_15,mrd12,N5,2.399592,11.804418
TACAAGTCTCGTGCAT-1-20,20221010-4_15,mrd12,N5,0.33315444,9.972617
CAGGCCGTTTGGGTGT-1-20,20221010-4_15,mrd12,N5,2.1560647,10.227297
ACATGGCGCCAAAGTA-1-20,20221010-4_15,mrd12,N5,1.616724,9.482523
CGACTCAGGATGTTAT-1-20,20221010-4_15,mrd12,N5,2.58363,7.183352
ATCGCACGCCGGGAGA-1-20,20221010-4_15,mrd12,N5,0.74652654,11.462936
TATCACCCAACCGACC-1-20,20221010-4_15,mrd12,N5,2.3255801,8.402817
TCCGATGACTGAGCTC-1-20,20221010-4_15,mrd12,N5,1.5604161,11.847196
GAACGACCGAATGATA-1-20,20221010-4_15,mrd12,N5,1.0481105,10.798844
TTAAACCTGGTTCCTT-1-20,20221010-4_15,mrd12,N5,0.8921548,8.903973
TAGTGCCCTCCAGAGT-1-8,20221010-1_3,mrd12,N5,2.0642338,10.941212
CCAGATAGTTGAGTGA-1-20,20221010-4_15,mrd12,N5,2.1590726,11.226447
GGTAGTGCTCGCACCA-1-20,20221010-4_15,mrd12,N5,-1.8086851,8.000205
ACAACAGCATGAGCTA-1-20,20221010-4_15,mrd12,N5,0.8695943,11.711038
CACGAAAGTTAGTCCC-1-8,20221010-1_3,mrd12,N5,-0.22823562,11.832824
GCCGCTTGTGAGAAAC-1-20,20221010-4_15,mrd12,N5,1.9136705,9.261757
TGCGCGATTAACGGAG-1-20,20221010-4_15,mrd12,N5,1.0511432,11.268137
CTGGCTGGTTGTCAGT-1-20,20221010-4_15,mrd12,N5,2.0024905,11.819045
ACGTACAGATTTCTCT-1-20,20221010-4_15,mrd12,N5,-0.002970504,10.892031
TCGCTCGATATATTCC-1-20,20221010-4_15,mrd12,N5,0.7516936,11.103987
ATATTCCCACAGGTCA-1-20,20221010-4_15,mrd12,N5,0.9967121,9.109885
GCGCCGTTCCACGATA-1-20,20221010-4_15,mrd12,N5,0.662038,11.087286
ATACTAGCATGACCCT-1-20,20221010-4_15,mrd12,N5,1.6032224,8.912955
GTACACTTACCTGAAG-1-8,20221010-1_3,mrd12,N5,3.586228,10.019725
CTGATAGTGTATCTCA-1-20,20221010-4_15,mrd12,N5,0.8531645,9.997992
TGCGGTGAAATTTCAT-1-20,20221010-4_15,mrd12,N5,1.9389868,8.7409315
ATTATGCCATAGGGAG-1-20,20221010-4_15,mrd12,N5,0.7082848,11.625944
GCGAGTTCTGCAAAGA-1-20,20221010-4_15,mrd12,N5,-0.47834277,11.773156
TCGTTGGCTCGTCAAT-1-20,20221010-4_15,mrd12,N5,2.0174608,11.644154
TGACTATAATCCTTTC-1-20,20221010-4_15,mrd12,N5,2.391702,10.433952
GTCTATCTGAGTTTCT-1-20,20221010-4_15,mrd12,N5,2.360868,11.050814
CTGGGTAGGCAGTTAA-1-20,20221010-4_15,mrd12,N5,1.5814797,11.396608
ATAGTTCCACCCACTC-1-20,20221010-4_15,mrd12,N5,1.5470634,10.858834
CCACCCAAGGAAAGTG-1-20,20221010-4_15,mrd12,N5,1.0371361,9.63984
TGCACTATGTGAGTGC-1-20,20221010-4_15,mrd12,N5,2.0038614,10.991168
ATTTCATTATTTCGCG-1-20,20221010-4_15,mrd12,N5,0.6936249,12.096258
CGCAATTCTACAATAA-1-20,20221010-4_15,mrd12,N5,0.36183378,10.960468
AGCGACATCCCATTCA-1-8,20221010-1_3,mrd12,N5,1.7933807,11.357575
GAGGTACATCCATCTT-1-20,20221010-4_15,mrd12,N5,0.94296145,9.712665
CAGATACTAACATAGT-1-20,20221010-4_15,mrd12,N5,1.0753894,10.661173
CGCCCTTGAAGGCTGA-1-20,20221010-4_15,mrd12,N5,1.1444813,11.063724
CTCTGCGAAGCAAGCA-1-8,20221010-1_3,mrd12,N5,0.42939594,11.27325
ATAAATATTAGCAGCT-1-20,20221010-4_15,mrd12,N5,1.4327588,8.220142
CTTGCAACCGCCTCCT-1-8,20221010-1_3,mrd12,N5,2.5486667,11.489114
AGTGATAACCTGCGCG-1-20,20221010-4_15,mrd12,N5,2.1900592,10.741937
TTAGCAACATGGATGT-1-20,20221010-4_15,mrd12,N5,0.93761134,10.389447
GATATCTCATGCAATA-1-20,20221010-4_15,mrd12,N5,1.5624692,11.198213
ATGGTCGCGTGGTTTC-1-20,20221010-4_15,mrd12,N5,1.072985,10.101484
GAAGTTTCCACTCAAT-1-20,20221010-4_15,mrd12,N5,2.297831,11.202971
GCACTAGTCGCGCTAT-1-20,20221010-4_15,mrd12,N5,5.746732,11.292834
AGTGGCGGCAATTTGA-1-20,20221010-4_15,mrd12,N5,1.4077564,8.234475
AGACCCGCCCTCCTCG-1-20,20221010-4_15,mrd12,N5,0.23881221,10.511968
TGGCAACTCGCGCGCC-1-20,20221010-4_15,mrd12,N5,0.27036408,11.532138
CTAGGCGCCCTATCAG-1-20,20221010-4_15,mrd12,N5,2.609888,11.267256
GAAGCGTGAGGAATTT-1-20,20221010-4_15,mrd12,N5,1.7320514,11.31457
TGTCTACAGTTTCTGT-1-20,20221010-4_15,mrd12,N5,1.7830329,11.310904
CATACAAAGCCGAACC-1-20,20221010-4_15,mrd12,N5,0.6234874,12.092395
TTAATCAGTACGTCAG-1-20,20221010-4_15,mrd12,N5,0.63945985,11.779505
TAAGGCAACATAAGAT-1-20,20221010-4_15,mrd12,N5,1.785535,10.944606
TATAAATCCACAAGCT-1-20,20221010-4_15,mrd12,N5,1.8430042,10.77706
TAACAAAGGGAGAAGC-1-20,20221010-4_15,mrd12,N5,-0.11515563,11.370847
TTATTAGGGAAGCATC-1-20,20221010-4_15,mrd12,N5,1.3615116,11.797363
TTCACGAAAGGATCAC-1-20,20221010-4_15,mrd12,N5,1.2726296,11.710447
TGACCCACGTTAGACA-1-20,20221010-4_15,mrd12,N5,0.99841094,11.829379
AGCTATTTAATCCAAC-1-20,20221010-4_15,mrd12,N5,1.3236755,11.740673
ATCTTGACCTGCAACG-1-20,20221010-4_15,mrd12,N5,1.5923603,9.487443
CGTCATACCATATCCA-1-20,20221010-4_15,mrd12,N5,1.2431147,11.306882
ATAATAGTGTAGGGAC-1-20,20221010-4_15,mrd12,N5,0.8608229,10.774528
TCTCTAATAGCTGGTA-1-20,20221010-4_15,mrd12,N5,0.9380961,11.44419
TAGTCTGTGACGTTGC-1-20,20221010-4_15,mrd12,N5,1.9158379,10.930793
CTATGTCTATTGAAAC-1-20,20221010-4_15,mrd12,N5,1.7409838,11.809084
GGGTGTTTCAGCTATG-1-20,20221010-4_15,mrd12,N5,0.9741695,9.228176
TAGTACCTTAGTGGTC-1-20,20221010-4_15,mrd12,N5,1.1728565,9.8261175
GTAGGTGATCCGTGTA-1-20,20221010-4_15,mrd12,N5,2.256119,11.010676
GGCGGAGTAATATTAG-1-8,20221010-1_3,mrd12,N5,3.1766462,11.409687
AAATGGCATGTCTTGT-1-20,20221010-4_15,mrd12,N5,0.99019516,11.606306
CTGTTCACTGCCTGTG-1-20,20221010-4_15,mrd12,N5,2.585521,7.3311462
TTGTAATCCGTACTCG-1-20,20221010-4_15,mrd12,N5,1.397784,11.214651
TAAAGAGCCCGAAACC-1-20,20221010-4_15,mrd12,N5,3.865293,11.504903
GTACGTTTGCCCGTCA-1-20,20221010-4_15,mrd12,N5,1.6447884,11.824341
AGCCACTCCCGTGCTT-1-20,20221010-4_15,mrd12,N5,0.6055944,10.562329
CGCTAGAGACCGCTGC-1-20,20221010-4_15,mrd12,N5,2.2451868,9.695779
TGCTGGTTGGACAATT-1-20,20221010-4_15,mrd12,N5,1.4850696,11.00733
GTGCGGGTCTCCAAAT-1-20,20221010-4_15,mrd12,N5,1.0013148,11.780158
CCTACTGCTTACACTT-1-20,20221010-4_15,mrd12,N5,2.6556628,10.33541
AACCCAGAGACGGAGA-1-20,20221010-4_15,mrd12,N5,1.1914514,11.33501
TACCTGCTGCACTGTG-1-20,20221010-4_15,mrd12,N5,0.40299666,9.652002
AACCGTTGTGTTTGCT-1-20,20221010-4_15,mrd12,N5,1.2961471,10.14909
CGGCTTTGTATGATAA-1-20,20221010-4_15,mrd12,N5,5.6860127,11.411919
GACAACGACCATTGAA-1-20,20221010-4_15,mrd12,N5,0.034307953,11.486858
GAAGCTTGCTGACCGC-1-20,20221010-4_15,mrd12,N5,1.0287485,9.014669
AACCCTACTGTCAATA-1-20,20221010-4_15,mrd12,N5,0.8873379,11.690033
CCTCTGGCCTAGACGG-1-20,20221010-4_15,mrd12,N5,1.0034317,11.24823
GTACGACGGCGCTGCG-1-20,20221010-4_15,mrd12,N5,1.4781468,11.622078
ACGTTCCGCGCTCCGT-1-20,20221010-4_15,mrd12,N5,4.0148416,11.711406
CGTTGTAAACGTCAGG-1-20,20221010-4_15,mrd12,N5,0.28593335,10.078927
AGGCCCATTGTACAGG-1-20,20221010-4_15,mrd12,N5,2.387885,7.135744
CGCACATGTCCACTAC-1-20,20221010-4_15,mrd12,N5,1.9335377,9.220216
GAAATCGCGCGCAACT-1-20,20221010-4_15,mrd12,N5,1.3700732,11.571301
GTAAGTAGGGTATACC-1-20,20221010-4_15,mrd12,N5,-0.85171914,8.131006
CGGGCAGCTAAACCGC-1-20,20221010-4_15,mrd12,N5,2.0799675,10.935429
CTAAATCCTATTCCGG-1-20,20221010-4_15,mrd12,N5,2.168493,9.710954
CTGTCAAATGGCTCGG-1-20,20221010-4_15,mrd12,N5,1.7236462,8.570089
GTACTGCATGAAGCGT-1-20,20221010-4_15,mrd12,N5,2.578439,11.291992
GCGGAGAGGGAGAACG-1-20,20221010-4_15,mrd12,N5,2.4283872,10.594346
CCTAGTTAGTCGCATG-1-20,20221010-4_15,mrd12,N5,1.5928377,10.667469
CTAGCCGATGTTATGA-1-20,20221010-4_15,mrd12,N5,0.93054384,11.008326
GATCATTCCAAACATT-1-20,20221010-4_15,mrd12,N5,1.8750453,10.14268
CCCGTAAGTCTAGGCC-1-20,20221010-4_15,mrd12,N5,1.5589721,8.98156
GATAACTCGCACTGTG-1-20,20221010-4_15,mrd12,N5,2.198421,10.526746
CCGGAATGGTTTCAGT-1-20,20221010-4_15,mrd12,N5,0.6999768,10.37924
TCTTAGAGCTCCAATT-1-20,20221010-4_15,mrd12,N5,2.4733956,9.763901
TCTATTACGCTGGCGA-1-20,20221010-4_15,mrd12,N5,1.2786953,12.052844
ATAACGGAGTCCAACG-1-20,20221010-4_15,mrd12,N5,2.1812212,11.692846
CCGCCGGTCAACACAC-1-8,20221010-1_3,mrd12,N5,1.2239571,11.441683
CACCATCGGAGGAGAC-1-8,20221010-1_3,mrd12,N5,-0.7292988,11.698882
ACTTGGGACCCGGTGG-1-20,20221010-4_15,mrd12,N5,-0.6539573,10.187272
GATCCCTTTATACTGC-1-20,20221010-4_15,mrd12,N5,1.9983841,9.01074
AACAGGATGGGCCGCG-1-20,20221010-4_15,mrd12,N5,0.6179182,9.872735
TCAACACATTGGGTAA-1-20,20221010-4_15,mrd12,N5,1.9416631,10.988354
CATACTATGTAATTGT-1-20,20221010-4_15,mrd12,N5,1.0851977,10.4864855
AACTTGCCCGTATGCA-1-8,20221010-1_3,mrd12,N5,1.9624845,10.474247
TAAGCAGGCGACACGC-1-20,20221010-4_15,mrd12,N5,0.4870515,10.911208
GAGTACGGGTATACAA-1-20,20221010-4_15,mrd12,N5,2.76253,11.754041
TCGGAGTACATGAGTA-1-20,20221010-4_15,mrd12,N5,1.2303364,11.94828
TCAACCATGTTCGGGC-1-20,20221010-4_15,mrd12,N5,1.895297,8.032742
GGTTAGGCTTGGAGAA-1-20,20221010-4_15,mrd12,N5,-0.2602064,10.4662075
GCCTCATCTGGAAATA-1-20,20221010-4_15,mrd12,N5,2.5179138,11.601712
CGAGCGTTGATCAGCC-1-20,20221010-4_15,mrd12,N5,2.1093206,11.059372
CCATTCCCTGCCCACA-1-20,20221010-4_15,mrd12,N5,2.3424876,10.712579
GTCATGGACATGACTA-1-20,20221010-4_15,mrd12,N5,1.0042926,10.576057
ATTTAACTCGTATTAC-1-20,20221010-4_15,mrd12,N5,-0.8153739,9.807112
ACAAGGACAAGAGGTT-1-8,20221010-1_3,mrd12,N5,2.940897,11.718359
TCACGCATTGTAGATC-1-8,20221010-1_3,mrd12,N5,2.721756,11.045879
TCATCCCAGAGGGTGG-1-20,20221010-4_15,mrd12,N5,1.7420503,9.512352
CTTAACTTCGAAGTAC-1-20,20221010-4_15,mrd12,N5,1.8123527,9.56761
GAAGAACGGTGCAGGT-1-20,20221010-4_15,mrd12,N5,3.5874107,11.52539
GGGCGATATGTGTGAA-1-20,20221010-4_15,mrd12,N5,2.025829,10.786314
TCGGACGCCCAGCCCA-1-20,20221010-4_15,mrd12,N5,0.61096203,11.337119
CACCCACGAGGCAATT-1-20,20221010-4_15,mrd12,N5,0.7948015,10.171153
TTGTTAGCAAATTCGA-1-20,20221010-4_15,mrd12,N5,0.7957235,10.119044
ACTATCCAGGGCATGG-1-20,20221010-4_15,mrd12,N5,1.8134851,11.430675
GAGGGCATCGCGTATC-1-20,20221010-4_15,mrd12,N5,2.2810478,11.491061
CGCCGCCCATGCCTGT-1-20,20221010-4_15,mrd12,N5,1.3825665,10.0109
CTTTGGCTTTAGTAAA-1-20,20221010-4_15,mrd12,N5,1.1392146,11.658937
CACCTAATCAGTTTAC-1-20,20221010-4_15,mrd12,N5,-0.0064413394,11.2997
GAAAGTGACTAACTGC-1-8,20221010-1_3,mrd12,N5,2.0253372,8.877226
GACGCTTGCTTCTAAA-1-8,20221010-1_3,mrd12,N5,0.8739153,11.145068
ATCTGTAATTGTACCC-1-20,20221010-4_15,mrd12,N5,1.4881587,11.827517
ACGATGCATATGTTAT-1-20,20221010-4_15,mrd12,N5,0.73980176,10.577751
AGGCCCTAGAACGCCA-1-8,20221010-1_3,mrd12,N5,-0.36821774,11.814678
CGAGCTGGGCTTTAGG-1-20,20221010-4_15,mrd12,N5,-0.0038678772,10.356654
GAAATACTAAACGTTT-1-20,20221010-4_15,mrd12,N5,1.7493528,11.74711
AGTGTGGTCTATTGTG-1-20,20221010-4_15,mrd12,N5,1.005758,9.32848
CATGATGCACAATTCT-1-20,20221010-4_15,mrd12,N5,2.4196136,9.070106
GCGTTATATTTGGAAC-1-20,20221010-4_15,mrd12,N5,2.2222118,10.793523
TGCAAGAATGACGTAA-1-20,20221010-4_15,mrd12,N5,0.8910966,11.04467
CATTACGTCGGCCCGT-1-20,20221010-4_15,mrd12,N5,0.6800767,11.754816
CTGGAAATGGATGCTT-1-20,20221010-4_15,mrd12,N5,1.8375225,10.30062
TTAGCTGATTTGCCGT-1-20,20221010-4_15,mrd12,N5,0.3664739,11.531929
ATTCCTCCGCCAGTGC-1-20,20221010-4_15,mrd12,N5,0.99119526,12.006014
CGGCACTCAAGAAAGT-1-20,20221010-4_15,mrd12,N5,1.901718,10.056467
CCCGACCATAGTCCGC-1-20,20221010-4_15,mrd12,N5,1.7067386,8.382267
TTATGAATGAAAGGGA-1-20,20221010-4_15,mrd12,N5,0.40865916,11.050518
GCTATCGCGGCGCAAC-1-20,20221010-4_15,mrd12,N5,2.101895,10.411285
CCATTAGCGATAATCC-1-20,20221010-4_15,mrd12,N5,-0.6465958,9.274567
AGGCCACCCGTTATGA-1-20,20221010-4_15,mrd12,N5,-0.081695564,10.221006
CAATCCTGCCGTGGAG-1-20,20221010-4_15,mrd12,N5,3.1118257,11.17808
ACTGTCCAGGATTATA-1-20,20221010-4_15,mrd12,N5,1.0366647,10.780607
CATCATCTACCCGGAC-1-20,20221010-4_15,mrd12,N5,0.64235353,8.361235
AACAGGATGGGCCGCG-1-8,20221010-1_3,mrd12,N5,3.2866516,10.838017
ACCTAATCGACTTCCT-1-8,20221010-1_3,mrd12,N5,2.691551,11.268313
ATACCAGGCTAATAGA-1-20,20221010-4_15,mrd12,N5,5.4112954,10.930683
TGCCATTACTAAAGAA-1-20,20221010-4_15,mrd12,N5,1.6210132,10.89208
GAGTGTGCGGTACCCA-1-20,20221010-4_15,mrd12,N5,2.3807304,9.207874
GATATGAGACACTAAC-1-20,20221010-4_15,mrd12,N5,0.93924123,10.664883
ACGCCGCTAGACGACC-1-20,20221010-4_15,mrd12,N5,1.0953135,10.989958
CGCTCTCCGTAGATTA-1-20,20221010-4_15,mrd12,N5,1.3396302,10.081136
ATTTAACTCGTATTAC-1-8,20221010-1_3,mrd12,N5,-0.44186908,11.269817
TTCGGCTAGAGATGGT-1-20,20221010-4_15,mrd12,N5,1.0699974,11.649195
CAATTAAGGGTGATGA-1-20,20221010-4_15,mrd12,N5,0.84482485,11.521259
GATTCGACGGTTCACG-1-20,20221010-4_15,mrd12,N5,0.9982581,11.537691
TGACATCGAGCGGACC-1-20,20221010-4_15,mrd12,N5,2.1557405,11.041803
CCGCACAAAGACCAAC-1-20,20221010-4_15,mrd12,N5,0.7083402,11.721656
GTATCTTTCATAACCA-1-20,20221010-4_15,mrd12,N5,2.6604419,10.843766
TGATTTCCTCCTGACG-1-20,20221010-4_15,mrd12,N5,0.7042059,11.423874
GACTAAGTAGGCTCAC-1-20,20221010-4_15,mrd12,N5,2.3126636,11.719439
ATTATACTTTGCTCGT-1-20,20221010-4_15,mrd12,N5,2.3187835,11.46102
TGATCTCCGGCGCCAG-1-20,20221010-4_15,mrd12,N5,-0.22577308,10.864989
GAGCGAGGGAGTACCG-1-20,20221010-4_15,mrd12,N5,2.0831494,11.0557785
AGCACCAGTACTCACG-1-20,20221010-4_15,mrd12,N5,1.619114,11.75346
AGTCTTCTCCTCAAAT-1-20,20221010-4_15,mrd12,N5,0.6541742,11.9223
ATTGCTGCTCCTCCAT-1-8,20221010-1_3,mrd12,N5,2.38421,10.964927
ATGACTATGCGACATT-1-20,20221010-4_15,mrd12,N5,1.8464594,11.864126
TACCAGCTAGGTTTAA-1-20,20221010-4_15,mrd12,N5,2.6163108,8.488015
CGATCTGTTGGAGGAC-1-8,20221010-1_3,mrd12,N5,3.1277304,10.632428
ATAGCCTCAGTACCCA-1-20,20221010-4_15,mrd12,N5,1.0209455,11.563983
TCGTGTCACGCTGACA-1-8,20221010-1_3,mrd12,N5,2.479283,10.086396
GGCTATTAAGTTGTAT-1-20,20221010-4_15,mrd12,N5,1.0934385,11.421711
CTAGTCACGTCTTAAG-1-8,20221010-1_3,mrd12,N5,3.9265437,11.227059
CGCCATCCGATTATGA-1-20,20221010-4_15,mrd12,N5,2.0306468,6.7589483
ACGCATTCGTGAGTAC-1-20,20221010-4_15,mrd12,N5,2.0358243,9.765256
TTGAAGAATTCCCAGG-1-8,20221010-1_3,mrd12,N5,2.8040555,11.274239
TTCTAACCGAAGCTTA-1-20,20221010-4_15,mrd12,N5,0.41653034,11.984048
TCTATCATGCAGTTAC-1-20,20221010-4_15,mrd12,N5,0.7084396,11.857789
CGCATGGTGCGATGCT-1-20,20221010-4_15,mrd12,N5,1.4694626,11.858058
GAGTACGGGTATACAA-1-8,20221010-1_3,mrd12,N5,5.209735,10.227577
CTGCACTCCAGTACAG-1-20,20221010-4_15,mrd12,N5,3.2775252,11.833632
GCGCATCCAGTCAGCA-1-20,20221010-4_15,mrd12,N5,-0.2676502,9.101012
TGCATATGTCTGTCAC-1-20,20221010-4_15,mrd12,N5,0.9440109,9.995934
GCTTAATGTAACTAAC-1-20,20221010-4_15,mrd12,N5,3.0024996,11.32112
GTTTGACCAAATCCTA-1-20,20221010-4_15,mrd12,N5,2.3403153,9.26375
TGGAAGACGAACACCA-1-20,20221010-4_15,mrd12,N5,2.1743014,11.795361
GAAACAGCCATGCAGT-1-20,20221010-4_15,mrd12,N5,1.0417362,10.028103
CGTGCCCTCCCGAAGA-1-20,20221010-4_15,mrd12,N5,1.4199252,11.436764
CCTTCTTGATCCAGTG-1-20,20221010-4_15,mrd12,N5,0.703404,11.774961
CCTGTCGCCCGTAAAT-1-20,20221010-4_15,mrd12,N5,0.22260384,12.046132
ATATTTAACCCTCAAG-1-20,20221010-4_15,mrd12,N5,1.5654483,11.229328
TACGCAGTTCTTTCCT-1-20,20221010-4_15,mrd12,N5,3.1789894,10.381333
ATAGACGAAGAGAAAG-1-20,20221010-4_15,mrd12,N5,2.1993754,10.232049
TCGTGTACTATGGATG-1-24,20230607-2_8,mrd12,N5,4.9558516,10.070664
GGTTCTACTCGTCTGA-1-20,20221010-4_15,mrd12,N5,1.4777688,9.337445
TTGACCATGTTCTCCG-1-20,20221010-4_15,mrd12,N5,2.0519323,10.997503
TCCACTTTATCTAGGT-1-20,20221010-4_15,mrd12,N5,0.36521688,9.118353
TCGCAAAGATGCATTT-1-20,20221010-4_15,mrd12,N5,2.5743423,9.420767
GTCATTAGAGCGAACG-1-20,20221010-4_15,mrd12,N5,0.4148544,10.883245
GCTGCACGGTTTCTTA-1-20,20221010-4_15,mrd12,N5,1.9793766,9.115264
CTTACACGGTATTCCA-1-8,20221010-1_3,mrd12,N5,2.402072,11.6043215
GCACAAGTGTCGGAAG-1-20,20221010-4_15,mrd12,N5,1.3202548,11.743805
GTTCTTCCCTCGATGT-1-8,20221010-1_3,mrd12,N5,2.9039316,9.71469
GTCCATTACTGCTACG-1-20,20221010-4_15,mrd12,N5,2.1974475,8.609852
CAGCTCGTGCTTGTGT-1-20,20221010-4_15,mrd12,N5,4.9223046,11.473911
ATTACTAGCCTCTTGC-1-20,20221010-4_15,mrd12,N5,0.6714528,12.086528
TCTGGGAACCTTTGAA-1-20,20221010-4_15,mrd12,N5,1.8774662,8.039109
AGGTAACCTCCTATTC-1-20,20221010-4_15,mrd12,N5,3.2193494,11.617797
CATTTCTAGCAGACTA-1-20,20221010-4_15,mrd12,N5,1.4992384,9.674491
TGTTCCGCTTCCATGA-1-20,20221010-4_15,mrd12,N5,1.8234111,10.812951
ATTCCTTCCAGGCGGT-1-20,20221010-4_15,mrd12,N5,2.2753458,11.154787
CTCTGGACGCCTGGTG-1-20,20221010-4_15,mrd12,N5,0.9535122,10.591625
CGGGATCAATGTAAGA-1-20,20221010-4_15,mrd12,N5,-0.90902305,8.296376
GTAAGTAACAGTCTGG-1-20,20221010-4_15,mrd12,N5,1.5955148,9.52198
CGCGACACTGCGCAGC-1-20,20221010-4_15,mrd12,N5,0.7436961,8.873719
CGGAGTTTGAGAGACA-1-20,20221010-4_15,mrd12,N5,0.9076432,10.603745
GGTGCTGGTACACATT-1-20,20221010-4_15,mrd12,N5,0.84163386,11.530373
ACAAGGGCAGGCTCTG-1-20,20221010-4_15,mrd12,N5,1.7341853,11.807864
TTGCTGCACCTATCCA-1-20,20221010-4_15,mrd12,N5,0.11145049,10.834467
GGCATACAGGTAGCGG-1-20,20221010-4_15,mrd12,N5,0.40344867,9.880193
TGAGCTTTAATGACGC-1-8,20221010-1_3,mrd12,N5,2.9557884,10.098557
CAAACGGTCGCACTTT-1-20,20221010-4_15,mrd12,N5,0.92805374,11.619432
ACTGTGCTAGTAGATC-1-20,20221010-4_15,mrd12,N5,-0.3239869,11.554361
GATCGTGACTGATATC-1-20,20221010-4_15,mrd12,N5,1.6171751,9.412382
CTTGAGGTTATCCCGA-1-20,20221010-4_15,mrd12,N5,3.3145816,11.31349
GTTCCAGTCTGACCAT-1-20,20221010-4_15,mrd12,N5,1.3645062,8.469906
CGCAAACACGAGTTAC-1-20,20221010-4_15,mrd12,N5,-1.0858247,10.8299675
TATGGTCTGAGTAACA-1-20,20221010-4_15,mrd12,N5,0.44880983,10.919444
AGCCCTAAGCGAAGTT-1-20,20221010-4_15,mrd12,N5,-0.35214132,10.890164
TTCATGGCGCAACAGG-1-20,20221010-4_15,mrd12,N5,0.3731593,11.7001505
GATTCCCTTGTCGCAG-1-20,20221010-4_15,mrd12,N5,0.81191784,11.632883
ATGCCGGTCTTGCATA-1-20,20221010-4_15,mrd12,N5,0.76555777,11.240708
GACAGCCAGACCTGAC-1-20,20221010-4_15,mrd12,N5,2.1561456,11.224094
GAAAGAACAGCGTTAT-1-20,20221010-4_15,mrd12,N5,1.0157872,11.9019375
CCGCGTAGGTAAGGGC-1-20,20221010-4_15,mrd12,N5,-1.4584879,7.508813
ACAATTTGAGCAGTGG-1-20,20221010-4_15,mrd12,N5,-1.0758607,9.372478
AACCATGGGATCGCTA-1-20,20221010-4_15,mrd12,N5,2.1085536,10.980827
TTCGTACTCCAGAACG-1-20,20221010-4_15,mrd12,N5,-0.23406757,10.826843
GATCGGCGATAAGTCG-1-20,20221010-4_15,mrd12,N5,1.6461383,11.047777
TTCTAGGCCAATTGTG-1-20,20221010-4_15,mrd12,N5,1.4350517,9.91805
GCTACAGTACGGACCG-1-8,20221010-1_3,mrd12,N5,0.42608422,11.415004
CGTATTAAGAGATCTA-1-20,20221010-4_15,mrd12,N5,2.07704,10.465339
GGCATATCGGTTCTGC-1-20,20221010-4_15,mrd12,N5,1.8675078,11.569198
CGAAACGCAATTCATG-1-19,20221010-4_14,mrd7,N5,2.746789,8.88927
TCAATACGCCGTCATG-1-19,20221010-4_14,mrd7,N5,6.4779077,9.602432
TGATCGGTTTGACCCT-1-19,20221010-4_14,mrd7,N5,3.1209435,8.2897
CCAAACAGAACCCTCG-1-19,20221010-4_14,mrd7,N5,3.7699208,10.608641
TGCTCCACAGTTCTTA-1-19,20221010-4_14,mrd7,N5,3.8207092,8.590746
TTACATGCCACAACTA-1-19,20221010-4_14,mrd7,N5,3.5960166,10.924532
CGTTTAAGCGGAGCAC-1-19,20221010-4_14,mrd7,N5,4.0134625,9.488515
TCCACCTCTAGCCTTT-1-19,20221010-4_14,mrd7,N5,2.2884,9.469103
GTACGAGATTGCGACA-1-19,20221010-4_14,mrd7,N5,4.1342106,8.47906
AGGCAGGGAGCGTACT-1-19,20221010-4_14,mrd7,N5,4.465181,9.806515
GTTCACAGGAGTCTAG-1-19,20221010-4_14,mrd7,N5,3.3995936,7.399315
GCTTGGATCGATTAGG-1-19,20221010-4_14,mrd7,N5,4.601105,7.901691
ATGGGCCTCGGCCTCT-1-19,20221010-4_14,mrd7,N5,3.7757416,8.8203745
CTTAACTTCGAAGTAC-1-19,20221010-4_14,mrd7,N5,2.0603585,6.876908
TCGGAATGACCATCAA-1-19,20221010-4_14,mrd7,N5,4.5088177,7.806597
AATGACTGTCAGCCGG-1-19,20221010-4_14,mrd7,N5,6.349174,9.190959
TATGGATGTGCTACGC-1-19,20221010-4_14,mrd7,N5,3.2967908,10.929932
AGACCCGCCCTCCTCG-1-19,20221010-4_14,mrd7,N5,4.311631,9.777285
CCTTCTTGATCCAGTG-1-19,20221010-4_14,mrd7,N5,2.9518545,7.4082737
TCGCTACTGGCTTTGA-1-19,20221010-4_14,mrd7,N5,3.7550776,9.949589
AGCGGACACTTCGTAG-1-19,20221010-4_14,mrd7,N5,6.524059,10.160961
AGCTATTTAATCCAAC-1-19,20221010-4_14,mrd7,N5,3.3265998,5.644695
CATCATCTACCCGGAC-1-19,20221010-4_14,mrd7,N5,2.7177691,7.0887694
GGGCTGGTTAGTCGCG-1-19,20221010-4_14,mrd7,N5,3.086963,11.674127
TTCCTCGAGGGTGTCT-1-19,20221010-4_14,mrd7,N5,3.8933706,8.131635
ACGAGATATTTGCTTA-1-19,20221010-4_14,mrd7,N5,4.2996044,9.570506
ACACAAAGACGGGTGG-1-19,20221010-4_14,mrd7,N5,4.031649,8.132516
GATCTGCTATCTAAGG-1-19,20221010-4_14,mrd7,N5,-0.070180394,7.296437
ACCCGGATGACGCATC-1-19,20221010-4_14,mrd7,N5,1.802672,9.491361
AACCGCTAAGGGATGC-1-19,20221010-4_14,mrd7,N5,3.4416912,8.645504
TCATATGAGCTTTGTT-1-19,20221010-4_14,mrd7,N5,4.6279025,10.0600605
GTATCTTGTTGCTCAC-1-7,20221010-1_2,mrd7,N5,2.5854924,11.893897
ATACGTTATGCACGGA-1-19,20221010-4_14,mrd7,N5,6.618716,10.112204
GTTCCAGTCTGACCAT-1-19,20221010-4_14,mrd7,N5,3.9543257,9.079377
CGCAATTAGGGTAATA-1-19,20221010-4_14,mrd7,N5,3.5206285,7.5018835
GACGGGTTGGCCCGTA-1-19,20221010-4_14,mrd7,N5,3.8049536,8.3331585
CATGCGTTAGACAGAA-1-19,20221010-4_14,mrd7,N5,4.651616,7.4623985
ATGTGCATCCGACGCA-1-19,20221010-4_14,mrd7,N5,4.795813,7.267292
CGGAAAGAATCAAACG-1-19,20221010-4_14,mrd7,N5,3.9298506,9.2305355
CCCGGGTCGTTCAGGG-1-19,20221010-4_14,mrd7,N5,-0.02430873,7.280761
ATTGTACAACTCGGCT-1-19,20221010-4_14,mrd7,N5,3.8931942,8.796159
CAAATGCGGAGTGTTC-1-7,20221010-1_2,mrd7,N5,4.5484653,10.216313
GAAGTGCTGGATAGCT-1-19,20221010-4_14,mrd7,N5,5.054739,9.370669
TGATCTCCGGCGCCAG-1-19,20221010-4_14,mrd7,N5,3.222093,11.693484
GTCTTAGTACAGCCGG-1-19,20221010-4_14,mrd7,N5,3.0853043,6.085005
GAATATTCGGAGTCCC-1-19,20221010-4_14,mrd7,N5,4.4401054,9.467181
CAGGAAGACTTTATAT-1-19,20221010-4_14,mrd7,N5,2.907587,9.772577
AGCATCGTCGATAATT-1-19,20221010-4_14,mrd7,N5,3.0388045,5.7370067
TCGTACCGACGTCAAG-1-19,20221010-4_14,mrd7,N5,6.9060106,10.038939
TAGTTAAGATAGGATA-1-19,20221010-4_14,mrd7,N5,4.48628,9.39273
GACATCCGTCGAACTG-1-19,20221010-4_14,mrd7,N5,3.4167054,9.980504
CCGATCTCAACCTTAT-1-19,20221010-4_14,mrd7,N5,2.9564145,8.440542
AGTGCTAAACACAGCA-1-19,20221010-4_14,mrd7,N5,6.1280932,9.861413
TAAGGCATAACATCAA-1-19,20221010-4_14,mrd7,N5,2.1049001,7.4557567
ACTTATACTTACCCGG-1-19,20221010-4_14,mrd7,N5,4.0007477,9.593764
TCCAATAAAGGCTACC-1-19,20221010-4_14,mrd7,N5,3.167194,8.571796
GAAATGGCGGTGTTAG-1-19,20221010-4_14,mrd7,N5,2.40408,6.6955457
CCCGTCAGCGTCTGAC-1-19,20221010-4_14,mrd7,N5,3.4696531,7.375279
TGGGCCACAAGAGCGC-1-19,20221010-4_14,mrd7,N5,3.4693222,6.973692
AAAGGCTACGGACCAT-1-19,20221010-4_14,mrd7,N5,0.9786231,8.905569
CCTACTGCTTACACTT-1-19,20221010-4_14,mrd7,N5,3.1634824,5.2367787
TTAACCAACCCTCCCT-1-19,20221010-4_14,mrd7,N5,2.4111125,8.513899
GATAACTCGCACTGTG-1-7,20221010-1_2,mrd7,N5,3.2416515,10.293752
AGCGACATCCCATTCA-1-19,20221010-4_14,mrd7,N5,1.6551602,5.452644
GTATGTGGGTCTAGTT-1-19,20221010-4_14,mrd7,N5,3.977354,9.505136
CATTGTGTGCTAGATC-1-7,20221010-1_2,mrd7,N5,5.2077756,10.322625
AGGTACGATATTGCCA-1-19,20221010-4_14,mrd7,N5,2.787,8.564854
CCTAAAGGCTGACGCT-1-19,20221010-4_14,mrd7,N5,2.5991464,9.118964
GTCGGATGTAGCGCGC-1-19,20221010-4_14,mrd7,N5,2.3866289,9.497313
TATCCGCACCGTCGGG-1-19,20221010-4_14,mrd7,N5,2.3071568,9.071324
GTGGAGTCGGCGGTTG-1-7,20221010-1_2,mrd7,N5,10.9598875,2.6588137
GGATGAAGATCGCTGA-1-19,20221010-4_14,mrd7,N5,2.273526,7.0394487
GTGCAACAAATGTGGC-1-19,20221010-4_14,mrd7,N5,1.9005268,6.8398933
ACTGAATGGCGAAAGT-1-7,20221010-1_2,mrd7,N5,6.768743,8.52939
TGCTCTTGAGAGTTTG-1-19,20221010-4_14,mrd7,N5,4.44311,8.840804
TTACAACTACGCATCC-1-19,20221010-4_14,mrd7,N5,3.586645,7.1615005
CCCGCAGGGCCCAAAG-1-19,20221010-4_14,mrd7,N5,2.598035,7.1306286
ATTATGCCATAGGGAG-1-19,20221010-4_14,mrd7,N5,3.9486156,8.518864
CTTTGGCTTTAGTAAA-1-19,20221010-4_14,mrd7,N5,3.799905,11.404509
AGCGACCAACGATATT-1-19,20221010-4_14,mrd7,N5,3.088185,11.667809
ATGACGCCGGCTCTAA-1-19,20221010-4_14,mrd7,N5,3.8137276,8.830182
GTGCGGGTCTCCAAAT-1-19,20221010-4_14,mrd7,N5,3.3815632,8.207883
AGACTAGCCTTCCAGA-1-19,20221010-4_14,mrd7,N5,4.7486506,10.206371
ACTTGGGACCCGGTGG-1-19,20221010-4_14,mrd7,N5,3.5003338,11.5226755
TACCTCACGCTTGTAC-1-19,20221010-4_14,mrd7,N5,4.312561,10.924201
CGCGTTCATGAAATAC-1-19,20221010-4_14,mrd7,N5,1.7899287,11.459529
CGCACGTGCGCTATCA-1-19,20221010-4_14,mrd7,N5,3.9414265,9.248872
CGTCTGGAAGGGCCCG-1-19,20221010-4_14,mrd7,N5,0.11819444,7.0290337
ATAGTTCCACCCACTC-1-19,20221010-4_14,mrd7,N5,3.3456242,8.398494
GAATAGACGCGACCCA-1-19,20221010-4_14,mrd7,N5,3.510657,8.531335
CTAGGTCTGAAGGAAT-1-19,20221010-4_14,mrd7,N5,3.3148792,9.969934
TGGGTAAGGTTCCCGC-1-19,20221010-4_14,mrd7,N5,3.0899878,9.212817
TTCCATCATGCGGTGA-1-19,20221010-4_14,mrd7,N5,3.8217378,11.027384
TCGCGTCCAGAAGGTC-1-19,20221010-4_14,mrd7,N5,3.7522154,8.384046
CAACTATATCGAATGC-1-19,20221010-4_14,mrd7,N5,3.1994421,8.24228
GAAACAGCCATGCAGT-1-19,20221010-4_14,mrd7,N5,2.7189023,8.087272
TCAGGGTGCACGAAAC-1-19,20221010-4_14,mrd7,N5,4.004096,10.313426
CCACGAGAAGAGAATC-1-19,20221010-4_14,mrd7,N5,3.5831122,7.997086
CCTGCTATTTGAGAAG-1-19,20221010-4_14,mrd7,N5,3.2640262,11.489826
AGGTGGTGACCTTCGC-1-19,20221010-4_14,mrd7,N5,-1.3764833,5.483327
GTGCCATCACACGGTG-1-19,20221010-4_14,mrd7,N5,6.3083735,10.2953005
TACCTCAGTTGTCTGT-1-19,20221010-4_14,mrd7,N5,3.6579745,8.507477
TATTACCATCCTGCTT-1-19,20221010-4_14,mrd7,N5,2.5978372,8.522225
CCAGGGACGTGGCCTC-1-19,20221010-4_14,mrd7,N5,2.3013732,9.139438
TTCTATTAAACGCAGC-1-19,20221010-4_14,mrd7,N5,-0.10381285,7.075979
GCCTCATCTGGAAATA-1-19,20221010-4_14,mrd7,N5,4.007295,9.44842
GGAGGATTGAAAGGAG-1-19,20221010-4_14,mrd7,N5,4.2552757,8.028884
GATGGTGCCCTAGGCA-1-19,20221010-4_14,mrd7,N5,3.8962011,8.517515
CATACACGGTTCCCAC-1-19,20221010-4_14,mrd7,N5,2.2520638,11.345145
CCGAGGGATGTTAGGC-1-7,20221010-1_2,mrd7,N5,4.4215255,9.87825
TACCAGCTAGGTTTAA-1-19,20221010-4_14,mrd7,N5,0.42395362,7.165579
CATGCGTTAGACAGAA-1-7,20221010-1_2,mrd7,N5,4.108241,11.062416
TGGCAAGCACAAGTCG-1-19,20221010-4_14,mrd7,N5,4.475701,9.050549
CAAGTGTGGTTGCAAA-1-19,20221010-4_14,mrd7,N5,4.242135,9.519399
AGTATTTGGCACGACC-1-19,20221010-4_14,mrd7,N5,1.7184856,9.904513
CGCCCAGCACGCCTAG-1-19,20221010-4_14,mrd7,N5,3.4459176,11.052022
CGACACGCTCCGACAG-1-19,20221010-4_14,mrd7,N5,1.5094768,6.7949777
AGTAATGTCTTGCCGC-1-19,20221010-4_14,mrd7,N5,0.17167602,6.9148564
ATTTCATTATTTCGCG-1-19,20221010-4_14,mrd7,N5,3.1584442,9.6581545
GCGAGAAACGGGAGTT-1-7,20221010-1_2,mrd7,N5,11.361685,3.7092795
ATTACAACTACCGGCC-1-19,20221010-4_14,mrd7,N5,4.252025,11.045759
CCTATATTTGTCCTGG-1-19,20221010-4_14,mrd7,N5,3.7984104,8.091941
TAGTTTATTCTTGCTT-1-19,20221010-4_14,mrd7,N5,3.9435885,7.9497385
GGAGCACCAAGAACTA-1-19,20221010-4_14,mrd7,N5,3.6045766,7.16586
CTTCTTACGTCGTATA-1-19,20221010-4_14,mrd7,N5,0.909317,10.197122
CGGACCTTTACGTCCC-1-19,20221010-4_14,mrd7,N5,3.76187,11.550624
TGCACAGTGAAGTTAT-1-19,20221010-4_14,mrd7,N5,4.439234,10.122916
TGCCCGATAGTTAGAA-1-19,20221010-4_14,mrd7,N5,7.7089562,9.784959
CTGGCTGATTCATCCT-1-19,20221010-4_14,mrd7,N5,3.262811,8.216291
GGCGTACCCTATATAA-1-7,20221010-1_2,mrd7,N5,2.7297702,10.694347
AAGGCTGTGCTCATCG-1-19,20221010-4_14,mrd7,N5,3.7674322,11.437764
CATTATGCTTGTTGTG-1-19,20221010-4_14,mrd7,N5,2.74464,11.782995
TCGGACGCCCAGCCCA-1-19,20221010-4_14,mrd7,N5,2.4237466,6.8385277
TAGTCTAACAACGAGA-1-19,20221010-4_14,mrd7,N5,3.517233,11.250285
ACAGCATAGAGCCAGT-1-19,20221010-4_14,mrd7,N5,2.1809323,6.5647154
CCTCTGGCCTAGACGG-1-19,20221010-4_14,mrd7,N5,3.8078747,7.844805
TCTTACTTATGCCTCT-1-19,20221010-4_14,mrd7,N5,3.7070792,8.440242
TATATCCCTGGGAGGA-1-19,20221010-4_14,mrd7,N5,2.971873,7.804493
TCCCGGGTGTGCTGCT-1-19,20221010-4_14,mrd7,N5,3.455428,6.8128085
TGCTCGGTGGGTCACC-1-19,20221010-4_14,mrd7,N5,3.77878,8.860288
CCCAATTTCACAACTT-1-19,20221010-4_14,mrd7,N5,4.645749,7.80649
CATATTATTTGCCCTA-1-19,20221010-4_14,mrd7,N5,4.0856214,7.51708
GCAGGACTATAGAATA-1-19,20221010-4_14,mrd7,N5,3.1976712,10.530874
CACCATCGGAGGAGAC-1-19,20221010-4_14,mrd7,N5,2.850113,9.274679
TTCGCGCGCCATACGA-1-19,20221010-4_14,mrd7,N5,3.5195377,8.879316
CATGGCAGGAAGATCG-1-19,20221010-4_14,mrd7,N5,1.4117458,7.59528
CAAGCAACGTCGGAGT-1-19,20221010-4_14,mrd7,N5,4.953803,10.62177
CTGGAAATGGATGCTT-1-19,20221010-4_14,mrd7,N5,2.6458168,6.7984815
ACGCCAGATGATTTCT-1-19,20221010-4_14,mrd7,N5,2.6123962,9.072069
CATGCTGGCTCCAATT-1-19,20221010-4_14,mrd7,N5,1.67469,10.702629
TTATTAGGGAAGCATC-1-19,20221010-4_14,mrd7,N5,2.7270403,9.865117
TACGAACACGACTTCA-1-19,20221010-4_14,mrd7,N5,1.5550609,8.464306
ATAATTAGCTAAGTAG-1-19,20221010-4_14,mrd7,N5,7.2635274,9.902408
TGTAGTGATCTATAAT-1-19,20221010-4_14,mrd7,N5,3.8603826,5.6101975
AGAAGAGCGCCGTTCC-1-7,20221010-1_2,mrd7,N5,4.4629307,10.009535
CAGTTCAAATTGACAC-1-19,20221010-4_14,mrd7,N5,3.1720095,10.621535
TCTGAACTCGTACCCG-1-19,20221010-4_14,mrd7,N5,1.6804202,7.4965158
TACGATGTTGATCATC-1-19,20221010-4_14,mrd7,N5,3.0876014,6.7095513
TGACATCGAGCGGACC-1-19,20221010-4_14,mrd7,N5,4.436317,9.772468
GAGTCAGACCAGAATC-1-19,20221010-4_14,mrd7,N5,2.7951038,9.060126
GACAACGCAGCTTACG-1-19,20221010-4_14,mrd7,N5,3.7888741,9.180967
GTCCGGCTGAATTGCG-1-19,20221010-4_14,mrd7,N5,3.1944532,11.102457
CTCCTCCAGCTCACAC-1-19,20221010-4_14,mrd7,N5,5.8292084,9.446019
CCTGGCTAGACCCGCC-1-19,20221010-4_14,mrd7,N5,4.08618,9.716496
GTGCGACAGGGAGTGT-1-19,20221010-4_14,mrd7,N5,0.06522656,6.758836
TTGCTGAAGGAACCAC-1-19,20221010-4_14,mrd7,N5,3.3539228,9.113176
ACGATCATCTTGTAAA-1-19,20221010-4_14,mrd7,N5,4.0443535,9.054783
CCTCCGACAATTCAAG-1-19,20221010-4_14,mrd7,N5,3.6578896,7.7893705
GCACTGCCTACCTTTA-1-19,20221010-4_14,mrd7,N5,4.5601945,8.908885
AAGGTGATAAACCAGC-1-19,20221010-4_14,mrd7,N5,3.300888,8.526636
CTTGTACTTGTTGACT-1-19,20221010-4_14,mrd7,N5,1.5823661,5.88069
GAGGTACATCCATCTT-1-19,20221010-4_14,mrd7,N5,2.9838805,5.4909477
CGTCAGTTTATCGTCT-1-18,20221010-4_13,primary,N5,0.68211466,11.917283
CATGAACCGACATTTG-1-17,20221010-3_9,primary,N5,-1.5713276,10.864653
CCAGTCCATTATTCGA-1-6,20221010-1_1,primary,N5,-0.60771585,8.189933
GGGACTGCATAGATAG-1-6,20221010-1_1,primary,N5,-2.5982873,5.5251436
CCCAACCACACTAACA-1-18,20221010-4_13,primary,N5,0.34210235,10.007485
CTGCACCTGGAACCGC-1-17,20221010-3_9,primary,N5,-1.6526829,10.661049
CCATATTGGATCATGA-1-6,20221010-1_1,primary,N5,-0.11155591,7.7012234
GACATACTGTCGCAGA-1-10,20221010-2_5,primary,N5,-1.7779803,6.979018
AATGGTTCTCACAAGC-1-22,20230607-1_1,primary,N5,3.2194686,9.117654
GATGCGAATGGTATTA-1-18,20221010-4_13,primary,N5,1.3551589,11.364939
ACTTTGTCGACGCACT-1-22,20230607-1_1,primary,N5,5.4777536,9.18645
AATCGGGACACTACGA-1-18,20221010-4_13,primary,N5,0.5788343,10.758297
CTGCACCTGGAACCGC-1-18,20221010-4_13,primary,N5,0.38406247,11.987315
AGTTGCTGACTGATAT-1-10,20221010-2_5,primary,N5,-1.3451593,8.542471
CCACGGAGCCATAAGA-1-22,20230607-1_1,primary,N5,1.7501413,5.7615123
AATGGTCCACCGTTCA-1-18,20221010-4_13,primary,N5,0.7915077,11.047354
CAATCCTGCCGTGGAG-1-18,20221010-4_13,primary,N5,0.37064517,9.561792
TCTTAACTCGGATGTA-1-10,20221010-2_5,primary,N5,-1.8453413,7.817394
AACCCAGAGACGGAGA-1-18,20221010-4_13,primary,N5,1.0856899,11.758209
GGTTTAGCCTTTCTTG-1-10,20221010-2_5,primary,N5,-1.58642,10.80925
TAGCTAAGTCCGGGAG-1-17,20221010-3_9,primary,N5,-0.108865745,6.0689287
GCTACTATAGTAGAGT-1-22,20230607-1_1,primary,N5,1.2435118,5.5009203
TGCCTGACATCGGTCA-1-6,20221010-1_1,primary,N5,-2.1755166,6.388794
ACGTCCTAAACGAGAT-1-17,20221010-3_9,primary,N5,-2.062708,10.803976
TGTTCGTATTGCGGTG-1-10,20221010-2_5,primary,N5,-1.5199796,9.517099
GCCCGACTTCTTCCCG-1-17,20221010-3_9,primary,N5,-1.4336557,6.414846
CCGATTCGAGGGACCC-1-17,20221010-3_9,primary,N5,-1.6483456,10.663637
ACGTGGTCGAATGTGC-1-17,20221010-3_9,primary,N5,-1.7324587,10.634193
GATATCAAGCAGGAGC-1-18,20221010-4_13,primary,N5,-0.10362177,8.972148
AACGTCAGACTAGTGG-1-18,20221010-4_13,primary,N5,-1.2893969,10.090533
GCTCAACCTCTTAGAG-1-6,20221010-1_1,primary,N5,-0.8821426,8.386608
TGCGAATATGGGATTT-1-22,20230607-1_1,primary,N5,5.257815,9.101802
AGCTCTTTACTCAGTT-1-10,20221010-2_5,primary,N5,-2.023709,8.412687
GTTATATTATCTCCCT-1-10,20221010-2_5,primary,N5,-0.7421829,9.395758
AACCTCGCTTTAGCCC-1-6,20221010-1_1,primary,N5,0.3598281,11.227761
AGCGTTCCGATTTAAA-1-17,20221010-3_9,primary,N5,-1.6757995,10.183271
CGTCATACCATATCCA-1-6,20221010-1_1,primary,N5,-0.3799094,9.139054
CCTACGGCTCAGTCGA-1-17,20221010-3_9,primary,N5,-1.446593,11.15262
CCTGTGAAACCGTAAC-1-18,20221010-4_13,primary,N5,0.20198365,9.936801
ATATCGTTCCTCGAAC-1-6,20221010-1_1,primary,N5,-0.7734795,11.082759
GATAAATCGGTGGATG-1-18,20221010-4_13,primary,N5,1.0394429,11.43819
ACGGGTCATGTGACTT-1-10,20221010-2_5,primary,N5,-1.771362,7.8002925
CAACTCCAACGTTTAG-1-17,20221010-3_9,primary,N5,-0.5239719,8.718666
TCTGTTACCCAGCATA-1-6,20221010-1_1,primary,N5,-1.0942,8.426855
GACGACTTTCCAAGAA-1-6,20221010-1_1,primary,N5,-1.043454,11.684291
ACAGGTGGAGGTGAGG-1-10,20221010-2_5,primary,N5,-1.8794869,8.30301
ATATTCCACATAGTGA-1-10,20221010-2_5,primary,N5,-2.4582942,5.294069
ACCATTAAGGGTGTCA-1-6,20221010-1_1,primary,N5,-1.590145,6.801127
GGGTCATGCGTACCAT-1-10,20221010-2_5,primary,N5,-1.5901946,9.712582
TACTTTCCGCACGCCA-1-17,20221010-3_9,primary,N5,-1.8742582,10.295252
TGTGTCGAAGTCGAGG-1-18,20221010-4_13,primary,N5,0.31423455,7.124566
CCAGCTGATGGTACTT-1-22,20230607-1_1,primary,N5,2.1306036,8.773033
TTGACATGAACGTGGA-1-22,20230607-1_1,primary,N5,1.9653516,6.735822
AACACACGCTCGCCGC-1-6,20221010-1_1,primary,N5,-1.1178058,8.20323
CAATATTCTTGACCTA-1-22,20230607-1_1,primary,N5,-0.07578273,5.5561457
CCTGTTTGAAGACACG-1-10,20221010-2_5,primary,N5,-1.3187104,10.614434
TGGATAGAGTAACAGA-1-22,20230607-1_1,primary,N5,1.1034111,6.131232
GTACTGGAGTTAGACC-1-10,20221010-2_5,primary,N5,-2.124254,6.32613
CCAGAGACAAAGCCGG-1-10,20221010-2_5,primary,N5,-1.804044,9.326526
GTATCTTTCATAACCA-1-10,20221010-2_5,primary,N5,-2.2018623,7.3057313
CTTTGGCTTTAGTAAA-1-6,20221010-1_1,primary,N5,-0.8353311,7.230439
GGTTAGGCTTGGAGAA-1-18,20221010-4_13,primary,N5,0.9721987,9.856562
GTCATTGCATTGACCC-1-10,20221010-2_5,primary,N5,-1.4218225,10.375177
TGGTGATCGTATTTGT-1-10,20221010-2_5,primary,N5,-2.6882882,5.1775126
GGTGCGGATAAGTGGC-1-18,20221010-4_13,primary,N5,0.56524616,10.560049
ACGATGGATCCGATGC-1-18,20221010-4_13,primary,N5,-0.6108908,10.458074
CAAGCACCAAATGCCT-1-17,20221010-3_9,primary,N5,-1.7021486,10.538393
ATCCAACGCAGTCATA-1-17,20221010-3_9,primary,N5,-1.3313751,6.767435
AGAAGTGATTCGTGAT-1-10,20221010-2_5,primary,N5,-2.1375158,7.347696
AAGACCCAACTGAACA-1-6,20221010-1_1,primary,N5,-1.4422805,8.164782
CAACGACCCGTTTACA-1-17,20221010-3_9,primary,N5,-1.7698785,10.491104
CCCAACATACGTCGCG-1-6,20221010-1_1,primary,N5,-1.3799243,10.005313
AAGCGGCGTCATGGGT-1-18,20221010-4_13,primary,N5,1.0880318,9.935656
GAAGAACGGTGCAGGT-1-18,20221010-4_13,primary,N5,0.24131924,11.998476
GCCGACCCACGACTGC-1-17,20221010-3_9,primary,N5,-2.0284295,7.269444
TAAACGTCGTCAATGA-1-10,20221010-2_5,primary,N5,-1.9943012,9.157334
TCATGCAGGTTCTCAT-1-18,20221010-4_13,primary,N5,1.242118,7.203946
TGTTCATAAATGTGCT-1-18,20221010-4_13,primary,N5,1.038281,9.465713
GGCATCAACGAGCACG-1-17,20221010-3_9,primary,N5,-2.0479987,10.779713
CTTCTTACGTCGTATA-1-17,20221010-3_9,primary,N5,-2.020641,10.829669
GCTAAGTAAAGGCGAT-1-18,20221010-4_13,primary,N5,0.593689,10.674166
AATAACACTAGAACAA-1-10,20221010-2_5,primary,N5,-1.1188496,8.340408
TATCACTTCGAGTAAC-1-18,20221010-4_13,primary,N5,-0.61966234,7.6519003
TGCGGCATAGTTCAAC-1-17,20221010-3_9,primary,N5,-2.1015732,10.66998
GCAAATATTACGCTTT-1-22,20230607-1_1,primary,N5,2.1758525,6.8691144
TTATTTCATCCCAAAC-1-6,20221010-1_1,primary,N5,-0.09227384,9.461842
CGAACCCGCATGCGTC-1-10,20221010-2_5,primary,N5,-1.478838,9.599368
AGACCATGGGATACAA-1-18,20221010-4_13,primary,N5,1.2409687,11.005296
ATACAGGCCCTCCAAT-1-6,20221010-1_1,primary,N5,-0.38246316,6.3692446
ATTCCCACATAAACAA-1-6,20221010-1_1,primary,N5,-1.874076,8.161333
CGGTTGACCTGGCATA-1-17,20221010-3_9,primary,N5,-1.2437454,8.836509
TTGAGGCATTTAACTC-1-17,20221010-3_9,primary,N5,0.14516786,7.630374
TAGGTCCAAGTAAGGA-1-17,20221010-3_9,primary,N5,-1.9066712,10.897873
CAATAAACCTTGGCCC-1-10,20221010-2_5,primary,N5,-1.979586,6.523789
GAAATACCTGCTGGCT-1-17,20221010-3_9,primary,N5,-1.1492392,9.030701
GTCAATTGTACTGAAG-1-18,20221010-4_13,primary,N5,0.51299953,12.115402
GTTATATTATCTCCCT-1-6,20221010-1_1,primary,N5,-2.1144383,7.998562
AGTTACCGCACATGGT-1-6,20221010-1_1,primary,N5,-1.0314035,10.83106
TGACCCAACTCACATT-1-6,20221010-1_1,primary,N5,-0.76730984,8.473723
TCTGCCAGAAACTGCA-1-10,20221010-2_5,primary,N5,-2.5035102,5.3411794
GCTCGCGGTTCCGCTC-1-10,20221010-2_5,primary,N5,-1.6559157,9.752503
AGTACTCTTATGCCCA-1-6,20221010-1_1,primary,N5,-0.6300714,11.831959
GCTGGGTCCGCTGTTA-1-6,20221010-1_1,primary,N5,-1.7604578,9.582113
CACCCGGTTTGTGACT-1-10,20221010-2_5,primary,N5,-1.5806786,8.602706
GGGTGGTCCAGCCTGT-1-17,20221010-3_9,primary,N5,-1.9479365,9.060263
GATCTTTGCAGGGTAT-1-10,20221010-2_5,primary,N5,-1.6581558,7.6414466
CACGAAAGTTAGTCCC-1-10,20221010-2_5,primary,N5,-1.7648528,7.510213
TCTGAACCGGTCGGCT-1-18,20221010-4_13,primary,N5,-0.13104412,9.309479
GCTATACGTCTCGGAC-1-6,20221010-1_1,primary,N5,-2.1201918,6.729849
TGGGTAAGGTTCCCGC-1-18,20221010-4_13,primary,N5,-1.220574,6.1341867
ACGTTCCGCGCTCCGT-1-18,20221010-4_13,primary,N5,0.16453913,11.9013815
AGCTGCATTTGAGGTG-1-17,20221010-3_9,primary,N5,-2.0431862,10.822961
TATCCATATCATGCGA-1-17,20221010-3_9,primary,N5,-0.8685481,9.731392
TTACCATTGATTACCC-1-17,20221010-3_9,primary,N5,-1.0694754,9.119739
CGCTGAGGACGTCCAA-1-18,20221010-4_13,primary,N5,0.69875306,12.067728
AGTACCTTCGAGTGCT-1-17,20221010-3_9,primary,N5,-1.1742865,6.773719
CCCGCAGGGCCCAAAG-1-18,20221010-4_13,primary,N5,0.4028915,10.001412
GCATTCGAAATGAACA-1-10,20221010-2_5,primary,N5,-1.5259391,10.599536
TTAGCAACATGGATGT-1-22,20230607-1_1,primary,N5,3.183732,7.538919
GAGCACCTGTGTCCAG-1-10,20221010-2_5,primary,N5,-1.3917977,6.913397
GATATCTCATGCAATA-1-17,20221010-3_9,primary,N5,-1.8979412,10.76918
CTAGGTTCGGACGTGA-1-10,20221010-2_5,primary,N5,-2.1455307,7.9985523
AGACGACGATGCCGCT-1-22,20230607-1_1,primary,N5,1.4813118,7.190943
GTTATCACCTTCTGAA-1-18,20221010-4_13,primary,N5,0.76867133,11.882245
CTTCGTAGATAGGTGA-1-6,20221010-1_1,primary,N5,-1.9242103,9.45516
AAGTAGAAGACCGGGT-1-18,20221010-4_13,primary,N5,0.30490535,12.017417
TAATAGAACAGAGTTA-1-10,20221010-2_5,primary,N5,-1.592322,9.519826
CAATGGTCGGCCTGGG-1-17,20221010-3_9,primary,N5,-1.9737108,10.627786
TAAGCAGGCGACACGC-1-18,20221010-4_13,primary,N5,-1.0612892,6.6896105
ATGCACCTTCCTTAAT-1-10,20221010-2_5,primary,N5,-1.3265369,8.94405
ACAATAGTCGTACGTT-1-22,20230607-1_1,primary,N5,3.483898,8.69551
CTATGTGAGTCACGGC-1-17,20221010-3_9,primary,N5,-1.8270118,10.355478
TTGAACGAATCCTTTG-1-6,20221010-1_1,primary,N5,-0.84091246,9.266435
GTTTGGTAGGGTCAAC-1-10,20221010-2_5,primary,N5,-1.7088506,9.883087
TGTGTCGCGAGTTGCA-1-10,20221010-2_5,primary,N5,-2.150783,9.033236
ATCTGATAGTGTCTTA-1-6,20221010-1_1,primary,N5,-0.41480437,8.680902
CAGAGTGATTTAACGT-1-18,20221010-4_13,primary,N5,0.5513241,9.808799
GCCGATTGGCCAAGCT-1-22,20230607-1_1,primary,N5,0.35226882,6.46374
CTACTGCCACCTGACC-1-17,20221010-3_9,primary,N5,-0.05453737,7.971806
TCGATAGGCTAGTCGC-1-18,20221010-4_13,primary,N5,0.39905453,11.998621
GGTTGTGTAGCCTGGC-1-18,20221010-4_13,primary,N5,0.185593,8.398403
TTCTACCTTTATGTTG-1-17,20221010-3_9,primary,N5,-0.8747338,8.813711
CTGCGGTAGTCACGTG-1-18,20221010-4_13,primary,N5,-0.032432333,11.471827
GGAACCCGAACAAGAA-1-6,20221010-1_1,primary,N5,-2.1750634,7.1304135
AGTCTGGACATCCTTG-1-22,20230607-1_1,primary,N5,2.0949214,7.719051
CCCGGTGGAAGAACCT-1-6,20221010-1_1,primary,N5,-1.6089349,7.443816
CCTGAATATTTACATA-1-17,20221010-3_9,primary,N5,-1.8341488,5.244784
CTGTTCACTGCCTGTG-1-18,20221010-4_13,primary,N5,-0.60772306,8.845356
GAATTTCTCGCTGCAG-1-10,20221010-2_5,primary,N5,-1.7144246,7.4616914
ACCAGGAGTGTGATCT-1-18,20221010-4_13,primary,N5,0.76684797,12.1088
TCTGTGACTGACCGTT-1-6,20221010-1_1,primary,N5,-0.7935208,7.676814
TAGGTGTTCCACAGAT-1-10,20221010-2_5,primary,N5,-1.8612697,8.576017
CTCACTGTGATACTTA-1-10,20221010-2_5,primary,N5,-2.1838284,7.423322
CTATTCATGTGTCCCA-1-6,20221010-1_1,primary,N5,-2.6291902,5.065394
GCCCGCGCGTAAACGG-1-22,20230607-1_1,primary,N5,1.1639328,5.4866333
TAGATCCGAAGTCGCA-1-18,20221010-4_13,primary,N5,0.6431624,10.437265
GAGCCAGCTACCTGTG-1-10,20221010-2_5,primary,N5,-1.8581153,10.742768
TATGCTCCCTACTTAC-1-17,20221010-3_9,primary,N5,-1.7312104,7.9772773
GCGATTCTGGAAGCAG-1-18,20221010-4_13,primary,N5,0.6971615,11.353324
CTGAAAGAGATCCGAC-1-18,20221010-4_13,primary,N5,-0.9322089,4.7848887
TGGACGTAGGCGAATC-1-6,20221010-1_1,primary,N5,-2.0686562,6.062618
CTCGGGTTCTCTGGCC-1-17,20221010-3_9,primary,N5,-1.0972304,4.9409385
GTTACAATTGGTGACG-1-6,20221010-1_1,primary,N5,-1.7819233,6.5253086
ATGGTCGCGTGGTTTC-1-10,20221010-2_5,primary,N5,-2.0023713,5.727994
GCACTAGTCGCGCTAT-1-18,20221010-4_13,primary,N5,0.6059594,11.791636
ACGGGTCATGTGACTT-1-6,20221010-1_1,primary,N5,-1.0740627,10.8509865
GTTAACATCACTTAAA-1-10,20221010-2_5,primary,N5,-1.6072522,6.6188173
GAGGCTATCAAAGTCG-1-17,20221010-3_9,primary,N5,-1.6263927,10.134031
CTGGGCGGCCAAATGT-1-17,20221010-3_9,primary,N5,-1.6458125,10.179279
GGGCGAATTTCTCCAC-1-10,20221010-2_5,primary,N5,-0.70947754,8.9594555
AACGTTATCAGCACCT-1-6,20221010-1_1,primary,N5,-1.1815319,9.16201
TCCTCTGGCCCATTAG-1-18,20221010-4_13,primary,N5,-0.05768649,11.286356
TCCCACGGAGGGAGCT-1-17,20221010-3_9,primary,N5,-1.5264977,10.248221
GTCTCAAGGCCCGGCT-1-6,20221010-1_1,primary,N5,0.11137577,11.031836
TTATGACAAACTGGAT-1-18,20221010-4_13,primary,N5,-0.1357762,9.6962595
TCCGAAGTAGTCACCA-1-17,20221010-3_9,primary,N5,-1.8512948,7.512757
CGGCGCCATCAATCCC-1-6,20221010-1_1,primary,N5,-0.21372736,11.076186
ATACGTTATGCACGGA-1-10,20221010-2_5,primary,N5,-0.81413525,11.6599455
TTAGAGTTTAGAAGGA-1-10,20221010-2_5,primary,N5,-1.40013,6.474208
TTGCTGAAGGAACCAC-1-17,20221010-3_9,primary,N5,-1.8753905,10.8802595
CCGCCTTGCGATGTCG-1-18,20221010-4_13,primary,N5,-1.0957049,4.8020096
CAACTTGTAGTGGGCA-1-6,20221010-1_1,primary,N5,-1.7798849,7.003495
GCAAACCTTGGCCATA-1-6,20221010-1_1,primary,N5,-1.1634439,6.9860783
CGTAGCGCCGACGTTG-1-18,20221010-4_13,primary,N5,0.52298015,11.938538
AAGGAGAACTTATAAG-1-17,20221010-3_9,primary,N5,-1.8432653,10.4091015
AGATACGACTTCATAT-1-18,20221010-4_13,primary,N5,0.67234224,11.377032
ACGATGCATATGTTAT-1-10,20221010-2_5,primary,N5,-2.2883668,4.3233004
TGTTTCGGTACTTCTC-1-17,20221010-3_9,primary,N5,-2.0076492,10.634352
GAAACTCTAATGAAGG-1-18,20221010-4_13,primary,N5,-1.2821093,4.6448855
CTTTGAAACATATTCC-1-17,20221010-3_9,primary,N5,-1.9145534,10.736457
CACGACGTAATAGTAA-1-17,20221010-3_9,primary,N5,-1.7997463,10.822909
TATGATTCTGCTTGGT-1-18,20221010-4_13,primary,N5,0.50630444,9.087404
CAGCTTAGTAGGTAGC-1-6,20221010-1_1,primary,N5,-2.0236554,5.812121
CAGCGATTCCCTTCAA-1-22,20230607-1_1,primary,N5,-1.2057983,4.097681
CATCTACCCGAGAACG-1-17,20221010-3_9,primary,N5,-1.4939134,9.251521
GCAGATCCTCGCAAAT-1-6,20221010-1_1,primary,N5,-1.4554847,8.104313
AGCACTACCGGCCTGT-1-17,20221010-3_9,primary,N5,-1.7737806,10.453684
TTGAGAGTACTGCTAA-1-10,20221010-2_5,primary,N5,-0.9964967,8.706285
GAAGTCAGTTGCACTA-1-6,20221010-1_1,primary,N5,-2.2246087,7.007356
CTTAGCCTTCCACATG-1-10,20221010-2_5,primary,N5,-2.3402584,5.0551796
ACTACGCGTTAGAATT-1-10,20221010-2_5,primary,N5,-1.7438017,10.610805
TCACAGATCCTCAAAC-1-22,20230607-1_1,primary,N5,0.8870696,7.3900757
CGAGTGAAGGTACCAG-1-22,20230607-1_1,primary,N5,1.2512931,5.593287
ACAGCGACATTCTCAT-1-10,20221010-2_5,primary,N5,-1.2713156,10.540781
AGTCTGGACATCCTTG-1-6,20221010-1_1,primary,N5,-1.7645475,9.068206
CAACGGTTCTTGATAC-1-18,20221010-4_13,primary,N5,0.99450296,11.146426
AGATAACTTCAGGGCC-1-6,20221010-1_1,primary,N5,-0.6235927,8.230588
CACTCAAGAGCTATGG-1-22,20230607-1_1,primary,N5,1.4920468,7.510903
TTCTTAGTGAACGGTG-1-18,20221010-4_13,primary,N5,0.9855458,11.53944
AACAGGAAATCGAATA-1-18,20221010-4_13,primary,N5,-0.23110633,8.98234
TTAAACCGGTAGCGAC-1-18,20221010-4_13,primary,N5,0.85691386,9.785106
GAGGTACATCCATCTT-1-17,20221010-3_9,primary,N5,-1.0555391,8.93047
CCAGTCCATTATTCGA-1-22,20230607-1_1,primary,N5,1.7690096,8.494487
CCAGCTTCCGCCCGCA-1-10,20221010-2_5,primary,N5,-1.3160353,9.233213
GAAACCTATACAAATG-1-10,20221010-2_5,primary,N5,-1.4304963,10.375428
TACGAGAACTTCACGT-1-10,20221010-2_5,primary,N5,-1.8602879,7.619695
TTAACCAACCCTCCCT-1-18,20221010-4_13,primary,N5,0.43837786,10.4201145
ATACGTACTTAGCCAC-1-10,20221010-2_5,primary,N5,-2.0709069,6.835552
TTGACAGGAGCTCCCG-1-22,20230607-1_1,primary,N5,3.3012252,6.640952
AACGCTGTTGCTGAAA-1-6,20221010-1_1,primary,N5,-0.7957932,10.84698
TTGCGGCGACTCATGC-1-17,20221010-3_9,primary,N5,-2.0329702,10.675433
GCAGCACACAGCCCAG-1-10,20221010-2_5,primary,N5,-1.338772,6.751489
ATACCTAACCAAGAAA-1-6,20221010-1_1,primary,N5,-1.7133124,4.9666514
CGTACCGAAAGTCTAG-1-6,20221010-1_1,primary,N5,-0.70245576,7.2536864
CTGTTCATCTCACGGG-1-17,20221010-3_9,primary,N5,-0.17768121,8.043907
GCGGGAACCAGGCCCT-1-18,20221010-4_13,primary,N5,0.0045185867,10.355372
CATGCATGGAGACCCT-1-17,20221010-3_9,primary,N5,-1.8381622,10.725578
AGCCTTAAAGCGGAAG-1-10,20221010-2_5,primary,N5,-1.4607064,10.703102
CAGCCTCTCCTCAAGA-1-18,20221010-4_13,primary,N5,1.1258659,10.440546
GAGTGTGCGGTACCCA-1-10,20221010-2_5,primary,N5,-2.0092,8.961525
TCTGAACTCGTACCCG-1-10,20221010-2_5,primary,N5,-2.4557269,5.274321
AAGACTAACCCGTTGT-1-6,20221010-1_1,primary,N5,-1.109117,7.5752516
ATCCAGGATTCGTGAA-1-6,20221010-1_1,primary,N5,-1.2328393,9.911337
CGGTGCAGATAGAACG-1-22,20230607-1_1,primary,N5,0.97803634,6.623062
CGCAAACACGAGTTAC-1-10,20221010-2_5,primary,N5,-2.9347923,3.693772
CTCCGGCTTGTAGACA-1-6,20221010-1_1,primary,N5,-1.6883535,8.450018
GACGAGGCTAATAAAC-1-22,20230607-1_1,primary,N5,1.2413602,5.281016
GTTGGATTCAGTGGCT-1-18,20221010-4_13,primary,N5,0.67896134,11.3157
CGGCACCGTTAGCGCC-1-18,20221010-4_13,primary,N5,-0.8587533,8.5748
GGATTGCTGTGACTCC-1-10,20221010-2_5,primary,N5,-1.6443528,11.008777
AGGCCCTAGAACGCCA-1-10,20221010-2_5,primary,N5,-0.94525784,6.7824607
AACTGGTGTGGGCCTT-1-18,20221010-4_13,primary,N5,0.8751225,11.872529
CGCTTATTCCCGGTCG-1-10,20221010-2_5,primary,N5,-1.1802053,6.4598217
CATCGTCCGGTTACTA-1-10,20221010-2_5,primary,N5,-1.1097368,6.856519
GTGGTTTCCGCCTTTC-1-6,20221010-1_1,primary,N5,-1.6559106,9.822756
TGGCGGTGTGCGATTG-1-18,20221010-4_13,primary,N5,1.4730475,11.909571
AGTAGGTAACATACAT-1-17,20221010-3_9,primary,N5,-1.8271865,10.939182
CCAACGATGCACTGAT-1-10,20221010-2_5,primary,N5,-2.1129837,8.679534
GTTACCTACAACTTGC-1-10,20221010-2_5,primary,N5,-2.822623,3.766335
ACTGTTTAGTGTAGGC-1-6,20221010-1_1,primary,N5,-0.60371596,10.283526
ACAAGGCCTACCAGCC-1-17,20221010-3_9,primary,N5,-2.011131,10.626427
ACCAAGAACGCGTGTC-1-17,20221010-3_9,primary,N5,-0.8653681,11.104834
AGAGTTAGAGACCGAT-1-17,20221010-3_9,primary,N5,-1.7300593,10.235394
TATAAATCCACAAGCT-1-18,20221010-4_13,primary,N5,0.5936901,11.839247
AGGGCGAGCAGCTGAT-1-17,20221010-3_9,primary,N5,-1.9700142,10.770455
CTGGGCACTAGTCGGA-1-17,20221010-3_9,primary,N5,-1.1794112,9.883713
AATTTGGTTCCAAAGA-1-6,20221010-1_1,primary,N5,-2.3038914,6.8986034
TTCTAGGCCAATTGTG-1-18,20221010-4_13,primary,N5,0.80485934,9.5874
TCAACATAGCGCCCTA-1-10,20221010-2_5,primary,N5,-0.9565893,9.776044
ACCCGGAAACTCCCAG-1-6,20221010-1_1,primary,N5,-2.6043808,4.9386673
GTTGAACCGGTTCCAT-1-10,20221010-2_5,primary,N5,-1.1990044,5.901674
TGCCAGTACGTGGAGA-1-10,20221010-2_5,primary,N5,-2.0504475,8.714989
ACGTTTAGTTGTGATC-1-17,20221010-3_9,primary,N5,-2.0613024,9.395977
CCTGCGTTCTACGCTT-1-18,20221010-4_13,primary,N5,0.61894184,9.104974
TCTGTCATACAAGAGC-1-17,20221010-3_9,primary,N5,-1.545273,10.902422
CTGGAAATGGATGCTT-1-17,20221010-3_9,primary,N5,0.7444399,8.57826
ATTCTCGTCTCTTTAG-1-17,20221010-3_9,primary,N5,-1.900065,10.862879
AGTGACCTACTTTACG-1-6,20221010-1_1,primary,N5,-2.5782363,4.86673
TCCTTACGACGGTCCG-1-22,20230607-1_1,primary,N5,1.683802,6.1657863
ACAACGGTCCCTGCGA-1-6,20221010-1_1,primary,N5,-2.4309413,4.883637
CTGCCCACGAAGCGTT-1-18,20221010-4_13,primary,N5,0.29702133,9.2376
ATGTTCCTGCCCACCT-1-6,20221010-1_1,primary,N5,-0.20373946,9.285356
GTGCAACAAATGTGGC-1-17,20221010-3_9,primary,N5,-1.8031532,10.210968
AACTCGATGGCGCAGT-1-6,20221010-1_1,primary,N5,-0.98683524,4.6733675
GTCCCGCGACGTTATG-1-10,20221010-2_5,primary,N5,-1.4470199,10.28258
TCTAACTGTATGTAAA-1-10,20221010-2_5,primary,N5,-0.8022691,8.795396
ATGATGCAATGGTACA-1-6,20221010-1_1,primary,N5,-2.385687,6.948981
CTATCGCGTAGAGAAC-1-22,20230607-1_1,primary,N5,5.6116543,8.323043
ACTCGATGTATTTCAT-1-18,20221010-4_13,primary,N5,1.7894176,9.580272
GGTGGGATTAGGTCCC-1-17,20221010-3_9,primary,N5,-2.120672,7.066377
CCTCGCGCTGTGCGAT-1-6,20221010-1_1,primary,N5,-1.4837762,9.82344
ACCGACACATCTCCCA-1-10,20221010-2_5,primary,N5,-1.593083,9.500703
GCCTAGCGATCTGACC-1-18,20221010-4_13,primary,N5,1.1212751,11.69673
GAACGGTGTAAAGCAG-1-17,20221010-3_9,primary,N5,0.5795888,8.735758
AGGATCACGCGATCTG-1-17,20221010-3_9,primary,N5,-1.8785834,10.268766
CGAATGGTAGGTCGTC-1-17,20221010-3_9,primary,N5,-1.4067756,6.583437
TAGTACCTTAGTGGTC-1-10,20221010-2_5,primary,N5,-2.5028174,4.2643056
AACCAAGACTTCTCTG-1-22,20230607-1_1,primary,N5,2.1916971,8.418087
GATCGCTACCCGATTT-1-10,20221010-2_5,primary,N5,-2.0312943,9.12223
CGGGAGTATACCGCCG-1-22,20230607-1_1,primary,N5,2.4712746,8.075859
GATAAATCGGTGGATG-1-6,20221010-1_1,primary,N5,-2.661881,4.9308357
CATTCAGGTCAGTGCG-1-6,20221010-1_1,primary,N5,-1.7525716,6.9936543
AAATCGTGTACCACAA-1-10,20221010-2_5,primary,N5,-1.9345789,9.208348
CGACATGCGATCTTCT-1-17,20221010-3_9,primary,N5,-1.3535177,9.003591
TACCTACTCCCAGTAT-1-10,20221010-2_5,primary,N5,-1.3459824,9.536377
CTAACCGCGCGCCCGT-1-10,20221010-2_5,primary,N5,-1.5477414,5.50324
AATAGAACAGAGTGGC-1-10,20221010-2_5,primary,N5,-1.5475899,9.597536
ACATCCTGGTAACTGT-1-10,20221010-2_5,primary,N5,-1.6693975,7.58409
GCATACGAGGTCTTTA-1-6,20221010-1_1,primary,N5,-0.43054914,9.380959
AAGAGATGAATCGGTA-1-17,20221010-3_9,primary,N5,-1.5370911,10.465477
TTCCAATCTGGCTATC-1-6,20221010-1_1,primary,N5,-0.67728513,10.971015
CGGCACCGTTAGCGCC-1-17,20221010-3_9,primary,N5,-1.4890035,6.4268584
TCTGCGTCCGGTTTCT-1-6,20221010-1_1,primary,N5,-2.4571424,3.869035
TACGATGTTGATCATC-1-6,20221010-1_1,primary,N5,-1.7309086,5.604376
GCTCCGGACGTTGATA-1-17,20221010-3_9,primary,N5,-2.0755224,10.745428
ATTCCCACATAAACAA-1-17,20221010-3_9,primary,N5,-1.6094892,10.364227
CACCGCCGACCAGCGA-1-6,20221010-1_1,primary,N5,-2.4070573,4.7181125
CAGAGACGGTCACCCA-1-10,20221010-2_5,primary,N5,-1.3855127,11.427773
ATCTAATATCCTACGG-1-10,20221010-2_5,primary,N5,-2.230302,7.1982856
GCCCACCAAGGCTGTC-1-10,20221010-2_5,primary,N5,-1.2947922,5.406443
GCGCTTAAATAATTGG-1-6,20221010-1_1,primary,N5,-0.33754137,11.212972
TTAGCTCTGTAATCCG-1-10,20221010-2_5,primary,N5,-1.61224,10.627806
AGATACGACTTCATAT-1-17,20221010-3_9,primary,N5,-1.976742,10.892209
CCACGAGAAGAGAATC-1-17,20221010-3_9,primary,N5,-1.3460478,7.06902
ATTTGCCTAGTTACGA-1-17,20221010-3_9,primary,N5,-1.6268337,10.26866
CCGCGGGTACGAAGAA-1-17,20221010-3_9,primary,N5,-1.8038058,10.897245
CGCCAAGAAGCCGAGT-1-22,20230607-1_1,primary,N5,3.0458524,6.916387
TTGCACGGAGCAGCAC-1-18,20221010-4_13,primary,N5,-0.48672724,5.8421655
CATCGTCCGGTTACTA-1-6,20221010-1_1,primary,N5,-0.9215755,7.034242
ACGTTTAGTTGTGATC-1-18,20221010-4_13,primary,N5,-0.03406347,7.778245
CCATCCATACCAAGTC-1-18,20221010-4_13,primary,N5,0.72539806,11.300027
AGCTCCTTCGCACATC-1-6,20221010-1_1,primary,N5,-1.968506,6.0762577
ACTTGCCATATTGTAC-1-18,20221010-4_13,primary,N5,0.86163837,12.08337
GGCTTTCAATAAGGGT-1-6,20221010-1_1,primary,N5,-1.4745914,8.300608
ACACGGCACTATGCAT-1-17,20221010-3_9,primary,N5,-1.6233912,9.754039
CACTTAATCAGACGGA-1-6,20221010-1_1,primary,N5,-2.3828185,5.1841645
TGGTGATCGTATTTGT-1-18,20221010-4_13,primary,N5,0.358614,10.504134
CGAGATGTTGCCTATA-1-6,20221010-1_1,primary,N5,-1.7874796,5.9992795
AAAGGCCCTATAATAC-1-17,20221010-3_9,primary,N5,-1.6876395,10.404476
CGAAACATAGATGGCA-1-17,20221010-3_9,primary,N5,-1.0424439,9.02533
ACCTAATCGACTTCCT-1-10,20221010-2_5,primary,N5,-2.055132,6.9721694
TATCCGCACCGTCGGG-1-6,20221010-1_1,primary,N5,-1.4405671,11.260636
GAGCTAAGGGCATATC-1-10,20221010-2_5,primary,N5,-2.7236483,5.225212
GGGCGTGGTTTCCCAG-1-6,20221010-1_1,primary,N5,-0.01986099,9.940829
CGTAGCGAATTGTCAG-1-18,20221010-4_13,primary,N5,-1.1840572,7.232395
CGCACATGTCCACTAC-1-10,20221010-2_5,primary,N5,-2.177519,5.9421735
AAACTAACGTGGCGAC-1-17,20221010-3_9,primary,N5,-1.0175827,9.033255
TCAACGAGGAGACAAA-1-10,20221010-2_5,primary,N5,-1.4911278,7.961445
GTAAGGATTTGTCGGA-1-18,20221010-4_13,primary,N5,-2.4061515,6.27217
TGCTCACACAACAACC-1-17,20221010-3_9,primary,N5,-1.923056,10.872565
TATACTCATGCGGCAA-1-6,20221010-1_1,primary,N5,-0.08944782,8.966539
GTCGGATGTAGCGCGC-1-18,20221010-4_13,primary,N5,-1.4728283,6.1147723
CTCTACACTGGCGATT-1-17,20221010-3_9,primary,N5,-1.9516376,10.707223
CGTGCATTGTCGACGC-1-6,20221010-1_1,primary,N5,-0.8004285,9.797427
AGTTGCTGACTGATAT-1-6,20221010-1_1,primary,N5,-1.6567928,6.935067
GCGGTTCCCTATCATG-1-6,20221010-1_1,primary,N5,-1.6593986,7.8669
AAACCTCATGAAGTTG-1-17,20221010-3_9,primary,N5,-1.9844037,10.836513
GATCCTCTTGCGCTTA-1-17,20221010-3_9,primary,N5,-1.4831533,8.829368
GTCGTACCATCTCGGG-1-10,20221010-2_5,primary,N5,-2.7381086,4.971667
AGTCTCACAAGACTAC-1-22,20230607-1_1,primary,N5,1.4633482,6.406037
ATACTCTCGCCACTCT-1-6,20221010-1_1,primary,N5,0.80447805,6.7418747
AACCAAGACTTCTCTG-1-6,20221010-1_1,primary,N5,-1.4918292,5.292255
ACGAGATATTTGCTTA-1-18,20221010-4_13,primary,N5,0.9970192,8.463507
CCCAATTTCACAACTT-1-6,20221010-1_1,primary,N5,-1.0478822,9.088288
TTCCTCGGACTAACCA-1-10,20221010-2_5,primary,N5,-2.868837,4.169738
GCCGAAATTCCTACGT-1-6,20221010-1_1,primary,N5,-1.0007315,8.225342
TTCCGGCCTTGAGGCT-1-10,20221010-2_5,primary,N5,-1.5127194,8.462881
CAACGGTTCTTGATAC-1-10,20221010-2_5,primary,N5,-1.436303,9.758631
CTTAGTGTAGTAGCAT-1-6,20221010-1_1,primary,N5,-0.89354324,10.8796215
ATTTAACTCGTATTAC-1-18,20221010-4_13,primary,N5,0.6113506,11.845963
GTGACTTCAGTAGTGC-1-6,20221010-1_1,primary,N5,-2.0961013,7.302199
CTGGCGACATAAGTCC-1-18,20221010-4_13,primary,N5,1.3266044,7.95015
TTAACTTCAGGTAGGA-1-17,20221010-3_9,primary,N5,-1.9035594,7.3092585
TGGTCTAGCTTACATG-1-10,20221010-2_5,primary,N5,-1.4629489,9.673937
GTGAGCGTGCTGCACT-1-10,20221010-2_5,primary,N5,-1.5295237,9.500401
AGGACATCGCACGTCG-1-18,20221010-4_13,primary,N5,0.37931657,11.743593
AGTATTTGGCACGACC-1-10,20221010-2_5,primary,N5,-1.4623418,10.451996
CTTCTATTAATGCTAG-1-6,20221010-1_1,primary,N5,-1.8248461,9.078389
ACAGCGCACCCGCAGC-1-17,20221010-3_9,primary,N5,-1.8391045,5.101816
CAACATGGCCTGATAA-1-6,20221010-1_1,primary,N5,-1.3509101,10.743074
ATAAGGTGGAGAACAT-1-6,20221010-1_1,primary,N5,-2.4557896,6.1763234
TCTGTGGCTACATTTC-1-6,20221010-1_1,primary,N5,-2.3789964,4.365772
GTGCGCTTACAAATGA-1-17,20221010-3_9,primary,N5,-1.3432255,10.5306015
CCTACATTCACAGACG-1-10,20221010-2_5,primary,N5,-1.7332417,8.232603
TGGTATCGGTCTGTAT-1-17,20221010-3_9,primary,N5,-1.9295607,10.64973
GGGACCCGTATATCTT-1-10,20221010-2_5,primary,N5,-0.02997005,8.901462
TCTCCCTGGGCAGCGT-1-10,20221010-2_5,primary,N5,-1.8747562,6.599657
CTGCTTGGCGATAGCT-1-10,20221010-2_5,primary,N5,-2.240911,6.8057666
ATTGCGATCAGTAACT-1-22,20230607-1_1,primary,N5,1.7465695,5.833857
CGCATTAGCTAATAGG-1-17,20221010-3_9,primary,N5,-2.0353453,10.788184
ACGCCAGATGATTTCT-1-17,20221010-3_9,primary,N5,-1.9777328,7.6503754
TTACTCTGGTACGTAC-1-6,20221010-1_1,primary,N5,-1.2288196,11.451439
ATTCACTGATGTTGGA-1-6,20221010-1_1,primary,N5,-1.15589,6.8955026
CTGCCTAGCCACCAAG-1-18,20221010-4_13,primary,N5,0.73975426,11.411747
ATAAAGGTCAAGTACG-1-17,20221010-3_9,primary,N5,-1.1468327,8.9286375
TATCGATGATTAAACG-1-18,20221010-4_13,primary,N5,0.017871955,10.411464
CCTATACCGTCCTGTC-1-6,20221010-1_1,primary,N5,-0.55145365,10.37114
CTATGTCTATTGAAAC-1-18,20221010-4_13,primary,N5,-0.20171788,10.727072
CTCCCTCCTTTCGATC-1-17,20221010-3_9,primary,N5,-1.576609,7.1117682
CATTTGAGTGGTACGT-1-10,20221010-2_5,primary,N5,-1.2326443,10.729276
TCTTGGTAACACCAAA-1-17,20221010-3_9,primary,N5,-1.67555,9.483428
CTTCAACTCCACTTGG-1-10,20221010-2_5,primary,N5,-1.8176844,7.7429314
CGTTGAATACCGCGCT-1-6,20221010-1_1,primary,N5,-1.2434247,10.932281
ATTTAACTCGTATTAC-1-22,20230607-1_1,primary,N5,0.79357976,9.16012
CGGCCACGCACAAAGT-1-22,20230607-1_1,primary,N5,0.62997156,6.7877283
ACCATCGTATATGGTA-1-6,20221010-1_1,primary,N5,-2.4997718,7.5593414
GGCTCTGCTCCAACGC-1-10,20221010-2_5,primary,N5,-2.4271822,5.3601127
AATCCATGCAAGGGTG-1-6,20221010-1_1,primary,N5,-0.18368122,8.718431
TAGAAACCACTAAGTA-1-18,20221010-4_13,primary,N5,0.024038203,9.596216
ATACCCTGGCTCAAAT-1-6,20221010-1_1,primary,N5,-1.3866202,9.448536
ACAGCGCACCCGCAGC-1-18,20221010-4_13,primary,N5,0.794289,10.005906
TAGCTAAGTCCGGGAG-1-18,20221010-4_13,primary,N5,1.2629359,7.368055
TCGTATTACCCATTGC-1-10,20221010-2_5,primary,N5,-1.416492,9.688625
AGGGACAGCACGGCGG-1-17,20221010-3_9,primary,N5,-1.8421766,10.61009
GGGCCCTACGAAAGGG-1-17,20221010-3_9,primary,N5,-2.0589306,10.741424
AGGAAGCTGTCCGCCG-1-6,20221010-1_1,primary,N5,-1.9074366,9.309391
TAGAGGTTCTACTTGT-1-22,20230607-1_1,primary,N5,0.83251023,4.3918977
GATGCTACAAGCGCCT-1-18,20221010-4_13,primary,N5,-0.081172824,8.811603
CCACTAAACTGAATCG-1-6,20221010-1_1,primary,N5,-0.04880798,10.118311
CAGACACCGATCGCTG-1-6,20221010-1_1,primary,N5,-2.533614,5.1782627
ACCGGTCAGGTACACC-1-18,20221010-4_13,primary,N5,0.1388705,6.6888833
CAGCTCGTGCTTGTGT-1-17,20221010-3_9,primary,N5,-1.4384913,10.510023
CGTGCCCGACATTTGT-1-18,20221010-4_13,primary,N5,0.62490594,10.042565
ACATCGGTCAGCCGCG-1-6,20221010-1_1,primary,N5,-0.43463528,9.180133
AGTAGGAAGGAAGTTG-1-18,20221010-4_13,primary,N5,0.37108514,10.102717
GTAGACGTCGTTACAT-1-10,20221010-2_5,primary,N5,-2.7875519,4.4781985
ATACTAGCATGACCCT-1-17,20221010-3_9,primary,N5,-2.1669047,8.855739
GGCCGAGACTCTGGTG-1-17,20221010-3_9,primary,N5,-1.5125084,9.201403
AGGCAGGGAGCGTACT-1-6,20221010-1_1,primary,N5,-0.9955186,11.16396
GTGTATGACTTTAAAG-1-18,20221010-4_13,primary,N5,0.92805636,11.93172
TCAATACGCCGTCATG-1-6,20221010-1_1,primary,N5,-0.8404155,8.139302
ACACCCAGCATGCAGC-1-18,20221010-4_13,primary,N5,0.4081663,10.095979
ATGACGCGTTCTATCC-1-17,20221010-3_9,primary,N5,-1.1016054,6.2228346
TTGCTGCACCTATCCA-1-6,20221010-1_1,primary,N5,-0.09740989,10.415895
TTGTCGTTCAGTTACC-1-17,20221010-3_9,primary,N5,-1.234651,9.145614
GTTCTTCCCTCGATGT-1-17,20221010-3_9,primary,N5,-1.8148638,10.507215
TTCTGCGAGCGCCCTT-1-10,20221010-2_5,primary,N5,-2.0292459,8.447674
ATGTGCATCCGACGCA-1-18,20221010-4_13,primary,N5,-0.43335947,7.7746706
GATATGGATTACGCGG-1-10,20221010-2_5,primary,N5,-1.5805537,10.209226
CCAAACAGAACCCTCG-1-17,20221010-3_9,primary,N5,-1.463295,10.988939
TGCCGTGGATCGTCCT-1-6,20221010-1_1,primary,N5,-2.0699055,7.968918
CACATCTCACCGACGA-1-6,20221010-1_1,primary,N5,-0.2638186,10.438375
TGGTATCGCATCCCAA-1-18,20221010-4_13,primary,N5,0.58212954,10.846878
CACTCCTCTCGGTCGG-1-18,20221010-4_13,primary,N5,0.2543732,6.579609
TAATTAGGACATCCGT-1-10,20221010-2_5,primary,N5,-1.3632405,6.5061326
GTCCTTTAATGACTTC-1-17,20221010-3_9,primary,N5,-1.194326,6.747488
TGTTTAATACTTCATC-1-17,20221010-3_9,primary,N5,-0.99750483,9.021169
ATTCAGATGAATCCCT-1-17,20221010-3_9,primary,N5,-1.9585198,10.63422
CTTGCCCAGGCTCTAC-1-6,20221010-1_1,primary,N5,-2.3109472,5.11033
GAATGCGAATCGGTTC-1-6,20221010-1_1,primary,N5,-0.30670196,10.234311
CATAATGAGCGGGCGA-1-6,20221010-1_1,primary,N5,-0.806915,7.6153708
AGGTCAGGTGAGAGTG-1-17,20221010-3_9,primary,N5,-0.61802924,8.699185
CAGGAAGACTTTATAT-1-18,20221010-4_13,primary,N5,1.0913391,7.5285726
TCCGCCTGTCTACAAG-1-10,20221010-2_5,primary,N5,-2.1661518,7.826612
CCTGGTCGAATGTGGG-1-6,20221010-1_1,primary,N5,-1.0902522,10.815247
TTGTAACTTCATAGCG-1-17,20221010-3_9,primary,N5,-1.832918,10.367048
CATTCCCTAAGTACAA-1-6,20221010-1_1,primary,N5,-0.7136929,10.762794
GTACTGCATGAAGCGT-1-22,20230607-1_1,primary,N5,1.2638893,9.102027
GCCTTGTATATGCAGT-1-10,20221010-2_5,primary,N5,-1.7353218,10.483155
TATGGGTACGTATCGT-1-6,20221010-1_1,primary,N5,-2.8108957,4.8323116
TGCGCGATTAACGGAG-1-9,20221010-1_4,relapsed,N5,-1.3151375,11.192176
CATATTATTTGCCCTA-1-9,20221010-1_4,relapsed,N5,-0.92031634,11.119491
TACCGGCTCACTGCCC-1-9,20221010-1_4,relapsed,N5,-0.072402775,10.957786
AGTGCGTAGCTCGTAA-1-9,20221010-1_4,relapsed,N5,1.0582689,10.5821705
TACTGGACAGCTCGGC-1-21,20221010-4_16,relapsed,N5,1.0486326,9.628575
TCTAATACTGCCTCAG-1-21,20221010-4_16,relapsed,N5,0.71368796,8.707548
ATTAGGCGATGCTTTC-1-21,20221010-4_16,relapsed,N5,1.3514675,9.136813
AGCCCGCAACAAGCAG-1-21,20221010-4_16,relapsed,N5,1.1272177,9.04598
TCTTAGAGTGAACTCT-1-9,20221010-1_4,relapsed,N5,0.13965844,11.889133
ACAATTGTGTCTCTTT-1-21,20221010-4_16,relapsed,N5,1.1594731,9.251008
CTGGTAAAGACTTACA-1-21,20221010-4_16,relapsed,N5,0.8516495,9.293841
TTAAGACGAACGAACC-1-9,20221010-1_4,relapsed,N5,0.9601058,11.125432
TTAACGTTAAAGCCTG-1-21,20221010-4_16,relapsed,N5,1.0242144,9.653195
TTACAACTACGCATCC-1-9,20221010-1_4,relapsed,N5,-2.1626623,7.075917
TACACCTCTTCGAATC-1-21,20221010-4_16,relapsed,N5,1.0028797,9.804633
TGTCCGCAAACAATTC-1-21,20221010-4_16,relapsed,N5,2.0080736,6.5938253
GAAGCTTGCTGACCGC-1-21,20221010-4_16,relapsed,N5,2.4711878,11.717629
ATGATGCAATGGTACA-1-21,20221010-4_16,relapsed,N5,1.5296801,9.459108
CTGGTTCAACGCATCA-1-21,20221010-4_16,relapsed,N5,1.6544845,8.092875
TCTTGGTAACACCAAA-1-9,20221010-1_4,relapsed,N5,-1.4149914,6.9869075
TCCACCTCTAGCCTTT-1-21,20221010-4_16,relapsed,N5,0.7602142,10.805226
GGCAAGCCCATAGTGG-1-21,20221010-4_16,relapsed,N5,0.9763351,9.683659
ATACGGGTTTCGATTG-1-9,20221010-1_4,relapsed,N5,-1.7126992,7.1011095
CAACTCCTTGATCCCG-1-9,20221010-1_4,relapsed,N5,-1.719065,6.518346
ACTACGCGTTAGAATT-1-21,20221010-4_16,relapsed,N5,0.9931105,8.971563
ATCATAGCCCTATGTA-1-21,20221010-4_16,relapsed,N5,-0.84431416,6.730215
TAGACGAAACGCCAAT-1-21,20221010-4_16,relapsed,N5,-0.8835674,7.6718974
ATCGCACGCCGGGAGA-1-9,20221010-1_4,relapsed,N5,-1.4886708,7.204857
TACGATGTTGATCATC-1-9,20221010-1_4,relapsed,N5,-1.0623285,10.157392
CGCTTCCACTGAAATC-1-9,20221010-1_4,relapsed,N5,-0.83046323,10.062922
CGCATCATGGCTTCAG-1-9,20221010-1_4,relapsed,N5,-1.2203038,9.547535
CCTCGGACCGGGATAG-1-9,20221010-1_4,relapsed,N5,-1.1381822,10.935979
GATCTGCTATCTAAGG-1-21,20221010-4_16,relapsed,N5,-0.46524101,10.5467
ACCAGGAGTGTGATCT-1-9,20221010-1_4,relapsed,N5,-0.76183945,9.802442
GGAACCGTGTAAATTG-1-21,20221010-4_16,relapsed,N5,0.8974175,10.500799
GAGACTTCGCGACCGA-1-21,20221010-4_16,relapsed,N5,1.0078205,10.579179
CATTATGCTTGTTGTG-1-9,20221010-1_4,relapsed,N5,-1.6116776,6.975506
CTGGTAACACATAGAA-1-9,20221010-1_4,relapsed,N5,-0.15439135,11.260019
TCGCTAAACCGCTATC-1-21,20221010-4_16,relapsed,N5,1.0516592,8.564273
TGGGCGATACAATAAG-1-21,20221010-4_16,relapsed,N5,1.0195374,10.722125
GGCATACAGGTAGCGG-1-9,20221010-1_4,relapsed,N5,-1.1045725,11.773472
GTCGTGTCTGGTCATC-1-21,20221010-4_16,relapsed,N5,0.44391862,12.108742
GCGAGGCCCGAGCAGA-1-21,20221010-4_16,relapsed,N5,1.8029407,10.873861
CGACAGTTCGCGTTAT-1-21,20221010-4_16,relapsed,N5,0.80534893,11.268141
TCACGCATTGTAGATC-1-9,20221010-1_4,relapsed,N5,-1.0870448,11.620056
TGCGTCATGACTGAGC-1-21,20221010-4_16,relapsed,N5,1.4531783,9.515698
ATTCCCACATAAACAA-1-9,20221010-1_4,relapsed,N5,-0.85495627,9.408266
GTCACTCTCCAAATCT-1-9,20221010-1_4,relapsed,N5,-2.6461945,4.408084
TAATAGAACAGAGTTA-1-21,20221010-4_16,relapsed,N5,0.8119649,11.042822
AAATGTGGGTGCTCCT-1-21,20221010-4_16,relapsed,N5,1.1040943,11.050846
GGGTGCATATGAAAGC-1-21,20221010-4_16,relapsed,N5,0.1815315,11.562085
AGTGGTGTTACCCGTG-1-21,20221010-4_16,relapsed,N5,1.1634147,11.068229
TATCACCCAACCGACC-1-21,20221010-4_16,relapsed,N5,0.6294324,10.593761
AGGGTTCCCTTTGGTT-1-9,20221010-1_4,relapsed,N5,-1.1303878,10.261771
TTCAGGCGTCAAAGCC-1-21,20221010-4_16,relapsed,N5,0.38061637,10.468463
ATACCACGGGCAACTT-1-9,20221010-1_4,relapsed,N5,-0.10359478,11.492123
AGCCAAGCTTTGTGTC-1-21,20221010-4_16,relapsed,N5,0.8079972,11.165589
AGCTGAAGTAAACCAA-1-21,20221010-4_16,relapsed,N5,1.2017393,9.272651
CGAGAGCGCGTAGATA-1-21,20221010-4_16,relapsed,N5,0.87133,11.085417
CGAGCGTTGATCAGCC-1-21,20221010-4_16,relapsed,N5,2.0032341,8.078599
CTAGGGATAGGGACAA-1-21,20221010-4_16,relapsed,N5,1.6253772,9.741664
TAAAGCTGCAATAGGG-1-9,20221010-1_4,relapsed,N5,-1.146666,10.129672
CTTAAGCAGCGAGCCG-1-21,20221010-4_16,relapsed,N5,1.7535913,10.087229
TTAAGCCGACAACTTC-1-21,20221010-4_16,relapsed,N5,2.2545488,9.797037
TCGCGTCCAGAAGGTC-1-9,20221010-1_4,relapsed,N5,-1.1307992,11.406707
CGGCAGGGTCGGGTTG-1-21,20221010-4_16,relapsed,N5,2.836351,6.9302487
GCGAGAGTTGCGTCCA-1-21,20221010-4_16,relapsed,N5,0.06765396,10.400806
GATGGCGCACACATTA-1-9,20221010-1_4,relapsed,N5,0.03942427,11.937471
CATAGTAGCATAGTAG-1-9,20221010-1_4,relapsed,N5,-1.4147055,9.374989
TGGTCGTGCAAGGCAA-1-21,20221010-4_16,relapsed,N5,0.18028978,10.688198
TCTTACAGAGGTACCG-1-9,20221010-1_4,relapsed,N5,-0.96581155,9.944086
AAGTTGTGATGTTATA-1-21,20221010-4_16,relapsed,N5,0.8996916,10.732442
CCTTTCAATGAAGAAA-1-9,20221010-1_4,relapsed,N5,-1.6198412,9.987829
AACAGGAAATCGAATA-1-21,20221010-4_16,relapsed,N5,0.84645826,10.586356
CCTCCGACAATTCAAG-1-21,20221010-4_16,relapsed,N5,1.0657285,9.241027
CTAAAGAATGCCTACT-1-21,20221010-4_16,relapsed,N5,-0.48577043,9.225595
CACAAGCTAAGAAAGG-1-21,20221010-4_16,relapsed,N5,0.046976488,8.204452
ACCCTCCCTTGCTATT-1-21,20221010-4_16,relapsed,N5,0.70641524,10.964268
GTTAGAGTGTGCCGCT-1-21,20221010-4_16,relapsed,N5,1.4616234,11.42687
GTCCGGACCTGAAATT-1-21,20221010-4_16,relapsed,N5,1.3915551,11.413961
TGCCATTACTAAAGAA-1-9,20221010-1_4,relapsed,N5,-2.2863543,6.364286
AGTCCATTGGCTGATG-1-21,20221010-4_16,relapsed,N5,1.4466041,9.268306
CGGTGAAGACTAAAGT-1-21,20221010-4_16,relapsed,N5,-0.028909143,9.23245
GCATGAGGGACGCGGC-1-9,20221010-1_4,relapsed,N5,-1.1008049,10.228842
ACCGATGGTAGCATCG-1-21,20221010-4_16,relapsed,N5,1.2778399,10.979282
CTCCTGTTCAAGGCAG-1-21,20221010-4_16,relapsed,N5,1.5659493,9.732336
GAGGCTATCAAAGTCG-1-21,20221010-4_16,relapsed,N5,0.736149,11.009938
GCGTGGTACTGGGTTA-1-21,20221010-4_16,relapsed,N5,0.8633523,10.801549
TCGCGTCCAGAAGGTC-1-21,20221010-4_16,relapsed,N5,1.4048108,10.3673
CCGAAGCATTGACCAA-1-21,20221010-4_16,relapsed,N5,1.1732064,9.05933
GTTACAATTGGTGACG-1-21,20221010-4_16,relapsed,N5,0.00859855,8.422728
AGTACTCTTATGCCCA-1-21,20221010-4_16,relapsed,N5,1.608998,11.129186
CACGCACAGCGCAGCT-1-9,20221010-1_4,relapsed,N5,-2.206623,8.333908
CGGCTCTTCGTCGAAC-1-9,20221010-1_4,relapsed,N5,-0.89458007,11.032604
CAATTGGGCCGCACTC-1-21,20221010-4_16,relapsed,N5,0.93178546,11.237012
GTTCGGGCGTACCATT-1-21,20221010-4_16,relapsed,N5,-0.36637217,10.517216
TAGGCGGCTGCAAAGA-1-21,20221010-4_16,relapsed,N5,1.6601835,8.049793
TCCTAACCGTCGGGCA-1-21,20221010-4_16,relapsed,N5,0.6395146,9.416044
AAGAGCTCTTTATCGG-1-9,20221010-1_4,relapsed,N5,-0.89891404,10.691097
TCACAGGTTATTGGGC-1-21,20221010-4_16,relapsed,N5,-0.8652486,8.247175
TCTTATGGGTAGTACC-1-21,20221010-4_16,relapsed,N5,0.2268092,8.548604
ACACATTTCCGTAGAC-1-21,20221010-4_16,relapsed,N5,1.5997257,8.720912
AGCACTACCGGCCTGT-1-21,20221010-4_16,relapsed,N5,0.8797551,9.287785
TCGGAGTCCTGGTTGC-1-21,20221010-4_16,relapsed,N5,0.87186134,9.278712
TGTAGGAGAAATTTCC-1-21,20221010-4_16,relapsed,N5,0.9648603,9.706849
ATGGATTGACCAAACG-1-9,20221010-1_4,relapsed,N5,-1.2088023,7.6794486
GTGCCTGAGACCAAAC-1-21,20221010-4_16,relapsed,N5,0.67078483,10.395022
TACTGAGGGAAGAAAG-1-21,20221010-4_16,relapsed,N5,1.1050662,8.952228
TTCAATACTCTGAATC-1-9,20221010-1_4,relapsed,N5,-0.6632197,11.212251
TTGCACGGAGCAGCAC-1-21,20221010-4_16,relapsed,N5,2.1005547,9.78934
ACAGGCTTGCCCGACT-1-21,20221010-4_16,relapsed,N5,-0.31573105,9.451923
GTCAGAATAGTCTATG-1-9,20221010-1_4,relapsed,N5,-2.9141939,5.35616
TACCGGCTCACTGCCC-1-21,20221010-4_16,relapsed,N5,0.95969206,10.269641
AACAACTGGTAGTTGC-1-9,20221010-1_4,relapsed,N5,-1.9691808,9.20754
GATATGAGACACTAAC-1-9,20221010-1_4,relapsed,N5,-1.1078144,11.54762
TGATCTCCGGCGCCAG-1-9,20221010-1_4,relapsed,N5,-1.1382055,11.322561
CTTCATTGTCAGTGGA-1-9,20221010-1_4,relapsed,N5,-0.20302016,11.534983
AGATATAATACGACTA-1-21,20221010-4_16,relapsed,N5,0.9351081,10.753874
TAGTAGTTGCCGGACA-1-21,20221010-4_16,relapsed,N5,1.0833122,8.198772
AGTAACGTTCATCCTG-1-9,20221010-1_4,relapsed,N5,0.23732051,11.08499
GCGCCGTTCCACGATA-1-21,20221010-4_16,relapsed,N5,0.8926974,10.204185
GAAGTGCTGGATAGCT-1-21,20221010-4_16,relapsed,N5,0.68901867,10.182684
CGCAATTCTACAATAA-1-9,20221010-1_4,relapsed,N5,-1.0695558,11.7725
TCCGGGCTTGACGGGA-1-21,20221010-4_16,relapsed,N5,1.0975019,9.372087
GTCAGAATAGTCTATG-1-21,20221010-4_16,relapsed,N5,0.98451895,11.561873
CCCGCAAATAATCATC-1-21,20221010-4_16,relapsed,N5,-0.11172487,8.624305
ACCACGTGCAGCTATA-1-21,20221010-4_16,relapsed,N5,1.2929391,11.081797
CGCCCGCTTCCGTACA-1-21,20221010-4_16,relapsed,N5,1.9211237,10.589874
CACTCAGCTCTTGAGG-1-9,20221010-1_4,relapsed,N5,-2.8405995,5.0544286
ACGTTAATGTCGAAGA-1-9,20221010-1_4,relapsed,N5,-2.0321388,8.811528
TGCCTGACATCGGTCA-1-21,20221010-4_16,relapsed,N5,5.3407116,10.995973
AGAATTATGGATTCGA-1-9,20221010-1_4,relapsed,N5,-0.98743516,11.181947
TTGTGGTGGTACTAAG-1-21,20221010-4_16,relapsed,N5,1.1197853,9.3201685
TATCTGAGCCGATATT-1-21,20221010-4_16,relapsed,N5,0.9300983,8.877017
TTGGATCGACTTCTGG-1-9,20221010-1_4,relapsed,N5,-0.63383085,11.125192
TGGAATTAGACGCTTT-1-9,20221010-1_4,relapsed,N5,3.6412034,10.930981
TGTAGCCAATTCCGTT-1-21,20221010-4_16,relapsed,N5,0.8965269,8.979378
AACAGGAAATCGAATA-1-9,20221010-1_4,relapsed,N5,-1.6699455,6.60047
ACAGAACTGAGAACAA-1-21,20221010-4_16,relapsed,N5,0.9149613,10.15782
TCGTTCGTTATTATGT-1-21,20221010-4_16,relapsed,N5,1.387982,9.163922
GCGGAGAGGGAGAACG-1-21,20221010-4_16,relapsed,N5,0.8894844,10.792264
ATGTCATAATAAACGA-1-21,20221010-4_16,relapsed,N5,1.5010403,10.014101
ATAGGTTGGGCAGATG-1-9,20221010-1_4,relapsed,N5,-1.8138572,9.4881115
GCAAGAATTCCTTGGC-1-21,20221010-4_16,relapsed,N5,0.87965935,11.030239
TAACGCTTTGAGAGCG-1-9,20221010-1_4,relapsed,N5,-1.2332968,11.336405
GACACTGAGTTCAGTG-1-21,20221010-4_16,relapsed,N5,1.1716734,10.38894
CTTCGTAGATAGGTGA-1-21,20221010-4_16,relapsed,N5,0.9537119,9.631871
CAAACTATTGAGCTTC-1-21,20221010-4_16,relapsed,N5,-0.15450844,10.49027
TCCTAGCAAAGAAGCT-1-21,20221010-4_16,relapsed,N5,0.84117925,11.722084
GCAGGAACTTAGATCT-1-21,20221010-4_16,relapsed,N5,0.4548727,8.045251
GGTAAATGTGCGTTAC-1-9,20221010-1_4,relapsed,N5,-2.6160722,7.01645
AATTACGAGACCCATC-1-21,20221010-4_16,relapsed,N5,0.7775669,10.789185
GTGAGATAACCTTATA-1-21,20221010-4_16,relapsed,N5,0.8857001,9.571146
GGGAAGACGGTCTGTC-1-21,20221010-4_16,relapsed,N5,1.1491371,8.452873
GTGATCACTAACGCCT-1-21,20221010-4_16,relapsed,N5,2.494116,7.9281125
ATTAATGAACCAGTCG-1-9,20221010-1_4,relapsed,N5,-1.8721029,7.8366876
CGTGTCTCGTTACGAC-1-21,20221010-4_16,relapsed,N5,-1.2244564,7.1297293
ACGATGCATATGTTAT-1-9,20221010-1_4,relapsed,N5,-0.015463716,11.638618
CGATACCTCGCGGACA-1-9,20221010-1_4,relapsed,N5,-0.94873154,11.579999
ATTTACAGTTTACTGG-1-21,20221010-4_16,relapsed,N5,-0.3773444,8.505705
CTAGATTTACGACGGC-1-21,20221010-4_16,relapsed,N5,2.8813543,6.294576
ACCTACAGTATGTGGT-1-21,20221010-4_16,relapsed,N5,1.1881354,9.200582
TTACCCTAGGGATTGG-1-21,20221010-4_16,relapsed,N5,0.8968095,9.5059805
AATATCGAGGGTTCTC-1-9,20221010-1_4,relapsed,N5,-0.78424364,9.529159
GATTAATCCTGGCTCA-1-21,20221010-4_16,relapsed,N5,0.94677234,10.801883
AGATCTCAGGTGTGAT-1-21,20221010-4_16,relapsed,N5,2.5465477,6.3173466
GAATGTATGGCAGGTC-1-21,20221010-4_16,relapsed,N5,0.25164527,11.413469
TCACAAACCGAGGTAC-1-21,20221010-4_16,relapsed,N5,1.0767795,9.447245
ATCAATCTGGGCTGCA-1-9,20221010-1_4,relapsed,N5,-1.2834655,10.336185
TGTTTAATACTTCATC-1-9,20221010-1_4,relapsed,N5,-0.63574904,6.973442
CCCTCATTCTGGAATT-1-9,20221010-1_4,relapsed,N5,-1.895943,9.205782
TAGTCTTTCCGAATTG-1-21,20221010-4_16,relapsed,N5,1.9898587,9.2923155
AGTGGCGTCTGAAGGT-1-21,20221010-4_16,relapsed,N5,-0.63986975,9.734932
TACCTCACGCTTGTAC-1-21,20221010-4_16,relapsed,N5,1.9230566,11.0305395
CAATTAAGGGTGATGA-1-9,20221010-1_4,relapsed,N5,-1.593299,8.53894
TTGTTAGCAAATTCGA-1-21,20221010-4_16,relapsed,N5,1.0985593,9.455536
AGAGGTATCTCGGTCC-1-21,20221010-4_16,relapsed,N5,2.5535846,9.255626
CTTGATGACCATCCAG-1-21,20221010-4_16,relapsed,N5,1.8201764,8.161013
AGGACAGTCGAATCCC-1-21,20221010-4_16,relapsed,N5,2.4516613,8.256817
CACGTCTATGATGTGG-1-9,20221010-1_4,relapsed,N5,-0.3226912,11.673603
TACAAGTCTCGTGCAT-1-21,20221010-4_16,relapsed,N5,0.854188,11.398235
GTTATATTATCTCCCT-1-21,20221010-4_16,relapsed,N5,1.0917888,11.878415
AATCCAAGGGCCTGAG-1-9,20221010-1_4,relapsed,N5,-1.3441675,11.531539
ATCTGTAATTGTACCC-1-21,20221010-4_16,relapsed,N5,1.5503833,10.041143
AACTCAAGTTAATTGC-1-9,20221010-1_4,relapsed,N5,-0.7458338,10.522251
ATATAAATGTAGCTGC-1-21,20221010-4_16,relapsed,N5,0.9417316,9.194813
GCGGAGAGGGAGAACG-1-9,20221010-1_4,relapsed,N5,-0.73180485,11.1133795
ACTTTACCCTCATGAA-1-21,20221010-4_16,relapsed,N5,0.531677,9.994474
CCTCGACCCACTGCCT-1-9,20221010-1_4,relapsed,N5,-0.6215455,9.53024
GGCAGAGAGATCGGGA-1-21,20221010-4_16,relapsed,N5,1.5950323,10.097485
CTGGAAGACACGGTGG-1-21,20221010-4_16,relapsed,N5,1.2439978,11.312268
TGCATATGTCTGTCAC-1-9,20221010-1_4,relapsed,N5,-0.42756647,10.693846
ATCTGCTGTTATCGCC-1-21,20221010-4_16,relapsed,N5,1.1809776,9.428006
ATGCATGATCCAGGAT-1-21,20221010-4_16,relapsed,N5,1.5159687,8.965698
CGTGGCCGAATATCTA-1-21,20221010-4_16,relapsed,N5,1.2756786,9.417236
CAGATATGAAGATGAC-1-21,20221010-4_16,relapsed,N5,0.6208331,8.229776
CACGAAAGTTAGTCCC-1-21,20221010-4_16,relapsed,N5,0.8784458,10.187084
CCGACTCGCATAGTCT-1-9,20221010-1_4,relapsed,N5,-1.1402142,11.77041
CAAGGCCAGTGGTGCA-1-21,20221010-4_16,relapsed,N5,1.2292538,9.616804
GAGGATAAACAGTGCT-1-21,20221010-4_16,relapsed,N5,2.3022127,9.095706
GGCGTACCCTATATAA-1-9,20221010-1_4,relapsed,N5,-1.2891246,9.07393
GGGACTGCATAGATAG-1-9,20221010-1_4,relapsed,N5,-1.7968942,9.553187
TTGGGACGTAAGAGTT-1-21,20221010-4_16,relapsed,N5,1.324582,11.409663
CACTTCGCCACAGGCT-1-9,20221010-1_4,relapsed,N5,1.3331548,11.166575
CTCAGTCACGACAAAT-1-9,20221010-1_4,relapsed,N5,-1.6260309,8.261628
CTTAACTTACAGTATA-1-21,20221010-4_16,relapsed,N5,3.2548623,9.810395
GCTAAGTAGTTTCTCT-1-21,20221010-4_16,relapsed,N5,-0.0008294954,8.214543
TCCGACCGCTAATCAA-1-21,20221010-4_16,relapsed,N5,1.2346951,8.416802
TGATCTATCACACTCT-1-21,20221010-4_16,relapsed,N5,1.3637279,10.6505
TTGACTACCATATGGT-1-9,20221010-1_4,relapsed,N5,-1.1290522,10.391506
CTATGTCTATTGAAAC-1-21,20221010-4_16,relapsed,N5,1.0170488,10.864386
CCCAATTTCACAACTT-1-9,20221010-1_4,relapsed,N5,1.7155495,10.23932
CGGATCCTCAAGGACT-1-21,20221010-4_16,relapsed,N5,-0.45180047,8.14114
CATGGTAAGTAGCGTT-1-21,20221010-4_16,relapsed,N5,0.31175125,9.393149
CTATCGGGTCTCAACA-1-21,20221010-4_16,relapsed,N5,1.7530732,8.777092
TGGTTGGAGGATCCTG-1-21,20221010-4_16,relapsed,N5,0.7910116,9.753947
TGCAGCTACGTACTTC-1-21,20221010-4_16,relapsed,N5,1.7446411,8.329518
GGCAGCAAACCTATGC-1-21,20221010-4_16,relapsed,N5,1.3109751,11.140221
GTACTGCATGAAGCGT-1-9,20221010-1_4,relapsed,N5,-2.4935715,7.7285776
TTATATACGCTGTCAC-1-21,20221010-4_16,relapsed,N5,0.8932009,10.214321
TACTTTCCGCACGCCA-1-21,20221010-4_16,relapsed,N5,0.80207515,10.658567
CGGCAAACATCGTGCG-1-9,20221010-1_4,relapsed,N5,-0.73400617,11.396979
AGAGCGTACAAGCTCG-1-9,20221010-1_4,relapsed,N5,-1.3607448,11.500382
GGTGATAAGGAGCAGT-1-21,20221010-4_16,relapsed,N5,1.1280736,9.25993
CTAGTAGAAAGGGATT-1-21,20221010-4_16,relapsed,N5,0.8363348,10.867387
ATAAAGGTCAAGTACG-1-9,20221010-1_4,relapsed,N5,-1.4361345,11.234265
TCAGTACTGACCCGCG-1-21,20221010-4_16,relapsed,N5,0.32103664,12.160864
AAGAGGCATGGATCGC-1-9,20221010-1_4,relapsed,N5,1.9310157,7.329734
GGGTCCTTGGAAGAAG-1-21,20221010-4_16,relapsed,N5,1.0944973,7.507575
TCCCAGCTTTAGTCTG-1-21,20221010-4_16,relapsed,N5,1.5259811,10.052172
TTAGCTCTGTAATCCG-1-21,20221010-4_16,relapsed,N5,1.4752978,9.049902
CACAGGGCCGTTGTCA-1-21,20221010-4_16,relapsed,N5,0.7764933,10.68235
GCTAATACCGAATGCC-1-9,20221010-1_4,relapsed,N5,-2.0492425,4.995236
CTTGACCCGAAAGATA-1-21,20221010-4_16,relapsed,N5,1.5868186,10.729046
CGGAGCATGGCGATCC-1-21,20221010-4_16,relapsed,N5,1.0903425,9.051774
ACGGAACACGAGTGCC-1-21,20221010-4_16,relapsed,N5,0.9494409,11.200149
GATTGGGAAAGGTTGT-1-21,20221010-4_16,relapsed,N5,1.0194393,9.498302
GCAAACGTAAGCGACC-1-21,20221010-4_16,relapsed,N5,0.97494084,9.530048
GCAGATCCATAAGACT-1-21,20221010-4_16,relapsed,N5,1.6601459,10.715452
CTTCTTACGTCGTATA-1-21,20221010-4_16,relapsed,N5,1.4579623,11.051293
ATGTTCGTCGACCCAC-1-21,20221010-4_16,relapsed,N5,1.3070871,9.914446
CTGCACCTGGAACCGC-1-9,20221010-1_4,relapsed,N5,-1.5967523,9.5684
AGATTATAGGACGTTT-1-21,20221010-4_16,relapsed,N5,0.52453244,11.512052
AGCAAAGGCCGCTAGT-1-21,20221010-4_16,relapsed,N5,1.6707649,7.956896
CGGCTGCAAGATTAAG-1-21,20221010-4_16,relapsed,N5,1.7683152,9.7254305
GCTGCTACTGCGTAGC-1-9,20221010-1_4,relapsed,N5,-0.6570005,10.218259
TGACCCACGTTAGACA-1-21,20221010-4_16,relapsed,N5,0.9386154,10.513842
GTCATGGACATGACTA-1-9,20221010-1_4,relapsed,N5,-2.1111078,7.543619
CTATCGACGAAATACA-1-21,20221010-4_16,relapsed,N5,1.4591951,10.213334
CCATGGCCCTTGTACC-1-21,20221010-4_16,relapsed,N5,0.81704026,11.1900835
GTGCCCGTTCGGATTC-1-9,20221010-1_4,relapsed,N5,-1.0274092,10.782723
CTGTTCACTGCCTGTG-1-21,20221010-4_16,relapsed,N5,1.9135776,9.253256
ACTGTACGATACACAT-1-9,20221010-1_4,relapsed,N5,-1.2222549,9.661285
TCAACTGCAGAGTCAG-1-21,20221010-4_16,relapsed,N5,1.7335241,9.989764
ACAACGGTCCCTGCGA-1-9,20221010-1_4,relapsed,N5,-1.2041904,11.178827
ACTTCAGGCTGATCCC-1-21,20221010-4_16,relapsed,N5,0.41347653,11.546913
GCCCGTAATACCTTCT-1-9,20221010-1_4,relapsed,N5,-1.3991321,11.046127
TCATCCATCTGATCAC-1-21,20221010-4_16,relapsed,N5,0.97109836,9.150064
GCTGGGAGCGCGTCAA-1-21,20221010-4_16,relapsed,N5,0.36663663,9.294869
AGAACACGGCGATGGT-1-21,20221010-4_16,relapsed,N5,0.8298902,10.017904
CAGAGGCGATGCATGA-1-21,20221010-4_16,relapsed,N5,0.14734104,11.68378
CTGAATTTATTGCCAG-1-9,20221010-1_4,relapsed,N5,-0.63917184,10.172445
ACCATATCCGCAATAA-1-21,20221010-4_16,relapsed,N5,0.3574121,10.857084
ATGGTATTGGGAACCG-1-21,20221010-4_16,relapsed,N5,1.1673695,9.601535
AAACACCAATAACTGC-1-21,20221010-4_16,relapsed,N5,1.0549424,8.721152
TACATTTCTAACGTGC-1-9,20221010-1_4,relapsed,N5,-0.18827426,11.241417
TGGAGCTAAAGTTCCC-1-9,20221010-1_4,relapsed,N5,-0.62057716,10.598474
ATAAACGGACCCGTAA-1-21,20221010-4_16,relapsed,N5,1.097708,11.66365
CGCTATTCTTAGGCTC-1-21,20221010-4_16,relapsed,N5,1.5302986,9.454577
AGCTCTTTACTCAGTT-1-9,20221010-1_4,relapsed,N5,-1.9098115,8.103834
GTAGCTCCGGGAGGCT-1-21,20221010-4_16,relapsed,N5,0.71017927,9.349383
GAAGCGTGAGGAATTT-1-21,20221010-4_16,relapsed,N5,1.5900832,9.191105
ACCCGATTGGTTCCGA-1-21,20221010-4_16,relapsed,N5,0.20087206,9.237491
ACGCATACGTTTACTA-1-21,20221010-4_16,relapsed,N5,1.2980635,9.613901
AGTCAGCCACCGCCTG-1-9,20221010-1_4,relapsed,N5,-1.2722045,11.314114
AAATTACCTATCGATG-1-9,20221010-1_4,relapsed,N5,-1.7155156,8.2370405
ATATGTCTAGAGCGTG-1-21,20221010-4_16,relapsed,N5,1.4658235,9.3914795
GGCCCTCACCCACTTA-1-21,20221010-4_16,relapsed,N5,0.25318038,8.220845
CCTTTGAATTATGGCT-1-21,20221010-4_16,relapsed,N5,1.2268537,11.064539
TAGTACCTTAGTGGTC-1-9,20221010-1_4,relapsed,N5,-0.61021686,9.449487
CCTGCTATTTGAGAAG-1-9,20221010-1_4,relapsed,N5,-1.1497799,11.737667
GAATCGACATGGTCAC-1-21,20221010-4_16,relapsed,N5,0.79907703,10.1543255
CCATCTCACCAGTGAA-1-21,20221010-4_16,relapsed,N5,0.9746563,11.054865
ATCCTGCTGCAGATAG-1-9,20221010-1_4,relapsed,N5,0.15077141,11.668548
AGGCAGATGCGTAAAC-1-9,20221010-1_4,relapsed,N5,-1.2610462,11.082705
TCCTCTCCAGTTGTCC-1-9,20221010-1_4,relapsed,N5,0.42846295,12.14797
TATCACCATGTAAAGT-1-9,20221010-1_4,relapsed,N5,-0.71524435,11.259596
GAACGCGGGTCACACG-1-21,20221010-4_16,relapsed,N5,1.2420893,9.668853
GTATCTTGTTGCTCAC-1-9,20221010-1_4,relapsed,N5,-1.0302672,10.594553
TCGTTGGCTCGTCAAT-1-21,20221010-4_16,relapsed,N5,1.5737996,9.742304
AAACAGGGTCTATATT-1-21,20221010-4_16,relapsed,N5,1.183929,10.628947
GCCAGGAAAGAACACT-1-21,20221010-4_16,relapsed,N5,-1.2359238,9.655132
AGCGACTTTGAAGACA-1-21,20221010-4_16,relapsed,N5,1.5161945,9.88639
CGACCTACTAGACAAT-1-21,20221010-4_16,relapsed,N5,1.6675873,10.0141325
TGACGATGCACTAGAA-1-9,20221010-1_4,relapsed,N5,-0.64322287,11.419327
TGACTATAATCCTTTC-1-9,20221010-1_4,relapsed,N5,0.040001374,11.259194
TCCACAATGGTTTACG-1-9,20221010-1_4,relapsed,N5,-2.5726051,7.2406726
GCGAAACTTAACTGGA-1-9,20221010-1_4,relapsed,N5,-0.6660761,9.579504
GCTGCACGGTTTCTTA-1-9,20221010-1_4,relapsed,N5,-0.8790407,11.543914
TACGAGAACTTCACGT-1-21,20221010-4_16,relapsed,N5,-0.30119655,8.969837
GCTCAATGTAATACCG-1-21,20221010-4_16,relapsed,N5,0.6468698,9.920657
TTACGGATGGTTCGAG-1-9,20221010-1_4,relapsed,N5,-1.4191172,11.47548
AGCCCTAAGCGAAGTT-1-21,20221010-4_16,relapsed,N5,0.77163327,11.374845
CACTCGAGCTGAACAA-1-9,20221010-1_4,relapsed,N5,0.023436064,11.403017
ATCCCATTTCCGTGGG-1-21,20221010-4_16,relapsed,N5,0.5636039,10.239451
TATGGTCTGAGTAACA-1-9,20221010-1_4,relapsed,N5,-1.0710934,10.731663
GCGGTTCCCTATCATG-1-21,20221010-4_16,relapsed,N5,0.98813784,10.696663
AAGTAGAAGACCGGGT-1-9,20221010-1_4,relapsed,N5,-1.5101928,10.180148
TCAGACGCTATAGAAG-1-21,20221010-4_16,relapsed,N5,0.9081822,10.22974
AGGTTTCACACACCTT-1-9,20221010-1_4,relapsed,N5,-1.1658847,10.184231
GTCTCGATCTGCTTTC-1-21,20221010-4_16,relapsed,N5,1.8974835,9.50505
TGAAACTTATGCAAGC-1-21,20221010-4_16,relapsed,N5,1.8283056,9.442519
CATACGGCGTCTGGGC-1-21,20221010-4_16,relapsed,N5,1.6297721,9.248384
TGGAGCTAAAGTTCCC-1-21,20221010-4_16,relapsed,N5,1.3771619,10.194171
ACTTAGTACGACAAGA-1-9,20221010-1_4,relapsed,N5,-0.2249745,9.03641
CCTCCTAGCTAGAGTC-1-21,20221010-4_16,relapsed,N5,-0.13178007,8.904117
CCTTCAGTTAAAGTGA-1-21,20221010-4_16,relapsed,N5,0.8866231,9.993206
CACCGCCAGAAGGTTT-1-9,20221010-1_4,relapsed,N5,-1.8950646,6.4718204
ATTACTAGCCTCTTGC-1-9,20221010-1_4,relapsed,N5,-2.2096498,7.863804
ACTCAGACCTGCTTCT-1-21,20221010-4_16,relapsed,N5,1.8233215,8.882347
TATTCGTGCCAGAATA-1-21,20221010-4_16,relapsed,N5,1.0098395,9.808397
CATAGCCGCCCGGGAT-1-21,20221010-4_16,relapsed,N5,1.36884,11.590647
GATGTTCAATCCACGA-1-21,20221010-4_16,relapsed,N5,0.9589374,10.837256
GTAGCTAGTAAGCGCG-1-9,20221010-1_4,relapsed,N5,-0.41427895,11.102566
GTGTCAGTGTACGTGG-1-21,20221010-4_16,relapsed,N5,1.2960045,7.9759474
ACTTGACTCCCTCTTT-1-9,20221010-1_4,relapsed,N5,1.6934426,10.607639
TATTCCTCCGCCCACT-1-21,20221010-4_16,relapsed,N5,0.3178804,9.775316
TGTTCGTATTGCGGTG-1-9,20221010-1_4,relapsed,N5,0.3555734,12.112593
TTCTTATCCGCTGGGT-1-21,20221010-4_16,relapsed,N5,1.7608391,10.565298
CATCTATCCCGTGTCT-1-9,20221010-1_4,relapsed,N5,-0.771203,11.022262
GAATCTATACTCGGAC-1-9,20221010-1_4,relapsed,N5,-0.66239375,10.876534
TTGAGGCATTTAACTC-1-9,20221010-1_4,relapsed,N5,-0.8461623,9.661902
GTCGTCAATTATAAGG-1-21,20221010-4_16,relapsed,N5,2.3542776,7.8021193
GGGATGGTCGTAACCG-1-21,20221010-4_16,relapsed,N5,0.38084477,11.8809395
GTGAAACGGCGCCACC-1-9,20221010-1_4,relapsed,N5,-2.391231,7.919087
GTACGTTTGCCCGTCA-1-9,20221010-1_4,relapsed,N5,0.04298087,11.45811
ATGCATGATCCAGGAT-1-9,20221010-1_4,relapsed,N5,-2.0864499,5.8500834
ACTGAAACGCCGTTAG-1-21,20221010-4_16,relapsed,N5,0.5722069,11.772258
GAGCACCTGTGTCCAG-1-21,20221010-4_16,relapsed,N5,1.769366,8.759967
GAGATCTGCTTGGCAT-1-21,20221010-4_16,relapsed,N5,1.0072103,11.858953
GGATGTCCTTACCGCA-1-21,20221010-4_16,relapsed,N5,2.8580446,7.032801
TTGACCGTGTTAATGA-1-21,20221010-4_16,relapsed,N5,0.5699218,9.324909
ATTTAACTCGTATTAC-1-9,20221010-1_4,relapsed,N5,-1.2910619,8.215391
CGGACCTTTACGTCCC-1-21,20221010-4_16,relapsed,N5,0.82844305,8.948684
TACACAGCCGTGGTGC-1-21,20221010-4_16,relapsed,N5,0.8561499,9.722176
GCATTGACTTGCGGAA-1-21,20221010-4_16,relapsed,N5,1.2478673,11.921368
CAATTTCGTATAAGGG-1-9,20221010-1_4,relapsed,N5,-1.3124391,10.064187
CCAATCGGTAGATCGA-1-21,20221010-4_16,relapsed,N5,1.8624536,11.055158
CAAACCCTCCGGCGGG-1-21,20221010-4_16,relapsed,N5,0.67238796,9.092517
GCCTGTCCCGGTGCAT-1-21,20221010-4_16,relapsed,N5,1.4470488,9.5404
CCGCTATCAGCACCAG-1-9,20221010-1_4,relapsed,N5,-0.6970384,10.029381
CGAGAGATGTGAACCT-1-9,20221010-1_4,relapsed,N5,-1.6657245,9.355251
ATGTTGTAGTCTGTTT-1-21,20221010-4_16,relapsed,N5,1.1897919,10.097138
GTAATAAAGGGCTCCC-1-21,20221010-4_16,relapsed,N5,0.92026687,11.877495
TGATTCAGGTCCCGCG-1-21,20221010-4_16,relapsed,N5,1.2033643,10.737272
TCCATTGTGACCTCGT-1-9,20221010-1_4,relapsed,N5,-0.18490036,8.542239
TACCAGAAGTAGGTTC-1-21,20221010-4_16,relapsed,N5,1.3690857,11.30343
TCCAACTTTAAATTCT-1-21,20221010-4_16,relapsed,N5,1.6659341,10.484139
GCGATTGTTAACGTTA-1-21,20221010-4_16,relapsed,N5,1.149755,9.1057005
GGGAAAGAATGCCAAC-1-21,20221010-4_16,relapsed,N5,2.1268196,9.770295
TTAGAATAAGGGTCGG-1-21,20221010-4_16,relapsed,N5,0.78786874,9.86511
CCAATAGTGCCGTCGA-1-21,20221010-4_16,relapsed,N5,1.021516,9.886367
GTAAGTAGGGTATACC-1-21,20221010-4_16,relapsed,N5,2.0947933,10.790437
CTATTCATGTGTCCCA-1-9,20221010-1_4,relapsed,N5,-0.10477035,11.814819
CCGCGGGTACGAAGAA-1-9,20221010-1_4,relapsed,N5,-1.3375312,11.427953
AATGATGATACGCTAT-1-9,20221010-1_4,relapsed,N5,-0.6693992,8.14041
ACAATTTGAGCAGTGG-1-9,20221010-1_4,relapsed,N5,-1.4901663,9.124713
CCTATACCGTCCTGTC-1-21,20221010-4_16,relapsed,N5,0.93995684,9.431835
GCGTCCCTAAGACATA-1-21,20221010-4_16,relapsed,N5,0.49309683,11.691648
CGTCGGATAGTGTTGA-1-9,20221010-1_4,relapsed,N5,-1.1657475,11.718975
CTGCTTGGCGATAGCT-1-21,20221010-4_16,relapsed,N5,1.0762719,9.453401
GTGATTCGCCGCTCAA-1-21,20221010-4_16,relapsed,N5,1.0628326,9.601307
GGCGCACAGTTTACCT-1-21,20221010-4_16,relapsed,N5,1.9643892,11.143992
CGCCGCGTTCTGAACG-1-21,20221010-4_16,relapsed,N5,1.6831609,8.848106
CCCGGGTCGTTCAGGG-1-21,20221010-4_16,relapsed,N5,0.98405373,9.961233
GACCCAATTATGATAC-1-21,20221010-4_16,relapsed,N5,1.1724387,9.120154
TAACATACAATGTGGG-1-21,20221010-4_16,relapsed,N5,0.44487202,10.031249
GAGTTGATGGCAATTT-1-21,20221010-4_16,relapsed,N5,1.1064723,9.341969
CGATAGCGATACAGTG-1-21,20221010-4_16,relapsed,N5,0.86942357,9.180028
TAGCTCGCCTGATAAC-1-9,20221010-1_4,relapsed,N5,-0.5649411,11.57431
CGGGTGTACCCATTTA-1-9,20221010-1_4,relapsed,N5,-0.54565424,10.618127
CTAGCATAGTATAATG-1-9,20221010-1_4,relapsed,N5,-2.0876272,8.990674
CGGTTGGGTTCAAGTT-1-21,20221010-4_16,relapsed,N5,1.2564509,8.697935
ACTCAATAAAGGCACG-1-9,20221010-1_4,relapsed,N5,-2.6375167,7.052967
CACGACTAAAGTTCTG-1-9,20221010-1_4,relapsed,N5,-1.030143,10.515133
TTACAACTACGCATCC-1-21,20221010-4_16,relapsed,N5,1.0154189,9.628811
CACATATTAGCAGGAT-1-9,20221010-1_4,relapsed,N5,-0.30769584,11.488698
AGCATTACGAGGCAAG-1-21,20221010-4_16,relapsed,N5,1.517599,8.78798
TCTATTACTAGAGGAT-1-21,20221010-4_16,relapsed,N5,2.3964586,7.6918616
CTTGTGCTCACCGATT-1-21,20221010-4_16,relapsed,N5,1.7625667,7.97793
ATCCAGAGCAACAACC-1-21,20221010-4_16,relapsed,N5,0.9684347,10.71432
TGCTCCACAGTTCTTA-1-21,20221010-4_16,relapsed,N5,0.8469777,9.081852
CTTAGGTATAGACCAG-1-21,20221010-4_16,relapsed,N5,1.7204216,7.484513
AAGGTGATAAACCAGC-1-9,20221010-1_4,relapsed,N5,-1.0011146,11.696204
CCTGGCTAGACCCGCC-1-9,20221010-1_4,relapsed,N5,-1.1800717,11.708955
CGGAGTTTGAGAGACA-1-21,20221010-4_16,relapsed,N5,0.24961968,12.053522
TCCCTGGCTCGCTGGA-1-9,20221010-1_4,relapsed,N5,-1.3987489,9.993228
CATGGGTCGGGTGTGG-1-21,20221010-4_16,relapsed,N5,0.75662094,9.077852
GATGCGTCCTGCATTC-1-9,20221010-1_4,relapsed,N5,-1.0468243,11.634778
GCACAGCACGGGCCGA-1-21,20221010-4_16,relapsed,N5,0.83160686,10.503168
AAATAGCTTAGACTTT-1-21,20221010-4_16,relapsed,N5,2.1223485,8.959058
CCATTAGCGATAATCC-1-9,20221010-1_4,relapsed,N5,-0.86219114,10.6705475
AAGACTGCAAGCTACT-1-9,20221010-1_4,relapsed,N5,-1.1241069,11.755534
CAGACCTGTAAGTGTT-1-21,20221010-4_16,relapsed,N5,0.65213233,11.13028
ATAAACGGACCCGTAA-1-9,20221010-1_4,relapsed,N5,0.30617717,11.247803
ACGCGTTTCTTAAGAG-1-21,20221010-4_16,relapsed,N5,0.9557017,8.913398
CCAGCTCGAACGCATT-1-21,20221010-4_16,relapsed,N5,0.427223,10.449521
TTACTGGGATATTTCA-1-21,20221010-4_16,relapsed,N5,1.3086678,11.481093
TGCAACCCATCTGCGG-1-21,20221010-4_16,relapsed,N5,0.6878662,8.798163
AATTAGCGCTGCAGCG-1-9,20221010-1_4,relapsed,N5,2.0644257,11.045699
CGCCCGCTTCCGTACA-1-9,20221010-1_4,relapsed,N5,-2.3393126,6.632585
CATTGCAAAGCATAAT-1-9,20221010-1_4,relapsed,N5,-1.2202067,8.588084
ACGAGGTTTACAACGT-1-21,20221010-4_16,relapsed,N5,1.1904458,10.723872
CCGGAGCGTACTTTCT-1-21,20221010-4_16,relapsed,N5,0.95129365,9.690715
ATCGCCAGTCAACATT-1-21,20221010-4_16,relapsed,N5,1.1537827,10.251382
CGTTGCCCGCGTGGGA-1-21,20221010-4_16,relapsed,N5,0.9672738,9.646522
CGTTTCACTTCGGGCG-1-9,20221010-1_4,relapsed,N5,-2.4656408,5.263861
AGAGAACCGTCTAGGA-1-9,20221010-1_4,relapsed,N5,-1.6672583,9.651788
AGAGGCTTCGGAAACC-1-21,20221010-4_16,relapsed,N5,2.2106073,10.593735
GCAGTGTGGCTATAGG-1-21,20221010-4_16,relapsed,N5,1.0080242,10.911754
AGAGCGGGCTAATCAT-1-21,20221010-4_16,relapsed,N5,2.1462204,9.997564
AGTGAGCCTCGCCGCC-1-9,20221010-1_4,relapsed,N5,-0.7898551,9.858084
AGTCGACGGTCTCAAG-1-21,20221010-4_16,relapsed,N5,1.4189388,9.3208475
GGACCAACAGGATAAC-1-21,20221010-4_16,relapsed,N5,1.1393604,9.346065
ACGTTAGATTTGCCCG-1-21,20221010-4_16,relapsed,N5,0.5345416,12.039308
GTGATCCTTGTCATGA-1-21,20221010-4_16,relapsed,N5,1.3514726,10.648974
CATATGTCAGGCTACG-1-21,20221010-4_16,relapsed,N5,0.9356458,8.819816
ACTCCGGCCGACCACT-1-21,20221010-4_16,relapsed,N5,1.2853711,10.088218
TACAACAGCGCATACA-1-21,20221010-4_16,relapsed,N5,3.6286952,10.0280285
CAACGGTTCTTGATAC-1-9,20221010-1_4,relapsed,N5,-1.6612699,7.4366145
AGCGCGGGTGCCAATG-1-9,20221010-1_4,relapsed,N5,-1.5500349,7.162856
CTGTACTTCTTAGCAT-1-9,20221010-1_4,relapsed,N5,-0.30909047,10.4737215
GCCCGTTCACACAATT-1-21,20221010-4_16,relapsed,N5,1.0427314,8.005044
AACATATCAACTGGTG-1-21,20221010-4_16,relapsed,N5,0.8944362,9.605983
GAGTATGCGCGTGCAT-1-21,20221010-4_16,relapsed,N5,1.0309772,10.571641
GATCGCGGGCTCTCCA-1-21,20221010-4_16,relapsed,N5,0.5202025,11.954905
TTGCTGGCCGGGCTTC-1-9,20221010-1_4,relapsed,N5,-1.2560327,7.2009597
TTGCTGCACCTATCCA-1-9,20221010-1_4,relapsed,N5,-1.3116118,9.890144
GGATACTCATGAATTG-1-21,20221010-4_16,relapsed,N5,1.3266954,10.556832
CCGGCACGACCGTTTC-1-21,20221010-4_16,relapsed,N5,1.1048541,8.654059
CGAATGACGCATAATG-1-21,20221010-4_16,relapsed,N5,0.8614697,10.325625
GTTCGCCATAAGTGCC-1-21,20221010-4_16,relapsed,N5,1.2385484,10.724702
ACTTGGGCTTTCGCCA-1-21,20221010-4_16,relapsed,N5,1.4885526,8.672956
GTGCCGCTTCAAAGGT-1-9,20221010-1_4,relapsed,N5,-1.115817,11.26463
CACACGCGCTGTCTTA-1-21,20221010-4_16,relapsed,N5,2.850632,11.788505
CTATAAGAGCCAATCG-1-21,20221010-4_16,relapsed,N5,0.59758914,10.324512
GTTGGATTTGCGTTGG-1-9,20221010-1_4,relapsed,N5,-1.2987884,11.563518
AGTGATATGAGTAGTT-1-9,20221010-1_4,relapsed,N5,-0.822788,9.870869
CCATAACCTGTGCAGT-1-21,20221010-4_16,relapsed,N5,0.87964535,11.258821
GCAGATCCATAAGACT-1-9,20221010-1_4,relapsed,N5,1.3500528,10.996532
GGCAGCGGTAATCCTA-1-20,20221010-4_15,mrd12,N7,10.648694,4.468106
TGCCTTGGCCAGGCAA-1-24,20230607-2_8,mrd12,N7,8.676351,6.878027
AGGCTTCCCGAAGAAG-1-8,20221010-1_3,mrd12,N7,9.998595,4.2630286
TCGTGTTCGACCACAA-1-20,20221010-4_15,mrd12,N7,9.737385,4.8853216
GTTAGAGTGTGCCGCT-1-20,20221010-4_15,mrd12,N7,9.74628,7.7790813
CCGCCTGCGAATTGGT-1-20,20221010-4_15,mrd12,N7,11.033677,4.036072
AACTCCTAATCCCATG-1-20,20221010-4_15,mrd12,N7,10.309302,5.530113
CATTTGAGTGGTACGT-1-8,20221010-1_3,mrd12,N7,10.040318,3.591348
GGGCGGCAAATGAATT-1-8,20221010-1_3,mrd12,N7,10.109467,3.666762
GTTATTAACGTGGGAG-1-8,20221010-1_3,mrd12,N7,9.816319,5.8874574
CCTGGTCGAATGTGGG-1-20,20221010-4_15,mrd12,N7,10.531068,6.6234546
TACCTACTCCCAGTAT-1-20,20221010-4_15,mrd12,N7,10.426953,4.488154
CTTAGTGTAGTAGCAT-1-20,20221010-4_15,mrd12,N7,11.482904,4.019945
ATTGGATTACAGCGTA-1-20,20221010-4_15,mrd12,N7,11.260985,2.7747674
CTTCTATTAATGCTAG-1-8,20221010-1_3,mrd12,N7,9.440533,3.7326343
ACCAACGCTTATTTAT-1-8,20221010-1_3,mrd12,N7,9.310694,5.0177436
ACCACAACTCAGAACA-1-20,20221010-4_15,mrd12,N7,10.431463,4.106651
AACGTGATGAAGGACA-1-20,20221010-4_15,mrd12,N7,10.972085,4.4304037
ATGGCTGGAAATGGCC-1-8,20221010-1_3,mrd12,N7,10.145434,4.6199484
TCTTTAGAGTCTAACA-1-20,20221010-4_15,mrd12,N7,11.189178,2.7406182
TCGGTTAGCCATGTAG-1-8,20221010-1_3,mrd12,N7,9.587831,6.245168
CCGTGTTAAATTCCAT-1-8,20221010-1_3,mrd12,N7,9.770721,4.269374
ACCTACTATAAATCTA-1-24,20230607-2_8,mrd12,N7,10.309628,6.7242866
GTGATTCGCCGCTCAA-1-8,20221010-1_3,mrd12,N7,9.910986,4.0680027
AGTGGCGTCTGAAGGT-1-20,20221010-4_15,mrd12,N7,10.730737,4.136358
GCCCGCGCGTAAACGG-1-8,20221010-1_3,mrd12,N7,9.669929,4.299473
GTGGTCAGCGAAGTAT-1-8,20221010-1_3,mrd12,N7,9.776945,5.733084
TCCTCTGGCCCATTAG-1-20,20221010-4_15,mrd12,N7,10.229236,5.0995917
CACCGCGTCCACTCTA-1-20,20221010-4_15,mrd12,N7,10.1986885,5.9743085
GTTTGGTAGGGTCAAC-1-8,20221010-1_3,mrd12,N7,10.618031,2.6709385
TTGGATATCGTCTACG-1-8,20221010-1_3,mrd12,N7,9.345191,4.292306
ATAAGTTACCGCGACG-1-8,20221010-1_3,mrd12,N7,9.187461,4.5796065
AGATGAGGGTTGCGAT-1-20,20221010-4_15,mrd12,N7,9.866136,5.3575864
GGGAATGAGCCCTCAC-1-20,20221010-4_15,mrd12,N7,9.505337,5.7625494
ATACCTAACCAAGAAA-1-20,20221010-4_15,mrd12,N7,9.535771,5.3737884
CTTCGGCCAATTGTTT-1-20,20221010-4_15,mrd12,N7,11.6748705,5.277637
CGATTCGCCTGGCTGC-1-24,20230607-2_8,mrd12,N7,9.251775,7.340273
TATACGCGTCATCACT-1-24,20230607-2_8,mrd12,N7,10.653433,5.1535826
TCCGCTTATCCCATTA-1-8,20221010-1_3,mrd12,N7,9.182559,4.5446615
CTCATTGCTCTAACAA-1-20,20221010-4_15,mrd12,N7,12.258801,5.124148
CTGAGAAAGTTCGGCG-1-20,20221010-4_15,mrd12,N7,10.8012085,3.721061
CACGGCGCGCCAAAGG-1-20,20221010-4_15,mrd12,N7,10.396681,6.8104424
TTCCTCGGACTAACCA-1-24,20230607-2_8,mrd12,N7,9.369096,8.132419
TGATTCAGGTCCCGCG-1-8,20221010-1_3,mrd12,N7,8.193136,6.453791
CCCGTTTCGCAGATGT-1-20,20221010-4_15,mrd12,N7,11.621114,3.9423304
TACGACGCTTGCTGCG-1-8,20221010-1_3,mrd12,N7,9.313495,4.2343764
GACTACAATTGCTCGT-1-20,20221010-4_15,mrd12,N7,10.197618,4.386328
AACAGGTAGTATGGAT-1-20,20221010-4_15,mrd12,N7,11.784902,3.8605998
CACCGATACACCGAGC-1-20,20221010-4_15,mrd12,N7,10.543061,5.1517153
TAGATATGGACTGGAA-1-8,20221010-1_3,mrd12,N7,10.0160675,3.7972386
ACCTCCGCCCTCGCTG-1-20,20221010-4_15,mrd12,N7,10.702124,4.0120554
GAACGCGGGTCACACG-1-20,20221010-4_15,mrd12,N7,10.907353,5.5766335
CTGCCTAGCCACCAAG-1-20,20221010-4_15,mrd12,N7,10.455307,4.8143096
CTGAATCCGAGACCTC-1-8,20221010-1_3,mrd12,N7,10.046955,3.9957025
CATGCACGTGTTACTG-1-8,20221010-1_3,mrd12,N7,10.864992,5.9159217
TGGCAATGGGACGGCG-1-20,20221010-4_15,mrd12,N7,11.176832,3.876537
TGGTTGGAGGATCCTG-1-20,20221010-4_15,mrd12,N7,10.198984,5.5924525
CAATGCGAGAAGTATC-1-24,20230607-2_8,mrd12,N7,6.9297333,9.095911
CCTTGACCACTTTATT-1-20,20221010-4_15,mrd12,N7,10.311403,5.326942
CCCTTTGACAGGTCTT-1-8,20221010-1_3,mrd12,N7,9.344157,4.390007
CACGTCTATGATGTGG-1-8,20221010-1_3,mrd12,N7,9.322232,4.600485
TAGAAACCACTAAGTA-1-20,20221010-4_15,mrd12,N7,8.814176,5.764021
CGTCGTCCTTCGCGAA-1-24,20230607-2_8,mrd12,N7,9.040789,7.8721886
GCTTTCAGAGGAGGTG-1-24,20230607-2_8,mrd12,N7,9.186287,5.5299354
ATCTCGTGAGCGAAAC-1-20,20221010-4_15,mrd12,N7,11.471242,3.7997918
AACTGGGTTCGAGCCG-1-8,20221010-1_3,mrd12,N7,11.089762,4.22951
GCGACGATAGTTGTAC-1-8,20221010-1_3,mrd12,N7,9.5451565,3.97385
TTCAATTAGCCATAAT-1-20,20221010-4_15,mrd12,N7,10.240473,5.8222885
CGGTGGGCTCCAGCCT-1-20,20221010-4_15,mrd12,N7,10.170914,5.5238237
TGCCATGGCTTATAAG-1-8,20221010-1_3,mrd12,N7,6.748894,8.831935
GTATAGTGGCCCATGT-1-8,20221010-1_3,mrd12,N7,9.908052,6.329567
GGGATTTACCGCACCT-1-24,20230607-2_8,mrd12,N7,8.817203,6.8849473
CAAGATATTATAACGT-1-24,20230607-2_8,mrd12,N7,9.526516,6.5047784
CGGATCCTCAAGGACT-1-20,20221010-4_15,mrd12,N7,11.214009,5.393212
CGAACCCGCATGCGTC-1-8,20221010-1_3,mrd12,N7,9.099231,5.2799873
ACGGCACTTGCTTGGG-1-8,20221010-1_3,mrd12,N7,9.827029,4.44346
CGGTGTACTTGATCCC-1-8,20221010-1_3,mrd12,N7,11.080776,4.692084
CCATCGCAGTTAAACT-1-8,20221010-1_3,mrd12,N7,9.331525,4.3889
CTGGACGCAGTCCGGC-1-8,20221010-1_3,mrd12,N7,10.018204,5.095884
TGTTGGCTGGCGGAAG-1-24,20230607-2_8,mrd12,N7,9.118115,7.971575
AGACCGCTCCGCGGTT-1-20,20221010-4_15,mrd12,N7,11.3626795,3.1399858
GCAGATCCATAAGACT-1-24,20230607-2_8,mrd12,N7,9.122594,6.4044514
GACTGGGCGCCGCAAC-1-8,20221010-1_3,mrd12,N7,10.672548,7.2928004
TAGTCTTTCCGAATTG-1-20,20221010-4_15,mrd12,N7,10.927349,3.6914074
TGACACTTCTCTTTGC-1-20,20221010-4_15,mrd12,N7,10.640182,5.30367
TAGCTAGAAGGCATGA-1-8,20221010-1_3,mrd12,N7,9.308651,4.6064796
CTGCTGAGGCCACGAA-1-8,20221010-1_3,mrd12,N7,10.591241,4.2596393
CTAAACGGGTGTAATC-1-20,20221010-4_15,mrd12,N7,9.58216,8.828258
TATTCCACTCAGCTCG-1-8,20221010-1_3,mrd12,N7,9.398493,4.1332035
GGGCGTGGTTTCCCAG-1-20,20221010-4_15,mrd12,N7,10.570278,4.63831
CCAAGAAAGTGGGCGA-1-8,20221010-1_3,mrd12,N7,9.7250805,4.0681167
GAATAGCCCTGCGGTC-1-20,20221010-4_15,mrd12,N7,10.229546,6.1544166
TCACTACGACCAATGC-1-20,20221010-4_15,mrd12,N7,10.617225,6.484835
CATGGATTGTCTTCCG-1-20,20221010-4_15,mrd12,N7,11.346831,3.091263
AAACCGTTCGTCCAGG-1-8,20221010-1_3,mrd12,N7,7.9350586,7.27238
AACGGCCATCTCCGGT-1-8,20221010-1_3,mrd12,N7,9.694795,4.157766
TAGCTCGCCTGATAAC-1-8,20221010-1_3,mrd12,N7,9.269992,4.5343323
CTTGTCAACATTCGAG-1-8,20221010-1_3,mrd12,N7,9.548766,5.010012
ACGCCCAGCTGTCGAT-1-20,20221010-4_15,mrd12,N7,8.619757,6.4265666
TCTTTCTCTTAAGGAG-1-20,20221010-4_15,mrd12,N7,10.845654,5.365213
CCATATGGAAACTATA-1-20,20221010-4_15,mrd12,N7,11.675383,3.256449
TTCTTGGAGTAATGAG-1-8,20221010-1_3,mrd12,N7,7.7911487,7.8214445
TGATTCTGTCGCCGGT-1-8,20221010-1_3,mrd12,N7,9.543598,4.2012644
GACACTGGAACCCGAT-1-20,20221010-4_15,mrd12,N7,10.815677,2.5042071
AAGCACCCTGCGTATC-1-20,20221010-4_15,mrd12,N7,12.261805,5.9319735
CTAAGTACAGGGCTAC-1-8,20221010-1_3,mrd12,N7,9.279189,7.2319016
TTCGCTATCTGACGTG-1-24,20230607-2_8,mrd12,N7,10.42394,5.1642895
GGGCGTCACCACGTAA-1-8,20221010-1_3,mrd12,N7,9.532726,4.3988194
CAGAGACGGTCACCCA-1-8,20221010-1_3,mrd12,N7,8.3076515,6.4753265
GTGCAAATCACCAATA-1-24,20230607-2_8,mrd12,N7,8.738776,8.219974
TCGGGAGACAGCGTAC-1-24,20230607-2_8,mrd12,N7,8.992207,7.1124325
CGCGCATGTTTGATTG-1-8,20221010-1_3,mrd12,N7,9.197058,4.3825526
ACGCGAAGTCAGACGA-1-8,20221010-1_3,mrd12,N7,9.63299,3.7818274
TGGGCCCATACTAATT-1-24,20230607-2_8,mrd12,N7,9.061859,6.844664
TCTCGAGGAGGTTCGC-1-20,20221010-4_15,mrd12,N7,10.895071,3.2741163
AAGTTCGGCCAACAGG-1-8,20221010-1_3,mrd12,N7,9.461935,4.4149203
CCACCAACTTTACTGT-1-8,20221010-1_3,mrd12,N7,9.275453,5.3768487
CTAACTGATAATCGCC-1-20,20221010-4_15,mrd12,N7,10.379804,3.8018653
TCGTCTTAGGCGTTAA-1-24,20230607-2_8,mrd12,N7,7.98686,7.7506094
GCTCATTACTGCATGT-1-20,20221010-4_15,mrd12,N7,10.765636,5.318782
AACTCTCAGTGTGCTC-1-8,20221010-1_3,mrd12,N7,8.368877,6.295576
CGAGTACTAAAGAGGA-1-8,20221010-1_3,mrd12,N7,9.366454,4.46123
CTATGGGAAGCGGAAT-1-20,20221010-4_15,mrd12,N7,11.331281,3.0888863
AGCCTTGTCACTGATA-1-24,20230607-2_8,mrd12,N7,10.267128,3.868002
TAAGATTTAGCGGGAG-1-20,20221010-4_15,mrd12,N7,9.67856,7.099821
GTTATAATACGGTGAA-1-20,20221010-4_15,mrd12,N7,11.199313,2.9631727
ATGCTCTGGCGCGGTA-1-20,20221010-4_15,mrd12,N7,11.251715,5.1418834
ACCGCAATAACTGCCT-1-8,20221010-1_3,mrd12,N7,8.866941,4.6725855
GGTGAAGTACAGGGAT-1-8,20221010-1_3,mrd12,N7,10.730628,3.497057
CGAGAGGGTAGCCGCG-1-20,20221010-4_15,mrd12,N7,10.910937,2.5919552
CTGGTTTCGAGCAAGA-1-24,20230607-2_8,mrd12,N7,9.284408,6.2151527
TCACTATCGTGCAATC-1-20,20221010-4_15,mrd12,N7,9.9437275,7.0723376
TAATAGAACAGAGTTA-1-8,20221010-1_3,mrd12,N7,10.281987,5.3052807
TCCTGCCAACTGGAGA-1-20,20221010-4_15,mrd12,N7,10.309698,5.6505456
GTAGAGGGAGACAAGT-1-8,20221010-1_3,mrd12,N7,11.564664,4.930224
CTGGGCACTAGTCGGA-1-8,20221010-1_3,mrd12,N7,9.829275,5.9154296
GAAAGCAGTGCACTTT-1-20,20221010-4_15,mrd12,N7,10.09719,5.302856
CTGCGGTAGTCACGTG-1-8,20221010-1_3,mrd12,N7,10.270186,5.034478
CCCAGGTCTGAAGGCT-1-20,20221010-4_15,mrd12,N7,10.54641,3.5445147
CAGCGCCAACACGATA-1-8,20221010-1_3,mrd12,N7,5.5000243,8.273581
TTGCTGGCCGGGCTTC-1-20,20221010-4_15,mrd12,N7,10.398838,5.3549337
TAATTGGAATCGGGAA-1-20,20221010-4_15,mrd12,N7,9.864873,5.3997455
TCGCACCAGGAGGCAG-1-8,20221010-1_3,mrd12,N7,9.435272,3.972806
CTGCACAACTACATAT-1-8,20221010-1_3,mrd12,N7,8.972517,4.505214
TTGGGACGTAAGAGTT-1-20,20221010-4_15,mrd12,N7,11.485719,2.9155524
GAAGTCAGTTGCACTA-1-8,20221010-1_3,mrd12,N7,9.57118,3.9327402
TTGGTCACACTCGTAA-1-8,20221010-1_3,mrd12,N7,9.089595,4.8693933
AAACGGTTGCGAACTG-1-24,20230607-2_8,mrd12,N7,9.877738,6.480709
CTGGATTTACACTTGA-1-8,20221010-1_3,mrd12,N7,9.469327,4.008774
GAACCCTCTGTGTTCT-1-20,20221010-4_15,mrd12,N7,11.205289,4.9165354
GGAGGATTGAAAGGAG-1-20,20221010-4_15,mrd12,N7,11.173423,5.1104994
AACGTACTGTGGGTAC-1-8,20221010-1_3,mrd12,N7,9.423548,4.477971
ACGGAGCGCAAATTAC-1-20,20221010-4_15,mrd12,N7,10.398322,5.509693
GAGTATGCCCGCCTTG-1-8,20221010-1_3,mrd12,N7,9.638044,4.2596965
CGGCAATAAGATCGCC-1-20,20221010-4_15,mrd12,N7,11.482312,3.373072
CTTGAGTTAGGGTAAT-1-24,20230607-2_8,mrd12,N7,8.945434,6.7201934
TCGGGAGACAGCGTAC-1-20,20221010-4_15,mrd12,N7,10.509717,5.3090773
GCATCCTCTCCTATTA-1-24,20230607-2_8,mrd12,N7,9.850215,6.822554
GACATCGATTTATAAC-1-8,20221010-1_3,mrd12,N7,7.9981585,7.0163474
TCCTGCCAACTGGAGA-1-8,20221010-1_3,mrd12,N7,10.225367,5.010306
CGGTGCGCGTTGGTCC-1-8,20221010-1_3,mrd12,N7,9.457832,4.102451
AATAGAACAGAGTGGC-1-8,20221010-1_3,mrd12,N7,8.472012,6.314776
AGCCCTTCTAATCCGA-1-20,20221010-4_15,mrd12,N7,10.869642,4.321286
TTGCGGCATCAGAAAG-1-8,20221010-1_3,mrd12,N7,9.055552,4.6797023
TGAGTAAATTAGCGTA-1-8,20221010-1_3,mrd12,N7,9.950294,3.722501
CATGTCTCATTTATGG-1-24,20230607-2_8,mrd12,N7,9.416539,6.9862757
GAAGGAGTCGAGTGCG-1-24,20230607-2_8,mrd12,N7,9.974148,5.7755637
TTCCACACAGATTTGA-1-8,20221010-1_3,mrd12,N7,10.804511,2.67283
AATCTGGGTAGACCCT-1-8,20221010-1_3,mrd12,N7,10.248768,4.8089705
AGCGACAGGAACGGTC-1-8,20221010-1_3,mrd12,N7,10.024829,4.2876687
GGACGGCTTGCGCAAC-1-8,20221010-1_3,mrd12,N7,7.768953,8.53579
ACAGGAGGCGCAGCCG-1-24,20230607-2_8,mrd12,N7,9.081545,7.9908137
CGGAGCTTATAACACC-1-20,20221010-4_15,mrd12,N7,10.231804,5.9614015
ATCCAGAGCAACAACC-1-8,20221010-1_3,mrd12,N7,9.419983,4.2524633
TATATTACAAATGTCG-1-20,20221010-4_15,mrd12,N7,11.2171135,5.9696636
TACCAGAAGTAGGTTC-1-8,20221010-1_3,mrd12,N7,9.804517,4.025945
ATTATCGGAATGTACG-1-24,20230607-2_8,mrd12,N7,11.132656,5.847538
CGGCACCGTTAGCGCC-1-20,20221010-4_15,mrd12,N7,9.321337,4.682184
TTGCGTGAACGCTTAG-1-20,20221010-4_15,mrd12,N7,11.051189,5.171502
GATAAGGGACGATTAG-1-24,20230607-2_8,mrd12,N7,9.235599,8.02543
GTAATCTGATTCTTCG-1-8,20221010-1_3,mrd12,N7,10.283528,3.9058893
GATGCCAGCAGAAGGC-1-8,20221010-1_3,mrd12,N7,9.400939,8.557094
ACTTGTGGATGGAACG-1-20,20221010-4_15,mrd12,N7,11.796781,3.577247
GACGCCGTAAAGGCTA-1-8,20221010-1_3,mrd12,N7,9.13097,4.120657
TCTACCCAATAGAGAG-1-20,20221010-4_15,mrd12,N7,10.979456,3.9469912
TTATCCGGGATCTATA-1-24,20230607-2_8,mrd12,N7,8.527841,8.682552
TCCATTGTGACCTCGT-1-20,20221010-4_15,mrd12,N7,10.728697,5.9293103
GGAACGGCCTGCAGCC-1-8,20221010-1_3,mrd12,N7,9.094629,8.09746
GAATTCACCCGGGTGT-1-8,20221010-1_3,mrd12,N7,9.790945,3.8988016
TTAGAAGAACATGACT-1-8,20221010-1_3,mrd12,N7,9.752201,4.0099835
CAGACGAACCTGATAC-1-8,20221010-1_3,mrd12,N7,9.828587,3.9987383
GGAACCGTGTAAATTG-1-8,20221010-1_3,mrd12,N7,10.013844,3.772046
GTTCGCTGAGACGTCT-1-20,20221010-4_15,mrd12,N7,10.009835,3.7859538
TCTGATGTATTCTGTC-1-24,20230607-2_8,mrd12,N7,8.787282,6.9740787
AATAGAATCTGTTTCA-1-24,20230607-2_8,mrd12,N7,9.735307,6.6579475
AGCACTACCTCACCAG-1-24,20230607-2_8,mrd12,N7,8.74471,7.839609
CGCAGGCGATCCAAAC-1-20,20221010-4_15,mrd12,N7,11.336021,4.4480724
CTCTTGTCCCGCTTGG-1-8,20221010-1_3,mrd12,N7,10.146001,3.9270265
GGTCAAGACTACTTCG-1-20,20221010-4_15,mrd12,N7,11.537461,3.1509647
GTGACCGCACACTACG-1-24,20230607-2_8,mrd12,N7,9.889143,6.6270633
AAATTTGCGGGTGTGG-1-8,20221010-1_3,mrd12,N7,9.754675,4.1362143
GAGACTTCGCGACCGA-1-8,20221010-1_3,mrd12,N7,9.17754,4.727707
GACCGCGTCTGACGTG-1-20,20221010-4_15,mrd12,N7,11.211268,2.8799767
CGCATCATGGCTTCAG-1-20,20221010-4_15,mrd12,N7,9.589642,3.7780998
GCTAGCAGGGAGTGGG-1-20,20221010-4_15,mrd12,N7,10.506058,6.098982
ACGCATACGTTTACTA-1-20,20221010-4_15,mrd12,N7,11.823165,3.5376832
ACACGGCACTATGCAT-1-20,20221010-4_15,mrd12,N7,10.78391,5.9838223
CACACACGCTAACGAG-1-20,20221010-4_15,mrd12,N7,10.611058,4.446211
TGGTTGGAGGATCCTG-1-8,20221010-1_3,mrd12,N7,10.664478,3.6825504
GAGTGTGCGGTACCCA-1-24,20230607-2_8,mrd12,N7,10.609173,4.7733784
TACTCGGCACGCCGGG-1-8,20221010-1_3,mrd12,N7,8.471497,8.893233
TAGCCATTTCAAAGTC-1-24,20230607-2_8,mrd12,N7,9.845521,5.87354
CCAAATAACAAGATTC-1-20,20221010-4_15,mrd12,N7,10.275391,3.976454
TTCTGACCGGGCTCAA-1-24,20230607-2_8,mrd12,N7,7.7285886,8.037663
CAGACACCGATCGCTG-1-8,20221010-1_3,mrd12,N7,10.061827,4.2658753
ACACACCAGGACCAGT-1-24,20230607-2_8,mrd12,N7,9.346889,5.1291285
TACAAATTGCGGAGGT-1-8,20221010-1_3,mrd12,N7,10.212859,5.6889467
ACTCTCTTATACACGA-1-20,20221010-4_15,mrd12,N7,9.577526,4.1811695
AGCTGTAACCTCAATC-1-8,20221010-1_3,mrd12,N7,9.450218,4.2564535
TTGCGTCGGCCAACCG-1-8,20221010-1_3,mrd12,N7,8.70246,6.1195955
TGCCTAATTGAAGATT-1-20,20221010-4_15,mrd12,N7,11.227093,3.4064493
ACGAGATATTTGCTTA-1-20,20221010-4_15,mrd12,N7,9.979757,6.4484386
ACTTTGTCGACGCACT-1-19,20221010-4_14,mrd7,N7,11.694492,4.758589
CAAATCTCTCACAAGG-1-7,20221010-1_2,mrd7,N7,11.367221,2.8624346
ACCAACACCACACACT-1-19,20221010-4_14,mrd7,N7,11.568147,2.9911294
GATATCAGTATGTATC-1-7,20221010-1_2,mrd7,N7,11.217325,2.7029018
GGGTCATGCGTACCAT-1-7,20221010-1_2,mrd7,N7,10.900828,2.5341818
GTTAAGTTAGAGTGGG-1-19,20221010-4_14,mrd7,N7,12.289042,4.009405
AGTTGCTGACTGATAT-1-7,20221010-1_2,mrd7,N7,11.574821,3.1002984
ACGAGTCGCCGGCGTT-1-7,20221010-1_2,mrd7,N7,11.505338,2.8649726
CGTTAATGTCCCGACG-1-7,20221010-1_2,mrd7,N7,10.587406,5.1782827
GATGCCAGCAGAAGGC-1-7,20221010-1_2,mrd7,N7,11.425559,2.8430192
CACGTCTATGATGTGG-1-19,20221010-4_14,mrd7,N7,12.48655,6.4481897
CAACTCCAACGTTTAG-1-19,20221010-4_14,mrd7,N7,12.774007,6.496878
AGTAACGTTCATCCTG-1-19,20221010-4_14,mrd7,N7,10.4084635,6.9189334
CGGTTGACCTGGCATA-1-7,20221010-1_2,mrd7,N7,11.347023,4.304124
TTATCGCCTGCGAAGC-1-7,20221010-1_2,mrd7,N7,11.469648,2.8729584
CGTGGAAGCCTCGTAC-1-19,20221010-4_14,mrd7,N7,11.566753,3.6484501
ACACGTAGGCCACAAG-1-19,20221010-4_14,mrd7,N7,11.173935,3.544593
ACGTGGTCGAATGTGC-1-19,20221010-4_14,mrd7,N7,11.981945,3.8813581
AGTAGCGTGAACGAAC-1-19,20221010-4_14,mrd7,N7,12.11187,4.2857676
CCATAGTCAGTAACCC-1-7,20221010-1_2,mrd7,N7,11.421112,3.846806
AATGGTCCACCGTTCA-1-7,20221010-1_2,mrd7,N7,12.007856,5.911954
AAGAGGCCCTTTGGAA-1-19,20221010-4_14,mrd7,N7,12.449334,4.9224544
TGGTGATCGTATTTGT-1-7,20221010-1_2,mrd7,N7,11.285841,2.7915664
TATTTGATTTGCACAG-1-19,20221010-4_14,mrd7,N7,10.602022,3.9567618
TCTGAGCAATTGACTG-1-19,20221010-4_14,mrd7,N7,11.878008,4.0857444
GTTCGGAGCACTCAAC-1-19,20221010-4_14,mrd7,N7,11.564094,4.7879434
TCAACGCGACCGGCAG-1-7,20221010-1_2,mrd7,N7,11.6222925,3.0784633
GACCAGGTCATTCATA-1-19,20221010-4_14,mrd7,N7,12.411269,4.5050507
GACTGCGGCACGTGTA-1-7,20221010-1_2,mrd7,N7,11.560044,3.4569407
TGGTTAAGGGCGCTGG-1-19,20221010-4_14,mrd7,N7,11.608257,4.589726
TGTTTGAGATCGTCAG-1-19,20221010-4_14,mrd7,N7,11.773704,4.4322414
TGGAAGAAGGGAACGT-1-7,20221010-1_2,mrd7,N7,11.805635,5.397249
CGCTGTGTGGATGTTG-1-7,20221010-1_2,mrd7,N7,11.404411,4.777325
GACCGCGTCTGACGTG-1-19,20221010-4_14,mrd7,N7,11.635801,3.5163424
TCAAGCGCGGACGGTA-1-19,20221010-4_14,mrd7,N7,11.396963,5.1574073
TATACCGAGTGCCACA-1-19,20221010-4_14,mrd7,N7,10.838436,3.8003929
TAGCTAGTGATGATGG-1-7,20221010-1_2,mrd7,N7,10.882366,5.780821
AAGATGGCACCGGACC-1-7,20221010-1_2,mrd7,N7,11.110526,4.298528
TACGGCATGGACGCTA-1-19,20221010-4_14,mrd7,N7,11.899222,4.266527
TAGATTCCTGGTTATT-1-7,20221010-1_2,mrd7,N7,11.914113,3.77158
CTATCGCGTAGAGAAC-1-19,20221010-4_14,mrd7,N7,11.810994,3.9562826
TAACAATATTTGTTGC-1-7,20221010-1_2,mrd7,N7,11.391115,5.081934
GCAGATCCTCGCAAAT-1-7,20221010-1_2,mrd7,N7,12.059607,5.5174894
GAGGAGATCCTCATGC-1-7,20221010-1_2,mrd7,N7,12.066574,5.8692336
CCCGTAGCTGGGAAGA-1-7,20221010-1_2,mrd7,N7,11.184096,3.5307798
CCCAATGAGATTTGCA-1-7,20221010-1_2,mrd7,N7,11.297845,4.7171164
AGCCCGGTAGCCTGTA-1-7,20221010-1_2,mrd7,N7,9.75392,5.700917
AGTGGCCCGCAAATGG-1-19,20221010-4_14,mrd7,N7,11.617471,3.2901776
TGTAGCCATCCCATTC-1-19,20221010-4_14,mrd7,N7,12.026622,6.424418
ATCTCGTGAGCGAAAC-1-19,20221010-4_14,mrd7,N7,12.139139,3.8844202
AGTGTGCTAAGATCGC-1-7,20221010-1_2,mrd7,N7,11.981516,4.1880517
GACAGGCACACACTAT-1-7,20221010-1_2,mrd7,N7,11.335502,2.9503553
CCAACGCTTGCCAGGG-1-19,20221010-4_14,mrd7,N7,11.394657,2.718386
TACTGGACAGCTCGGC-1-7,20221010-1_2,mrd7,N7,11.284412,5.9180036
GGCCCTCACCCACTTA-1-7,20221010-1_2,mrd7,N7,11.300844,2.8586617
TAGTGGAACTCATACA-1-7,20221010-1_2,mrd7,N7,11.60438,5.095263
TGTATTTACCTAATGC-1-19,20221010-4_14,mrd7,N7,12.053029,3.8376553
ACAAACCGACAAGGCG-1-7,20221010-1_2,mrd7,N7,11.335758,4.7941537
TGATGGCTGTTTCTGA-1-19,20221010-4_14,mrd7,N7,11.271558,2.8095758
TGAATGAGTGTTTCCC-1-7,20221010-1_2,mrd7,N7,10.682119,5.9446154
GGGTCTATCGCTTTCC-1-19,20221010-4_14,mrd7,N7,12.429673,6.496342
AGACCGCTCCGCGGTT-1-19,20221010-4_14,mrd7,N7,11.454241,2.7504933
CTGCAAGCACGTTCCG-1-19,20221010-4_14,mrd7,N7,11.379523,5.4802046
CTCCTGTTCAAGGCAG-1-19,20221010-4_14,mrd7,N7,11.3592205,4.0772066
CCCAGGTCTGAAGGCT-1-19,20221010-4_14,mrd7,N7,11.549051,4.0978107
AACCCGAGCAGAATCG-1-19,20221010-4_14,mrd7,N7,10.826744,4.0995765
GGTATCAAGCATAGAA-1-7,20221010-1_2,mrd7,N7,11.667915,3.2500212
AAATTTACCGAAATCC-1-19,20221010-4_14,mrd7,N7,12.092248,3.687358
GACCGACTGAAGCGTC-1-7,20221010-1_2,mrd7,N7,11.521032,3.7391987
TTCTAGAAAGTCTTAT-1-7,20221010-1_2,mrd7,N7,10.527397,5.009368
TCTCGAGGAGGTTCGC-1-19,20221010-4_14,mrd7,N7,11.207824,2.939469
TCCTATCATAGGTAAC-1-19,20221010-4_14,mrd7,N7,11.571191,4.2121806
CCGAGCTGTGCTTGTC-1-19,20221010-4_14,mrd7,N7,11.319885,6.962403
TAGTCCCGGAGACCAC-1-7,20221010-1_2,mrd7,N7,11.3634,5.8003993
TTAGGTCATAACCGAC-1-7,20221010-1_2,mrd7,N7,11.1465435,3.8895478
CCGTATTAGCGCAGTT-1-19,20221010-4_14,mrd7,N7,12.115663,4.852529
GAATCTATACTCGGAC-1-19,20221010-4_14,mrd7,N7,12.675073,5.1183643
CTGCTTTATGTCCGCG-1-19,20221010-4_14,mrd7,N7,12.613102,5.2067127
CGGTGAAGACTAAAGT-1-7,20221010-1_2,mrd7,N7,12.185046,5.77697
TAGAACGCCAGTAACG-1-7,20221010-1_2,mrd7,N7,11.939845,3.695849
AATTACTCGTACGCTC-1-7,20221010-1_2,mrd7,N7,11.7087555,4.287886
CAACCAGTGGCCTACC-1-19,20221010-4_14,mrd7,N7,12.285928,4.6703515
ATCTGATAGTGTCTTA-1-7,20221010-1_2,mrd7,N7,11.1666355,2.5856416
AGTACGTGGCCTGTCT-1-7,20221010-1_2,mrd7,N7,11.679756,3.1531181
TAAAGACAACCCTTTA-1-19,20221010-4_14,mrd7,N7,11.227352,3.410305
CGCCCTTGAAGGCTGA-1-7,20221010-1_2,mrd7,N7,11.822271,4.2016683
GGCCTGCTTCTCCCGA-1-19,20221010-4_14,mrd7,N7,11.49521,4.642897
TAGTCTTTCCGAATTG-1-19,20221010-4_14,mrd7,N7,11.011798,3.7191927
TGGGCAGGCCACCGCA-1-19,20221010-4_14,mrd7,N7,6.9570312,4.117372
TTAGAATAAGGGTCGG-1-7,20221010-1_2,mrd7,N7,11.303065,4.3960514
GGTGAAACCGGGAATG-1-19,20221010-4_14,mrd7,N7,11.692159,5.566512
GTCGATAGGTGACTTT-1-19,20221010-4_14,mrd7,N7,11.126049,3.4467974
TTAGGTGTGACTGGTC-1-7,20221010-1_2,mrd7,N7,11.270811,2.7269766
TCTTTAGCAGGCGAAC-1-19,20221010-4_14,mrd7,N7,12.458689,5.0095196
GTGGCGGGCCGTAGCT-1-7,20221010-1_2,mrd7,N7,11.214641,4.6013613
CCGACAATAGGCCGCC-1-19,20221010-4_14,mrd7,N7,10.3660145,4.7627506
CTACTCAAGGTATAGT-1-7,20221010-1_2,mrd7,N7,11.121487,4.166538
TCCGTAACCACAATCC-1-7,20221010-1_2,mrd7,N7,12.141948,5.468063
AGCCTTAAAGCGGAAG-1-7,20221010-1_2,mrd7,N7,11.322918,2.8923542
AGTCTAAAGTATACTC-1-19,20221010-4_14,mrd7,N7,11.425294,2.8326933
TTCTTCCCTTTGATAT-1-19,20221010-4_14,mrd7,N7,12.198763,4.003189
AGCTTGATCTTAACTT-1-7,20221010-1_2,mrd7,N7,11.313412,3.6239748
TCTTTAGAGTCTAACA-1-19,20221010-4_14,mrd7,N7,10.905138,3.9804301
GGGTACACTCTGGAGG-1-7,20221010-1_2,mrd7,N7,11.002306,2.5821753
GATATGGATTACGCGG-1-7,20221010-1_2,mrd7,N7,11.622513,3.165252
GGACCTACGGTAACGT-1-19,20221010-4_14,mrd7,N7,12.608771,4.942347
ATCGCTGCGTGCAGCA-1-19,20221010-4_14,mrd7,N7,12.296662,4.0558567
GAATGCCGAAATGACC-1-7,20221010-1_2,mrd7,N7,12.146331,4.9593368
GTAGAAACGGGTGGAG-1-7,20221010-1_2,mrd7,N7,11.011211,2.6035075
AGAGCAGTTATGAGAC-1-7,20221010-1_2,mrd7,N7,12.003401,4.0933614
ACGCAAACTAATAGAT-1-7,20221010-1_2,mrd7,N7,10.7549715,5.0786514
AGCCCTTGGACATCCC-1-19,20221010-4_14,mrd7,N7,11.486835,4.0928674
TCCGAACTTGGCTTAC-1-7,20221010-1_2,mrd7,N7,11.350779,3.2470605
GTATAATCTCCCGGAT-1-7,20221010-1_2,mrd7,N7,10.735581,2.5367036
CTGGTCATTCCAATCC-1-7,20221010-1_2,mrd7,N7,11.054805,2.5426335
GGACTCACAAATTAGG-1-19,20221010-4_14,mrd7,N7,11.099125,2.6709373
CATGAGATGCACTCTC-1-7,20221010-1_2,mrd7,N7,11.498361,5.024958
AGCACTACCGGCCTGT-1-7,20221010-1_2,mrd7,N7,11.224314,2.9609146
CGAATGACGCATAATG-1-7,20221010-1_2,mrd7,N7,9.484591,5.9180965
ACACTGGGACAGTCGT-1-19,20221010-4_14,mrd7,N7,11.502733,3.2804782
TCCCGTCGCGTCATAG-1-19,20221010-4_14,mrd7,N7,11.482834,4.590032
CTACTCTAGGCCCGGC-1-7,20221010-1_2,mrd7,N7,11.897873,5.011524
TCAACATAGCGCCCTA-1-7,20221010-1_2,mrd7,N7,11.32348,3.5394726
CACAGTCCCGCTTCGC-1-19,20221010-4_14,mrd7,N7,10.747649,4.021876
CTTGCAACCGCCTCCT-1-7,20221010-1_2,mrd7,N7,11.714951,3.5564878
ATGTTGTAGTCTGTTT-1-7,20221010-1_2,mrd7,N7,10.894862,3.9721787
CAACGTGGTGGAGTCT-1-19,20221010-4_14,mrd7,N7,11.056853,4.1046267
ACGCTTAGTGTCTCTC-1-19,20221010-4_14,mrd7,N7,11.778754,3.189407
GGCATCAACGAGCACG-1-19,20221010-4_14,mrd7,N7,11.313026,4.6393647
CGTGTGTTAAACCCTG-1-19,20221010-4_14,mrd7,N7,11.4428,4.5813093
TCCGGCCTGCATCGAT-1-7,20221010-1_2,mrd7,N7,11.603636,5.4279046
GAAATATGCTTGAATG-1-19,20221010-4_14,mrd7,N7,11.787783,5.1568274
GCGAGGGACTGCTAGA-1-7,20221010-1_2,mrd7,N7,11.203443,2.5829682
GTTGCGCTAACATTAC-1-19,20221010-4_14,mrd7,N7,10.873168,3.72826
ATATCGTGCCAGACCC-1-19,20221010-4_14,mrd7,N7,12.60264,4.973797
GTTGCGGACGGTCAGG-1-19,20221010-4_14,mrd7,N7,10.94822,3.7454588
CTGGTAAAGTGTGGGC-1-19,20221010-4_14,mrd7,N7,10.645049,4.030547
CTGGGATACGCTACCC-1-19,20221010-4_14,mrd7,N7,12.084397,3.8055816
TGTGGTTGCTAAAGCT-1-7,20221010-1_2,mrd7,N7,11.169605,4.502132
CAGCCCTCACAGGCAG-1-19,20221010-4_14,mrd7,N7,11.84082,3.4029057
TTCGCGCGCCATACGA-1-7,20221010-1_2,mrd7,N7,10.627642,5.900286
CACGTCAATCAATGGA-1-19,20221010-4_14,mrd7,N7,11.4841585,4.2949066
TCGCCTCGACCTGTTG-1-7,20221010-1_2,mrd7,N7,12.135168,5.063063
CCAAAGCAGTTGGTTG-1-7,20221010-1_2,mrd7,N7,11.571146,3.0308974
GCTTGATGATAATCAG-1-19,20221010-4_14,mrd7,N7,10.179002,5.661586
TTAGTTCAAGTGTTCG-1-19,20221010-4_14,mrd7,N7,12.734477,6.2299333
AAATAAGGTAGTGCCC-1-19,20221010-4_14,mrd7,N7,12.333668,4.5847206
TAGCCAGAGGGTCCGG-1-7,20221010-1_2,mrd7,N7,11.240793,3.3170664
GCGAGAGGCCATGTAA-1-19,20221010-4_14,mrd7,N7,12.330802,5.288334
TATAGGGTACTCATGA-1-7,20221010-1_2,mrd7,N7,11.211547,4.176995
TCGGTGACCGCTCCGG-1-19,20221010-4_14,mrd7,N7,12.266598,5.6546116
TCCCTAGATCAATAGG-1-19,20221010-4_14,mrd7,N7,12.5487,6.170636
ACTATCTGCCCGCGTA-1-19,20221010-4_14,mrd7,N7,11.21994,3.7804873
CAATACGAGAGTCTGA-1-19,20221010-4_14,mrd7,N7,11.006141,2.531039
AAATTCCAGGTCCAAA-1-19,20221010-4_14,mrd7,N7,12.084282,4.232176
CACACGTTTCAATGGG-1-19,20221010-4_14,mrd7,N7,12.683477,5.336262
AACTTCTGCGTCTATC-1-7,20221010-1_2,mrd7,N7,12.118353,4.129775
TAGTCCGTATGCATAA-1-7,20221010-1_2,mrd7,N7,11.131282,2.6036458
TCTTCGCGGTGAGAGG-1-19,20221010-4_14,mrd7,N7,12.1953,5.5260525
CACACAGCTTGCGCTC-1-19,20221010-4_14,mrd7,N7,12.213925,4.153711
TCAACTAACGTATAAC-1-7,20221010-1_2,mrd7,N7,11.234615,2.721983
GAATAGCCCTGCGGTC-1-19,20221010-4_14,mrd7,N7,11.655636,2.9753034
TATTGACATTTCTGCC-1-19,20221010-4_14,mrd7,N7,12.083412,3.8377128
TCCTCTCCAGTTGTCC-1-7,20221010-1_2,mrd7,N7,11.795029,3.7924693
GACCGACCGCTAATAT-1-7,20221010-1_2,mrd7,N7,11.710173,3.518477
ATCCAATGGAGGGTCC-1-7,20221010-1_2,mrd7,N7,11.77258,5.078194
GCACGCCTACTTAGAT-1-7,20221010-1_2,mrd7,N7,10.943658,4.215781
GTGACGAGGGTGACCC-1-19,20221010-4_14,mrd7,N7,12.213256,4.063724
TACTCTTTCGTCTTCA-1-7,20221010-1_2,mrd7,N7,10.59885,5.8372188
AGTTATTGAAAGGTAA-1-19,20221010-4_14,mrd7,N7,12.402014,4.308156
AGAGCCGCCGAGATTT-1-19,20221010-4_14,mrd7,N7,11.212396,3.1014073
TGATCAGGGAACTGCT-1-7,20221010-1_2,mrd7,N7,11.113319,2.632332
CCGCCGTTGAGGATAA-1-19,20221010-4_14,mrd7,N7,11.955592,3.825322
GACTCCCAGAATAAGG-1-19,20221010-4_14,mrd7,N7,12.421053,4.270168
TCGAGGGCAACAGACG-1-19,20221010-4_14,mrd7,N7,11.541025,5.7104506
CTACGACTAGCTATAA-1-7,20221010-1_2,mrd7,N7,11.249299,3.599812
CTAGCCACAGGCGAGC-1-19,20221010-4_14,mrd7,N7,11.171509,4.3072166
GCATCCTCTCCTATTA-1-7,20221010-1_2,mrd7,N7,11.637801,4.7573338
TCCCAAAGCCCTAAAT-1-19,20221010-4_14,mrd7,N7,12.065287,4.084194
AAGCGGCGTCATGGGT-1-19,20221010-4_14,mrd7,N7,11.514083,2.8020492
ACGTTCGTTCAGGAAA-1-7,20221010-1_2,mrd7,N7,11.589513,3.0595195
CACTTCGTCTTATCTC-1-7,20221010-1_2,mrd7,N7,11.662769,3.567958
ATAGCCTCAGTACCCA-1-7,20221010-1_2,mrd7,N7,11.667149,2.9708977
ACTAATACGTCAGGCG-1-19,20221010-4_14,mrd7,N7,11.934727,3.7471795
TTAACTTCAGGTAGGA-1-7,20221010-1_2,mrd7,N7,11.260031,2.927376
GGGTGCATATGAAAGC-1-19,20221010-4_14,mrd7,N7,11.50986,2.8866963
TCGTCACACTGTTAGC-1-7,20221010-1_2,mrd7,N7,11.451415,4.095455
GGTGCAGAGCCTATCG-1-19,20221010-4_14,mrd7,N7,11.932651,3.3638742
CCGGTGCGAGTGATAG-1-7,20221010-1_2,mrd7,N7,11.751189,4.3068013
GGTCCTTCATACGACT-1-7,20221010-1_2,mrd7,N7,11.971276,4.9343667
CTTCATAGCTCAAGAA-1-19,20221010-4_14,mrd7,N7,9.959062,6.479795
AGCGCTTATGGGCAAG-1-19,20221010-4_14,mrd7,N7,12.397654,4.225699
GCAGTTCGATCCGAGC-1-19,20221010-4_14,mrd7,N7,11.5812645,4.4019637
CCAGCTTCCGCCCGCA-1-7,20221010-1_2,mrd7,N7,11.334087,4.2764554
GGAACGGCCTGCAGCC-1-7,20221010-1_2,mrd7,N7,11.205031,2.8448572
GAGCACGGCGCCTCTT-1-19,20221010-4_14,mrd7,N7,7.1254787,4.0566907
TGCGGGTATTGGGATC-1-7,20221010-1_2,mrd7,N7,11.368783,3.7707925
ATAAAGGTCAAGTACG-1-7,20221010-1_2,mrd7,N7,11.6246805,3.5914154
TTACACGATCTGCGAC-1-19,20221010-4_14,mrd7,N7,11.919918,4.651943
TTAACTCACGCGTGGA-1-7,20221010-1_2,mrd7,N7,11.459561,2.8623054
CTCCCAATGAGTCGCG-1-19,20221010-4_14,mrd7,N7,10.5444,4.044236
AAATTTGCGGGTGTGG-1-7,20221010-1_2,mrd7,N7,11.835333,3.7507503
TCCCAAACAGACAACG-1-19,20221010-4_14,mrd7,N7,12.16859,3.998425
TCCGAATGGTCCTGAG-1-19,20221010-4_14,mrd7,N7,11.94916,3.8544328
GTGCCTAGCTATGCTT-1-7,20221010-1_2,mrd7,N7,10.933988,2.5575995
ATTTACTAAGTCCATT-1-19,20221010-4_14,mrd7,N7,12.002803,4.0268383
TACGCTCGGTATTGGA-1-19,20221010-4_14,mrd7,N7,11.700727,3.867799
TAAAGGAGAAACTAGT-1-7,20221010-1_2,mrd7,N7,10.899043,4.206103
ACTATATGCTGTGTTC-1-19,20221010-4_14,mrd7,N7,12.321751,3.9556499
GTCATCTCCTACAGCT-1-7,20221010-1_2,mrd7,N7,11.326784,2.8045676
CAGGGCTAACGAAACC-1-7,20221010-1_2,mrd7,N7,11.334762,2.8418398
CGTCAATCTTTAACAT-1-7,20221010-1_2,mrd7,N7,12.3168335,4.664492
TTGCGTAGTTTGAGGA-1-7,20221010-1_2,mrd7,N7,12.011534,4.1128755
CCCTGATGTAACTCGT-1-7,20221010-1_2,mrd7,N7,11.017628,4.091031
CTGAGAAAGTTCGGCG-1-19,20221010-4_14,mrd7,N7,11.553386,3.5748544
GTCTCGACTAAGTTTG-1-19,20221010-4_14,mrd7,N7,11.647135,2.9274113
ACGTTATTGGTCACTC-1-7,20221010-1_2,mrd7,N7,11.545069,2.92222
TTCGGTGGAGACGCCC-1-19,20221010-4_14,mrd7,N7,11.879872,3.5158236
CACAGTTCGCTTCCCA-1-19,20221010-4_14,mrd7,N7,10.830893,4.1233497
TCATTTAGAAGTGTGA-1-19,20221010-4_14,mrd7,N7,11.369108,2.7580338
ATAATACCGTTAGCCG-1-7,20221010-1_2,mrd7,N7,11.590408,4.2729707
GATCTCGACGCTGTGG-1-19,20221010-4_14,mrd7,N7,10.766997,3.8374546
AATATTGGAGTATTGA-1-7,20221010-1_2,mrd7,N7,11.065255,2.6008275
TCAGGGCGCAAACTCG-1-7,20221010-1_2,mrd7,N7,11.562246,3.5878792
CAAAGTCAGGTTAGCT-1-7,20221010-1_2,mrd7,N7,12.011295,5.6040006
CTGCTGTCTAACGAGC-1-19,20221010-4_14,mrd7,N7,11.266761,3.3697157
AATAGCTACCGCGTGC-1-19,20221010-4_14,mrd7,N7,12.667004,5.020325
GAAGACTTCAATGCCG-1-19,20221010-4_14,mrd7,N7,12.276291,4.4527116
TAAATGCCGTCTCATG-1-19,20221010-4_14,mrd7,N7,10.460735,6.512029
TGGTACCGGCACAGCC-1-7,20221010-1_2,mrd7,N7,11.173078,3.2152677
CGTCGCGGCGGGATTT-1-7,20221010-1_2,mrd7,N7,11.969388,3.7011979
CGCAGATCTTCACCCG-1-19,20221010-4_14,mrd7,N7,11.988329,4.0969486
TGCAGAACTATATCGT-1-7,20221010-1_2,mrd7,N7,10.952473,4.620218
TCGAGCCAGGCAGGCC-1-7,20221010-1_2,mrd7,N7,10.975589,3.7575526
TGTGGCTCCCACCAAC-1-19,20221010-4_14,mrd7,N7,11.605182,3.1218102
ACACATTGACGCAACA-1-7,20221010-1_2,mrd7,N7,11.9289665,3.6647651
CTTTGGCGCTTTATAC-1-7,20221010-1_2,mrd7,N7,11.315143,3.5396137
TATGATCCGGCACGCC-1-19,20221010-4_14,mrd7,N7,12.365683,4.051644
CGTTGTAAACGTCAGG-1-7,20221010-1_2,mrd7,N7,10.931319,2.5276778
CCATGGCCCTTGTACC-1-7,20221010-1_2,mrd7,N7,12.048352,4.071963
AGACGGGATTGGTATA-1-7,20221010-1_2,mrd7,N7,11.084795,5.1456842
AACCAGTATCACTCTT-1-19,20221010-4_14,mrd7,N7,11.672537,2.9965816
CCAGCTGATGGTACTT-1-7,20221010-1_2,mrd7,N7,11.357467,3.543215
TCTCTCGCCGCACATA-1-19,20221010-4_14,mrd7,N7,10.561223,4.027998
TCAGGGTGCACGAAAC-1-7,20221010-1_2,mrd7,N7,11.635076,3.3459103
TCCTGGCGCTGCCTGG-1-19,20221010-4_14,mrd7,N7,12.6482315,7.5964084
CGGCCCAACCTGTAGT-1-19,20221010-4_14,mrd7,N7,11.454299,2.812395
AAATGATTCGATCAGC-1-19,20221010-4_14,mrd7,N7,11.492128,2.8189993
AGTATACACAGCGACA-1-7,20221010-1_2,mrd7,N7,11.0673,3.849465
TAGGAACAGCCTCCAG-1-19,20221010-4_14,mrd7,N7,12.723369,5.1419706
TAGAGATCATGCAACT-1-7,20221010-1_2,mrd7,N7,11.683189,3.2993124
GATCGGCGATAAGTCG-1-7,20221010-1_2,mrd7,N7,10.8037195,2.5146255
GACACTGGAACCCGAT-1-19,20221010-4_14,mrd7,N7,11.600343,3.5599606
CCACATACTGCACCCA-1-19,20221010-4_14,mrd7,N7,7.2402887,4.035654
CCGCTTGCTGACATGG-1-19,20221010-4_14,mrd7,N7,12.252693,4.2200546
CCACGGAGCCATAAGA-1-7,20221010-1_2,mrd7,N7,11.043636,4.207435
TCCGGAGGAAGGGCTG-1-19,20221010-4_14,mrd7,N7,12.310421,5.1770234
GGCTCGTGCCACCAGC-1-19,20221010-4_14,mrd7,N7,10.5473795,4.721062
TGTGTAGTAGCACGTG-1-19,20221010-4_14,mrd7,N7,12.26078,5.393122
CACCGGAGATATCTCC-1-19,20221010-4_14,mrd7,N7,12.280781,3.913188
AATAATCTTCGTATCG-1-19,20221010-4_14,mrd7,N7,10.747752,3.8008273
CCATATTGGATCATGA-1-7,20221010-1_2,mrd7,N7,11.528548,3.2048724
CGGGTTTGTTAGGGCT-1-19,20221010-4_14,mrd7,N7,11.018275,3.6076813
ATTACCACACTGCCTG-1-19,20221010-4_14,mrd7,N7,11.387651,3.6983635
GTCGTGTCTGGTCATC-1-19,20221010-4_14,mrd7,N7,12.342137,4.1901183
TAATGAAAGACCCTTG-1-7,20221010-1_2,mrd7,N7,10.979818,2.4779518
CCGTTCCGAATCTCGG-1-7,20221010-1_2,mrd7,N7,11.166131,3.292752
AACCAAGACTTCTCTG-1-7,20221010-1_2,mrd7,N7,11.348063,4.520884
CCGACAAACACATGAG-1-7,20221010-1_2,mrd7,N7,11.524112,2.885408
GATCCTCGACACTGGC-1-7,20221010-1_2,mrd7,N7,11.163945,3.477469
CCAAATAACAAGATTC-1-19,20221010-4_14,mrd7,N7,11.360817,4.696479
CACTCCTATGTAAGAT-1-7,20221010-1_2,mrd7,N7,9.38727,5.784315
GTTAGCCGTAAATCAA-1-19,20221010-4_14,mrd7,N7,12.57512,5.0891194
GGCCGTTTGGGTTTCA-1-7,20221010-1_2,mrd7,N7,11.63269,4.5852327
CCGGTTTGTAATTGTG-1-7,20221010-1_2,mrd7,N7,11.013332,4.1327114
GTTCAATCTATGTCAA-1-19,20221010-4_14,mrd7,N7,12.776142,6.662557
GAGCCGAGCGTTTATT-1-19,20221010-4_14,mrd7,N7,11.364988,4.729205
ACTATTTCCGGGCCCA-1-7,20221010-1_2,mrd7,N7,11.447187,4.7973
GCTAACTGAAGTCTGA-1-7,20221010-1_2,mrd7,N7,11.579735,4.3688865
TACTGTTTCTCTGGTA-1-19,20221010-4_14,mrd7,N7,11.990219,5.3488955
ACCGATATTTAATCAT-1-19,20221010-4_14,mrd7,N7,12.071908,6.079199
TTACTGTTTCTCTACG-1-19,20221010-4_14,mrd7,N7,11.764327,3.4286792
TGCACTATGTGAGTGC-1-7,20221010-1_2,mrd7,N7,11.143697,2.5771277
TGGTTTAAACGTGGGT-1-19,20221010-4_14,mrd7,N7,12.464605,4.2162485
GCAAACGTCGCCAGGT-1-19,20221010-4_14,mrd7,N7,11.432351,3.4301093
CCTGTACTCACGCCCA-1-7,20221010-1_2,mrd7,N7,11.119525,2.680806
CCGACAAAGGGAGTGC-1-7,20221010-1_2,mrd7,N7,11.681084,3.8655388
AGAAATTATGACTCGC-1-19,20221010-4_14,mrd7,N7,6.8983746,4.1996875
ATGTACATGCGGTGAG-1-19,20221010-4_14,mrd7,N7,11.951459,4.6750207
TTGAGCGCCACGTGAT-1-19,20221010-4_14,mrd7,N7,11.262673,3.7159646
ATGAGGGCAGCGGCTA-1-19,20221010-4_14,mrd7,N7,7.0092945,4.082465
ACGTTCGCAATCAATT-1-19,20221010-4_14,mrd7,N7,12.877595,5.9173183
CGGATAAGCGGACATG-1-7,20221010-1_2,mrd7,N7,11.176301,3.388498
CCCTGTTGGCAAAGAC-1-7,20221010-1_2,mrd7,N7,11.111753,2.629581
GACAAGAGATGAGATT-1-19,20221010-4_14,mrd7,N7,11.583281,4.1819286
GGCTGAGCATCGTAAG-1-19,20221010-4_14,mrd7,N7,11.409116,2.7655256
AGGCTTGCTAGACACC-1-7,20221010-1_2,mrd7,N7,11.913824,3.649254
AAGGAGAACTTATAAG-1-19,20221010-4_14,mrd7,N7,12.145083,5.3388457
TAGTGGAACTCATACA-1-19,20221010-4_14,mrd7,N7,12.392707,5.451229
ATTATAGCTACTTTAC-1-19,20221010-4_14,mrd7,N7,11.75092,3.2667842
TCGTGTATTGGTCACG-1-19,20221010-4_14,mrd7,N7,11.486407,4.828133
GTAAGTCCACACTCTA-1-19,20221010-4_14,mrd7,N7,11.240539,3.3853996
TTCTGTTTCCTGTCGC-1-7,20221010-1_2,mrd7,N7,11.817002,5.135459
TCGTCAAGTACGCGCA-1-7,20221010-1_2,mrd7,N7,6.848817,4.611656
AAACTCGTGATATAAG-1-19,20221010-4_14,mrd7,N7,11.319838,4.2943697
GTCATTGCATTGACCC-1-7,20221010-1_2,mrd7,N7,11.678725,4.2694516
GCGCTTAAATAATTGG-1-7,20221010-1_2,mrd7,N7,11.768733,4.9565706
CCTAAATTGTATCCTA-1-19,20221010-4_14,mrd7,N7,10.962534,3.9615545
TCAGCAGTAGGCCCTG-1-7,20221010-1_2,mrd7,N7,10.550291,6.087744
TTGAGTCCCGCTGCTG-1-19,20221010-4_14,mrd7,N7,11.179022,3.263661
AGGCCCTAGAACGCCA-1-7,20221010-1_2,mrd7,N7,11.116901,2.6472642
ATGTAAGGCTGCTCTT-1-19,20221010-4_14,mrd7,N7,12.156484,3.737902
GAAAGCCCTTTGGACC-1-7,20221010-1_2,mrd7,N7,11.654246,3.4490023
TACAAATTGCGGAGGT-1-7,20221010-1_2,mrd7,N7,11.047271,4.398438
TAACAAAGGGAGAAGC-1-19,20221010-4_14,mrd7,N7,10.36006,5.6597877
TAAACGTCGTCAATGA-1-7,20221010-1_2,mrd7,N7,11.7641735,3.5773923
CATTCGTCGTAGCGGT-1-22,20230607-1_1,primary,N7,11.466712,5.255051
AAACTAACGTGGCGAC-1-6,20221010-1_1,primary,N7,8.598802,2.7568853
CCTGTGCGGATTGTAA-1-10,20221010-2_5,primary,N7,8.05239,2.6029775
ACTTTACCCTCATGAA-1-10,20221010-2_5,primary,N7,8.998035,2.6645656
GTGAAGATTTCAAGTG-1-6,20221010-1_1,primary,N7,10.074773,2.8660831
GTGTGAATAACTTAGG-1-18,20221010-4_13,primary,N7,9.715742,2.3140216
GCCAATAGGGCATCTC-1-6,20221010-1_1,primary,N7,10.218182,3.443467
TCGTAAGCTCCGAGGA-1-6,20221010-1_1,primary,N7,9.611724,2.8725045
ATCTGCACCTCTGCGA-1-6,20221010-1_1,primary,N7,9.597805,2.4467638
GTTGGATTGAGAACAC-1-18,20221010-4_13,primary,N7,9.833036,2.8768687
TGAGACGTACCTCTCA-1-22,20230607-1_1,primary,N7,9.496583,7.185364
GCTAAGTAGTTTCTCT-1-18,20221010-4_13,primary,N7,10.388087,2.56834
TCGGGCCGTCGTGGTA-1-17,20221010-3_9,primary,N7,9.8619375,2.8316371
GTCGGGAACATGGTAG-1-22,20230607-1_1,primary,N7,9.550624,8.400406
TCGACAACTGAACCCG-1-22,20230607-1_1,primary,N7,4.018482,7.3091345
GATCGTGACTGATATC-1-18,20221010-4_13,primary,N7,9.955024,3.315446
GGATCATCCCGTACGC-1-10,20221010-2_5,primary,N7,9.950449,3.3525732
GTATCTCAGTCTTGAC-1-22,20230607-1_1,primary,N7,1.1055921,4.526751
TGTCATTTGTTGGGAA-1-17,20221010-3_9,primary,N7,-0.83691233,6.954313
CACTCGGTTAGGAGGA-1-22,20230607-1_1,primary,N7,10.62519,8.013678
GTACTCCTGGGTATGC-1-6,20221010-1_1,primary,N7,10.154159,2.2614105
CTAGCCGATGTTATGA-1-10,20221010-2_5,primary,N7,10.013275,2.4560509
AGTCGACGGTCTCAAG-1-17,20221010-3_9,primary,N7,9.947733,2.9835415
CGTTGAGTAATTGCGT-1-10,20221010-2_5,primary,N7,9.25819,2.6781294
CTCGTTTCTAATGTTT-1-6,20221010-1_1,primary,N7,9.909129,2.7330117
GGCTCGCGTTGAGGTA-1-18,20221010-4_13,primary,N7,9.272313,2.6308653
ATTGTGACTTCGCTGC-1-6,20221010-1_1,primary,N7,8.710413,2.4521625
ACTTATACTTACCCGG-1-17,20221010-3_9,primary,N7,9.7640505,3.1522129
GCTAGCAGGGAGTGGG-1-10,20221010-2_5,primary,N7,10.818387,3.214504
GTGGTTACTTCTTTCG-1-10,20221010-2_5,primary,N7,9.635755,2.995077
CTGGCGCACAGGTCTG-1-17,20221010-3_9,primary,N7,9.512118,3.6195567
CTGAATTTATTGCCAG-1-17,20221010-3_9,primary,N7,9.125906,3.2840426
TCATTCGTATAATTTG-1-6,20221010-1_1,primary,N7,9.632155,2.2342172
CCTCACCTTAGCATCG-1-17,20221010-3_9,primary,N7,8.709655,2.821349
GGCAGCGGTAATCCTA-1-10,20221010-2_5,primary,N7,9.528316,3.0025063
CGCGGTCACAAACCAA-1-6,20221010-1_1,primary,N7,9.525856,3.740138
GATGACGATGATCGCG-1-17,20221010-3_9,primary,N7,8.6289835,3.3754642
CAGTCTGTATACTGGG-1-18,20221010-4_13,primary,N7,10.854032,2.4822557
TGGAACCACTGACACA-1-6,20221010-1_1,primary,N7,9.890572,2.138065
ACGACCCATGAGTTGC-1-22,20230607-1_1,primary,N7,10.3189745,5.9776154
CCTCACCTGAGGGAGC-1-10,20221010-2_5,primary,N7,9.597825,3.6832633
GACAGCCAGACCTGAC-1-17,20221010-3_9,primary,N7,10.036676,2.711999
TACTGCAATCAATTAC-1-6,20221010-1_1,primary,N7,9.849455,2.5430593
CAGTAACTATTTATTG-1-10,20221010-2_5,primary,N7,9.49189,2.71559
AGAATGCGGGTTCGGA-1-6,20221010-1_1,primary,N7,4.571425,8.283389
TCCTGGCGCTGCCTGG-1-6,20221010-1_1,primary,N7,8.483384,2.7770057
TTCGGACTGATGCCTT-1-10,20221010-2_5,primary,N7,9.228239,2.8857052
CTAGACATATATGTAG-1-6,20221010-1_1,primary,N7,9.622633,2.1444879
TCCAGAGCACCGGTTC-1-18,20221010-4_13,primary,N7,10.389191,2.9756174
CCTCACCTGAGGGAGC-1-6,20221010-1_1,primary,N7,9.907606,2.8957424
TTACGGATGGTTCGAG-1-17,20221010-3_9,primary,N7,9.304002,3.8466387
GTGTCCGATAAGGCAT-1-10,20221010-2_5,primary,N7,9.729778,2.9636686
CTCTCTAACTGCCTAG-1-22,20230607-1_1,primary,N7,0.10015312,6.607976
GAAGAACGGTGCAGGT-1-23,20230607-2_5,primary,N7,6.470435,9.750814
TGGAACCACTGACACA-1-17,20221010-3_9,primary,N7,4.7408743,9.619321
CGGCAGGGTCGGGTTG-1-17,20221010-3_9,primary,N7,5.492826,8.976165
GGATGTCCTTACCGCA-1-17,20221010-3_9,primary,N7,9.1528,3.8836408
CTTTAGGAACACTGTT-1-17,20221010-3_9,primary,N7,9.621463,2.6402988
TGTTGCCGTCGTCCCA-1-22,20230607-1_1,primary,N7,9.630853,7.468345
TAGTCTGTGACGTTGC-1-6,20221010-1_1,primary,N7,10.191225,2.5039992
TCTTCGAATAGACGTT-1-18,20221010-4_13,primary,N7,9.994688,3.2861457
CGGTTGGGTTCAAGTT-1-10,20221010-2_5,primary,N7,9.574799,2.695941
CATGCGACCAGTTTAA-1-17,20221010-3_9,primary,N7,8.906849,3.1260538
CCGCTATCAGCACCAG-1-18,20221010-4_13,primary,N7,10.197151,2.4709458
AACGTGCGAAAGTCTC-1-18,20221010-4_13,primary,N7,12.296921,5.3768663
GATAACTCGCACTGTG-1-17,20221010-3_9,primary,N7,9.685407,3.1837308
CCTGCGTTCTACGCTT-1-22,20230607-1_1,primary,N7,7.653026,8.241921
TTCGTTCAACGAAGTT-1-17,20221010-3_9,primary,N7,-0.96434873,7.569156
GGACGGCTTGCGCAAC-1-10,20221010-2_5,primary,N7,10.147687,3.2565866
TAGGCCTATATAGTCT-1-22,20230607-1_1,primary,N7,9.803525,5.5833836
ACGTTAATGTCGAAGA-1-18,20221010-4_13,primary,N7,10.194333,2.650121
CTACCCTAAGGTCATA-1-18,20221010-4_13,primary,N7,9.581833,2.183944
CATCGCCCGCGGCCAA-1-22,20230607-1_1,primary,N7,2.0953228,8.542066
TTCCGCAGAGAAATAT-1-10,20221010-2_5,primary,N7,9.898521,2.6576314
CTAAGTACAGGGCTAC-1-10,20221010-2_5,primary,N7,8.691853,2.6686258
AATATCGAGGGTTCTC-1-6,20221010-1_1,primary,N7,10.056022,2.7084877
TAGTCTGTGACGTTGC-1-17,20221010-3_9,primary,N7,9.659832,3.0593698
ACTATCCAGGGCATGG-1-10,20221010-2_5,primary,N7,10.063246,3.5486038
ACATCCTGGTAACTGT-1-6,20221010-1_1,primary,N7,10.23486,3.5332367
AGAGTTAGAGACCGAT-1-10,20221010-2_5,primary,N7,9.341945,2.9928603
GTTGCGCTAACATTAC-1-22,20230607-1_1,primary,N7,10.317309,5.5187297
CAGCCTCGATAGCGGT-1-22,20230607-1_1,primary,N7,10.210459,4.964329
AATGATGCGACTCCTG-1-10,20221010-2_5,primary,N7,9.730181,2.3274713
AGTTCCTATTTATGTT-1-18,20221010-4_13,primary,N7,10.655652,2.9710517
TGGACTGTTCGCTCAA-1-18,20221010-4_13,primary,N7,11.0395355,2.9472933
TAGGTCGCCGGAACTG-1-6,20221010-1_1,primary,N7,10.019117,2.5233688
TACTTGTTAGTAGTCC-1-17,20221010-3_9,primary,N7,-0.6366087,5.4838347
CGTCAATCTTTAACAT-1-21,20221010-4_16,relapsed,N7,5.586442,8.671384
GGTGAAGTACAGGGAT-1-9,20221010-1_4,relapsed,N7,8.360953,8.664084
GACAGGCACACACTAT-1-9,20221010-1_4,relapsed,N7,8.405287,9.248085
AGTGTGCTAAGATCGC-1-21,20221010-4_16,relapsed,N7,5.3192286,8.539736
CTGCTGAGGCCACGAA-1-9,20221010-1_4,relapsed,N7,4.792822,10.50013
CTGGGCCTGCTATATC-1-9,20221010-1_4,relapsed,N7,6.949294,9.0697155
TTGATTAGCTGTTTCT-1-9,20221010-1_4,relapsed,N7,4.8386774,9.744292
AAACCGGGTAGGTACC-1-9,20221010-1_4,relapsed,N7,9.647482,8.272579
CGGAAAGCAAATGTGC-1-21,20221010-4_16,relapsed,N7,6.8680243,8.220305
GCAACCACGGCCGCGT-1-9,20221010-1_4,relapsed,N7,7.1840057,6.723795
GCGGACCGCGTTGTGG-1-9,20221010-1_4,relapsed,N7,7.516676,10.005193
GAAAGCAGTGCACTTT-1-9,20221010-1_4,relapsed,N7,-0.77030915,9.385724
GTATTCTGAGAAACGA-1-9,20221010-1_4,relapsed,N7,7.2520742,10.1175995
AAATTTGCGGGTGTGG-1-9,20221010-1_4,relapsed,N7,7.657382,9.03618
AATATTGGAGTATTGA-1-9,20221010-1_4,relapsed,N7,9.401583,9.284701
AGGCTTCCCGAAGAAG-1-9,20221010-1_4,relapsed,N7,8.323556,9.037832
AAGTTCGGCCAACAGG-1-9,20221010-1_4,relapsed,N7,9.138721,9.380742
CCAAAGCAGTTGGTTG-1-21,20221010-4_16,relapsed,N7,5.6623716,8.679222
AATAGAACAGAGTGGC-1-9,20221010-1_4,relapsed,N7,8.613606,8.719932
CATCAACACCTACTAA-1-21,20221010-4_16,relapsed,N7,6.6075025,9.001231
CCCTCAAGCTCTTAGT-1-21,20221010-4_16,relapsed,N7,7.41992,7.855189
TCCGAACTTGGCTTAC-1-9,20221010-1_4,relapsed,N7,8.603811,9.130567
GCGGTGCGGAGCATCG-1-21,20221010-4_16,relapsed,N7,7.082391,8.264409
TTGACATGAACGTGGA-1-9,20221010-1_4,relapsed,N7,7.807584,8.566236
CCGCGGAATGCGTCAC-1-9,20221010-1_4,relapsed,N7,8.364129,9.010856
CTTTGGCGCTTTATAC-1-9,20221010-1_4,relapsed,N7,7.9699817,9.181185
GCCCGCGCGTAAACGG-1-9,20221010-1_4,relapsed,N7,7.778027,8.927209
TGCCAATGGGTACTCT-1-9,20221010-1_4,relapsed,N7,6.845419,8.843125
CATAGTCCACAAGAAC-1-9,20221010-1_4,relapsed,N7,9.380683,8.131421
GCGAAGCCATACCCGT-1-24,20230607-2_8,mrd12,N8,6.313256,6.946563
TAGCTAAGTCCGGGAG-1-24,20230607-2_8,mrd12,N8,5.98066,7.7744536
CGCAAACACGAGTTAC-1-8,20221010-1_3,mrd12,N8,5.2723174,8.994617
AGTGAGCCTCGCCGCC-1-20,20221010-4_15,mrd12,N8,4.558431,5.4863667
CTAGCATAGTATAATG-1-24,20230607-2_8,mrd12,N8,5.8241744,7.629089
TTAGCTAATACGATCT-1-20,20221010-4_15,mrd12,N8,1.7757764,6.351997
GCGGAGAGGGAGAACG-1-8,20221010-1_3,mrd12,N8,4.518625,10.698209
ACGTAGATTGCTGATG-1-24,20230607-2_8,mrd12,N8,5.911221,7.6005235
GGTCGGATAAACGGCG-1-20,20221010-4_15,mrd12,N8,2.5567446,7.417221
CAGCTCGACAAGTTAA-1-20,20221010-4_15,mrd12,N8,2.8215718,8.729112
CCTCGCGCGATATAGG-1-20,20221010-4_15,mrd12,N8,3.3776388,6.6867247
TCCACAATGGTTTACG-1-8,20221010-1_3,mrd12,N8,2.243059,11.585122
CCGACGTAAACACAAC-1-20,20221010-4_15,mrd12,N8,6.287382,5.3841257
AGATGATGGAGTCTGG-1-20,20221010-4_15,mrd12,N8,6.4540405,5.801625
CGGTTCAAGTAGGTGT-1-20,20221010-4_15,mrd12,N8,1.3393433,7.669665
TGGCCGTATATTGACC-1-8,20221010-1_3,mrd12,N8,4.9092984,5.7327523
GAGGAATATCTCTTTG-1-24,20230607-2_8,mrd12,N8,8.363835,6.5546274
AGCGACCAACGATATT-1-8,20221010-1_3,mrd12,N8,6.67747,7.635872
TCCGGCCTAGCGTACA-1-20,20221010-4_15,mrd12,N8,2.272407,9.334317
GAAGCTTGCTGACCGC-1-8,20221010-1_3,mrd12,N8,2.0916078,8.931441
AGATCGTGCATAAGAT-1-20,20221010-4_15,mrd12,N8,1.4968946,9.319498
AGGCCACCCGTTATGA-1-8,20221010-1_3,mrd12,N8,3.9481592,9.239874
TTGTCGTTCAGTTACC-1-24,20230607-2_8,mrd12,N8,7.202209,7.4351115
GCAAACGTCGCCAGGT-1-20,20221010-4_15,mrd12,N8,7.029796,4.6927595
AGTCGGCCCAAACGAC-1-8,20221010-1_3,mrd12,N8,5.0851493,6.6214943
ATCAATCTGGGCTGCA-1-24,20230607-2_8,mrd12,N8,5.3850083,6.902004
GTACGAGATTGCGACA-1-24,20230607-2_8,mrd12,N8,7.5710726,7.085802
CCAGGGACGTGGCCTC-1-8,20221010-1_3,mrd12,N8,5.5996733,7.1392717
GGGCACGTAGTACTGT-1-24,20230607-2_8,mrd12,N8,8.497545,6.6326914
GGTACCATTAAGACGG-1-20,20221010-4_15,mrd12,N8,6.493907,6.7065697
CTCTGGACGCCTGGTG-1-24,20230607-2_8,mrd12,N8,6.1093664,7.3915763
ACGAGTACGGATGCCC-1-20,20221010-4_15,mrd12,N8,4.218354,5.817174
GCCTATAGTGTCAGGG-1-20,20221010-4_15,mrd12,N8,1.8366476,9.619082
CGATGGACCCTACGCC-1-20,20221010-4_15,mrd12,N8,2.646687,6.2605376
CTCAGTCACGACAAAT-1-20,20221010-4_15,mrd12,N8,1.6938455,7.859718
GGTTAGGCTTGGAGAA-1-8,20221010-1_3,mrd12,N8,2.3279953,9.105326
ATAGGCTAGCTTCGCA-1-20,20221010-4_15,mrd12,N8,1.6473582,8.604945
AGGGTTTAGTTCGGGA-1-24,20230607-2_8,mrd12,N8,5.7683616,7.2447867
GAGTAAACCGGAAAGT-1-19,20221010-4_14,mrd7,N8,6.7184267,4.1364803
TATTGCCGGGCTTGTA-1-19,20221010-4_14,mrd7,N8,8.424657,5.310755
CTGTTCACTGCCTGTG-1-19,20221010-4_14,mrd7,N8,3.229854,6.735187
TGGTTCGTAGCAAAGG-1-19,20221010-4_14,mrd7,N8,4.6011467,4.954187
CGCGGGAATTCCTTTC-1-19,20221010-4_14,mrd7,N8,7.7804637,5.2601886
TAATTACGTCAGTAGA-1-19,20221010-4_14,mrd7,N8,6.114679,4.4164705
GGTCTCTGAATGGACT-1-7,20221010-1_2,mrd7,N8,5.1998806,4.582474
ACATTTGAAACCTAAC-1-19,20221010-4_14,mrd7,N8,6.8464746,4.273788
CATCGGACGGGTTAAT-1-7,20221010-1_2,mrd7,N8,6.6210203,5.6569967
CTGACATAGAAATAGA-1-19,20221010-4_14,mrd7,N8,6.840587,4.1610446
GCGACGATAGTTGTAC-1-7,20221010-1_2,mrd7,N8,8.466263,5.382375
CAGAGGCGATGCATGA-1-7,20221010-1_2,mrd7,N8,7.9186373,5.0670247
CTGAATCCGAGACCTC-1-7,20221010-1_2,mrd7,N8,7.2910833,4.9351053
TCCAGCGCTATAAGCG-1-19,20221010-4_14,mrd7,N8,6.795536,4.1946754
GTAACATCTAAGATAA-1-19,20221010-4_14,mrd7,N8,5.6214285,4.8266673
GTTTCATATCGTCGCT-1-7,20221010-1_2,mrd7,N8,8.528069,5.824654
TTCTTGGACGATCTGC-1-7,20221010-1_2,mrd7,N8,6.6316495,4.350315
TTACGGATGGTTCGAG-1-19,20221010-4_14,mrd7,N8,6.541841,5.8293133
TCGGAATGCGCTCTGA-1-7,20221010-1_2,mrd7,N8,10.516111,6.271499
GCGGGAACCAGGCCCT-1-7,20221010-1_2,mrd7,N8,9.376757,6.0682635
TCTGTTACCCAGCATA-1-7,20221010-1_2,mrd7,N8,6.0991893,5.0452404
GCCACTCCTTACGGTA-1-19,20221010-4_14,mrd7,N8,6.866226,4.090249
GGTTTGTGACCTGAGG-1-19,20221010-4_14,mrd7,N8,5.900015,4.5043516
TTAGCGAATAGATAGG-1-19,20221010-4_14,mrd7,N8,8.43249,5.2494946
ACCAAGAACGCGTGTC-1-7,20221010-1_2,mrd7,N8,7.381761,4.9446774
GGTACGTTGCGGCCGG-1-19,20221010-4_14,mrd7,N8,6.793758,4.349711
GGGCGTACATTTATAT-1-19,20221010-4_14,mrd7,N8,4.258816,7.0019317
CCTACATTCACAGACG-1-7,20221010-1_2,mrd7,N8,5.0134826,4.4758716
GGCAAAGGCGCCAATA-1-7,20221010-1_2,mrd7,N8,8.61546,4.691953
GTATTTAATGGCATAA-1-19,20221010-4_14,mrd7,N8,6.8473554,4.050401
AGACGACGATGCCGCT-1-7,20221010-1_2,mrd7,N8,6.5405173,5.62508
TCCGAACGTTGCCGCT-1-19,20221010-4_14,mrd7,N8,6.9165154,4.049849
ATGCTTAGGAGTTGAT-1-19,20221010-4_14,mrd7,N8,6.8686347,4.2005386
AGTTCCTATTTATGTT-1-7,20221010-1_2,mrd7,N8,7.053447,5.2053394
GTTATCAAGCTATCGA-1-19,20221010-4_14,mrd7,N8,8.651525,5.297769
CCGTAGGGTTGTTTAC-1-19,20221010-4_14,mrd7,N8,6.248998,4.4794803
TACTACGTGCAATGCG-1-19,20221010-4_14,mrd7,N8,6.576041,4.435295
GGAGACGACACCTTTG-1-7,20221010-1_2,mrd7,N8,7.0568323,5.3504686
CAACCTACCGAGCAGT-1-19,20221010-4_14,mrd7,N8,6.3069563,4.46302
ACATACAATCAAGCGG-1-19,20221010-4_14,mrd7,N8,6.0550947,4.4801097
TTGGCTCAATATGTGT-1-19,20221010-4_14,mrd7,N8,6.815713,4.381909
AGGCACGTGACTGTCC-1-19,20221010-4_14,mrd7,N8,6.770767,4.05467
CTGTGCAGGGTAGGTC-1-7,20221010-1_2,mrd7,N8,7.574449,5.5010753
TGGGCACAAACAGAAC-1-19,20221010-4_14,mrd7,N8,6.94389,4.3814735
TCAACGAGGAGACAAA-1-7,20221010-1_2,mrd7,N8,7.63691,5.133204
GATAGATAGTACAGTC-1-19,20221010-4_14,mrd7,N8,6.851955,4.1716595
TAGGGTGTTTCAAGAG-1-19,20221010-4_14,mrd7,N8,4.243892,5.8406
TTCTTAGTGAACGGTG-1-6,20221010-1_1,primary,N8,-2.40102,6.7771873
TCCCGTCAGTCCCGCA-1-6,20221010-1_1,primary,N8,0.48330605,4.2239575
GATGTTTGTGCGAGAT-1-6,20221010-1_1,primary,N8,-1.2481796,11.743843
GTTTACGTTCCATCTG-1-6,20221010-1_1,primary,N8,-2.4006965,5.0509067
TCCTCGGGCTGGGCTT-1-10,20221010-2_5,primary,N8,-0.16886567,3.1157935
AACTTCTGCGTCTATC-1-10,20221010-2_5,primary,N8,-2.2046845,5.156183
CACTCGAGCTGAACAA-1-10,20221010-2_5,primary,N8,-1.6811175,4.0934787
TTAATGTAGACCAGGT-1-10,20221010-2_5,primary,N8,0.5748583,7.0231247
CGTGACATTGGGTCGT-1-10,20221010-2_5,primary,N8,-1.2527881,3.1377974
GGTAGACCGTTGGGCG-1-6,20221010-1_1,primary,N8,-2.2013621,5.803248
GTCTCGATCTGCTTTC-1-10,20221010-2_5,primary,N8,-1.1033231,3.2881584
GGTATTGCCGAGTTTA-1-6,20221010-1_1,primary,N8,-0.78197724,3.765043
ATAATCTTGGAGAACC-1-10,20221010-2_5,primary,N8,0.036410306,7.9711256
AGATACGACTTCATAT-1-6,20221010-1_1,primary,N8,-1.7850999,5.202943
TCAATACGCCGTCATG-1-10,20221010-2_5,primary,N8,-1.0478668,10.193234
GTTAGAGTGTGCCGCT-1-18,20221010-4_13,primary,N8,2.5786676,8.071883
TAGCTAGTGATGATGG-1-6,20221010-1_1,primary,N8,0.19470154,11.452738
CGGTCTATCAACCCGT-1-10,20221010-2_5,primary,N8,-0.6232468,6.6022716
ACACGAGACTCCTTCT-1-23,20230607-2_5,primary,N8,5.2094917,4.735952
CTGGTCATTCCAATCC-1-10,20221010-2_5,primary,N8,-1.4915111,10.210425
GATCTGCTATCTAAGG-1-6,20221010-1_1,primary,N8,1.2552533,6.8917813
CCATAGTCAGTAACCC-1-6,20221010-1_1,primary,N8,0.685318,10.352488
ACTAGTTGCGATCGTC-1-22,20230607-1_1,primary,N8,1.7860497,5.603665
CCATCCATACCAAGTC-1-6,20221010-1_1,primary,N8,0.8078038,4.1380143
TTCTACTTGCGAGGGC-1-10,20221010-2_5,primary,N8,-2.7519424,3.6896036
TGAGCGGAAAGTGTTC-1-6,20221010-1_1,primary,N8,-2.4976366,6.93021
CATCCGCAGGCCCGAA-1-10,20221010-2_5,primary,N8,-0.6538175,4.409219
CGAGGCTAAATATGGC-1-10,20221010-2_5,primary,N8,-1.6132356,8.597972
TGCAGGATCGGCAAAG-1-6,20221010-1_1,primary,N8,-0.6112606,4.294503
AAAGGCTACGGACCAT-1-6,20221010-1_1,primary,N8,-1.6563411,9.426493
CGTTTCACTTCGGGCG-1-6,20221010-1_1,primary,N8,-0.6362248,4.7981906
TCGTTAGGAGTCCCTA-1-6,20221010-1_1,primary,N8,-1.2938917,7.782149
ATGGGAACGGAAGCGG-1-23,20230607-2_5,primary,N8,6.5272756,7.0130095
GGGCGGCAAATGAATT-1-6,20221010-1_1,primary,N8,-1.4170703,11.475261
CACCTAATCAGTTTAC-1-10,20221010-2_5,primary,N8,-0.0071577714,4.5497584
GGCGCTCCTCATCAAT-1-18,20221010-4_13,primary,N8,2.3109965,8.236129
GGGACTGCATAGATAG-1-10,20221010-2_5,primary,N8,-2.347962,7.469501
GAAATGGCGGTGTTAG-1-6,20221010-1_1,primary,N8,-0.907638,4.5412116
CCTTCTTGATCCAGTG-1-10,20221010-2_5,primary,N8,-1.574918,4.8304796
GCTAGTTTCATTGAGG-1-6,20221010-1_1,primary,N8,-1.3391662,7.1830344
TCTTCGATACCAATAA-1-6,20221010-1_1,primary,N8,-0.6964598,4.779891
ATGCCGGTTGATGGGA-1-10,20221010-2_5,primary,N8,-0.4414834,3.9917486
TAAATGAATCCGTTTC-1-10,20221010-2_5,primary,N8,0.02542284,6.428582
GTGGACGCATTTGTCC-1-6,20221010-1_1,primary,N8,-1.6230053,6.439659
AGCGGACACTTCGTAG-1-10,20221010-2_5,primary,N8,-0.025821421,11.402188
GCGAAACTTAACTGGA-1-22,20230607-1_1,primary,N8,1.6529903,6.3451796
CAGCCTCCTGCAGAGG-1-6,20221010-1_1,primary,N8,-1.0340728,10.519782
TAATAAACAAGGAGAT-1-6,20221010-1_1,primary,N8,-1.0938262,10.020662
ATTGTCGCAATACCTT-1-10,20221010-2_5,primary,N8,0.010862046,3.5887167
GGGCGTCCACTGGCTC-1-6,20221010-1_1,primary,N8,2.1680424,6.3766522
TCCGTAACCACAATCC-1-18,20221010-4_13,primary,N8,1.8310747,5.319923
GTCGTACCATCTCGGG-1-6,20221010-1_1,primary,N8,-0.2834164,4.1424575
TCAGGGCGCAAACTCG-1-10,20221010-2_5,primary,N8,-1.9361148,6.745636
GTACTTGGGCACTTCT-1-10,20221010-2_5,primary,N8,-2.1201982,6.969873
TTAGCAACATGGATGT-1-6,20221010-1_1,primary,N8,-0.34545955,5.4652624
AGTATAATACTAGGCA-1-6,20221010-1_1,primary,N8,-0.85928965,7.791226
CACTCCTCTCGGTCGG-1-10,20221010-2_5,primary,N8,-1.3899767,2.7203732
CCGTAGGAAATCCCTG-1-10,20221010-2_5,primary,N8,2.7002258,5.5605674
TCCAGGCGAGTACGGT-1-6,20221010-1_1,primary,N8,-0.74812,4.6507497
TGGCGATCAAGTTATG-1-6,20221010-1_1,primary,N8,-1.8216362,6.9513464
TAGCAACCTGTCACAA-1-6,20221010-1_1,primary,N8,-0.25486234,4.916496
GAAATGGGATGTAAAC-1-6,20221010-1_1,primary,N8,-0.54693186,10.083267
TACATCTTGTTTCTTG-1-22,20230607-1_1,primary,N8,1.5131583,5.9203176
TACCTCAGTTGTCTGT-1-6,20221010-1_1,primary,N8,-0.18488503,11.089451
CTTTGCATCGCTCTTG-1-10,20221010-2_5,primary,N8,0.29354188,6.6809945
ATGCCGGTTGATGGGA-1-6,20221010-1_1,primary,N8,-1.1407053,6.370196
TCTATTACGCTGGCGA-1-6,20221010-1_1,primary,N8,-0.8262818,2.086702
CCTCGCCAGCAAATTA-1-10,20221010-2_5,primary,N8,-1.07624,3.4669528
GGTCGGTAATTAGACA-1-18,20221010-4_13,primary,N8,3.4090333,8.68569
GCCTATTTGCTACACA-1-17,20221010-3_9,primary,N8,3.7678828,5.055222
CAGAGACGGTCACCCA-1-6,20221010-1_1,primary,N8,0.9396866,9.12555
CTGCCTTTCTAGTAAA-1-6,20221010-1_1,primary,N8,1.0772003,5.343602
GTAGGTGATCCGTGTA-1-10,20221010-2_5,primary,N8,-1.4040142,4.742038
AGACCATGGGATACAA-1-6,20221010-1_1,primary,N8,-0.8351853,6.739636
GACGGGTTGGCCCGTA-1-6,20221010-1_1,primary,N8,-1.2559866,10.167886
TCAAACTTAGATTGTT-1-6,20221010-1_1,primary,N8,-1.8077604,5.200713
CCGACAAACACATGAG-1-10,20221010-2_5,primary,N8,-2.0262945,9.001398
TCTTACGGCATCCGAC-1-10,20221010-2_5,primary,N8,-1.0119214,10.106969
ATAATAGCTGTTGAAT-1-6,20221010-1_1,primary,N8,-0.5917335,8.488464
CTAGTATTCGGAATTA-1-10,20221010-2_5,primary,N8,-1.5673413,5.320682
TAACCGCCCGCAGTGC-1-17,20221010-3_9,primary,N8,3.2880151,5.174336
AGAGGCTTCGGAAACC-1-22,20230607-1_1,primary,N8,1.3810176,5.407411
TTCCGCGTGAGGCGAT-1-6,20221010-1_1,primary,N8,0.34964433,4.671734
TTAATGTAGACCAGGT-1-6,20221010-1_1,primary,N8,-1.2639649,3.1711578
TTGCTGGCCGGGCTTC-1-18,20221010-4_13,primary,N8,3.565691,5.4129257
TGAGCTTTAATGACGC-1-6,20221010-1_1,primary,N8,-1.2066053,4.2463226
TCCGTTAAGCTAATAT-1-22,20230607-1_1,primary,N8,1.3064998,5.0275683
AGAGCGTACAAGCTCG-1-10,20221010-2_5,primary,N8,-2.7776883,3.8197803
TGTAATGACCACAATA-1-22,20230607-1_1,primary,N8,6.6501074,4.6357336
CGCCTCCCTCCTCTAT-1-10,20221010-2_5,primary,N8,0.5141478,4.1587567
TCTTGATGCGTAGCGA-1-10,20221010-2_5,primary,N8,-1.7650229,6.951523
TCCGATGACTGAGCTC-1-6,20221010-1_1,primary,N8,-1.4782333,4.1249547
ACCCTATAGGACTGAG-1-10,20221010-2_5,primary,N8,-0.9439093,5.1423297
GTACGCTTCATTGCAC-1-10,20221010-2_5,primary,N8,-1.1338346,6.1209536
TGCGCAAAGCATTTGG-1-6,20221010-1_1,primary,N8,-1.481119,5.0421214
GCTAGTTTCATTGAGG-1-10,20221010-2_5,primary,N8,-1.3222588,3.1405423
GGTAACTATGTATCTG-1-17,20221010-3_9,primary,N8,3.5254486,6.118893
ACACGAGACTCCTTCT-1-10,20221010-2_5,primary,N8,-0.5020381,4.7960205
CCTATGGGTTACCGTC-1-10,20221010-2_5,primary,N8,0.16891538,5.2271037
TAAATGAATCCGTTTC-1-6,20221010-1_1,primary,N8,-1.1481154,7.6449223
CCCAGTTAAGGCGCCG-1-22,20230607-1_1,primary,N8,1.3518198,7.191678
ACGCATTCGTGAGTAC-1-10,20221010-2_5,primary,N8,-2.023166,5.3227086
AGCGTGGTATTCTACT-1-10,20221010-2_5,primary,N8,-2.5250099,4.3080235
AAAGACCCAAGTCGCG-1-17,20221010-3_9,primary,N8,1.9847838,7.0533237
TATACACAGACGCCTT-1-6,20221010-1_1,primary,N8,-2.900012,5.6327424
GTGCTCAAGTACTGTC-1-6,20221010-1_1,primary,N8,-0.936761,3.2546794
TATACTCATGCGGCAA-1-18,20221010-4_13,primary,N8,1.9088999,6.0465183
AAATGGTCAATGTGCC-1-6,20221010-1_1,primary,N8,-0.5297909,2.497781
TTAGACACGATCGTTG-1-6,20221010-1_1,primary,N8,-0.9034366,3.6177123
GCGGACCGCGTTGTGG-1-6,20221010-1_1,primary,N8,-1.4307412,10.420439
AATTCTAGAGTTAGGC-1-6,20221010-1_1,primary,N8,-1.370197,2.4170134
GCTCAATGTAATACCG-1-6,20221010-1_1,primary,N8,2.076565,6.9531116
TTAATCAGTACGTCAG-1-10,20221010-2_5,primary,N8,-0.4708442,4.5150704
TCCTGCCAACTGGAGA-1-10,20221010-2_5,primary,N8,-1.266294,5.1264095
GAGGAATGGAGAGGTT-1-10,20221010-2_5,primary,N8,-1.4346961,10.0190935
TTCAGTTTGTGGCAGC-1-18,20221010-4_13,primary,N8,2.2443845,8.323041
CCTAAAGGCTGACGCT-1-10,20221010-2_5,primary,N8,0.46287283,4.9154344
GACCGTCAGGTCGTGA-1-10,20221010-2_5,primary,N8,-0.14068386,4.699593
CTAAGGGAATGATTGG-1-10,20221010-2_5,primary,N8,0.7022131,3.9850836
TCAGCAAATGCATCTC-1-23,20230607-2_5,primary,N8,1.7609919,3.5531166
GCCTTGTATATGCAGT-1-6,20221010-1_1,primary,N8,-0.69354177,10.6570835
ACGGACTCTCAAAGCG-1-10,20221010-2_5,primary,N8,0.92891055,9.193682
CATGGTAAGTAGCGTT-1-10,20221010-2_5,primary,N8,-2.06457,7.327982
TTGATTATGCAGATGA-1-10,20221010-2_5,primary,N8,-1.525301,9.912211
CTGTATGGTGTAGAAA-1-6,20221010-1_1,primary,N8,-1.40773,5.0816355
GTAGAAACGGGTGGAG-1-10,20221010-2_5,primary,N8,-1.8587949,10.39457
TTACCCATTGCCGGGT-1-6,20221010-1_1,primary,N8,-0.5674862,4.997568
TGTACCTACACGAGGG-1-10,20221010-2_5,primary,N8,1.992112,6.6989093
GCTAGACCGTCTACTG-1-21,20221010-4_16,relapsed,N8,2.8127518,7.210588
GACCACACTTCCCTTT-1-21,20221010-4_16,relapsed,N8,1.925924,8.285995
CCGCCGGTCAACACAC-1-21,20221010-4_16,relapsed,N8,-0.15590712,7.5197315
TCCCTTAGATTACTCG-1-21,20221010-4_16,relapsed,N8,1.9596856,6.7162514
ATAGTCTTTGACGTGC-1-21,20221010-4_16,relapsed,N8,2.9408774,6.5329146
AACGCGGTCTCCAGCC-1-21,20221010-4_16,relapsed,N8,2.9732242,6.472394
CGCGGGAATTCCTTTC-1-21,20221010-4_16,relapsed,N8,2.3266373,7.5503893
GAGCCACGGTAGTAGG-1-21,20221010-4_16,relapsed,N8,2.989981,6.79721
GATTATCTTGCATTAT-1-21,20221010-4_16,relapsed,N8,3.0271516,6.708573
ACTGTATACGCGAGCA-1-21,20221010-4_16,relapsed,N8,2.7512453,5.3901505
AAAGACCCAAGTCGCG-1-21,20221010-4_16,relapsed,N8,1.691022,9.772944
CCATCTTGTTCACAAT-1-21,20221010-4_16,relapsed,N8,3.0436456,4.9585333
AGGTAACCTCCTATTC-1-21,20221010-4_16,relapsed,N8,3.151507,6.0918236
GCGGCTTTAGCAAGTT-1-21,20221010-4_16,relapsed,N8,1.7148069,8.748564
CGCGCCCGACTTAATA-1-21,20221010-4_16,relapsed,N8,2.5161872,7.679006
AGTAATCTAAGGGTGG-1-21,20221010-4_16,relapsed,N8,2.2852507,8.229918
CGTACCTGATAGGCCT-1-21,20221010-4_16,relapsed,N8,2.4367757,7.344042
GGCTGGCAATCCCACG-1-21,20221010-4_16,relapsed,N8,3.1817079,6.081727
TATTCCGGCAGTCCTA-1-21,20221010-4_16,relapsed,N8,1.8506501,9.504161
CTTACACTGGGAAATA-1-21,20221010-4_16,relapsed,N8,2.118397,8.303248
TACTCGTTTGAATCAA-1-21,20221010-4_16,relapsed,N8,3.0326245,6.6223803
TTAATGCGAGGTAACT-1-21,20221010-4_16,relapsed,N8,2.055901,8.926898
TCATCGACGACCGTCG-1-21,20221010-4_16,relapsed,N8,2.2125545,7.907441
ACCGCGGTGGAAGTCG-1-21,20221010-4_16,relapsed,N8,1.7284503,8.115619
GAAATTCACATCGCTG-1-21,20221010-4_16,relapsed,N8,2.399791,7.0291724
TAAAGCTGCAATAGGG-1-21,20221010-4_16,relapsed,N8,4.139005,4.8107824
TCTACCGTCCACAAGC-1-21,20221010-4_16,relapsed,N8,0.7544912,6.21004
ATTCGTGCTATCTCTT-1-21,20221010-4_16,relapsed,N8,3.862964,5.3795776
TATAAGTGAGGATAGC-1-21,20221010-4_16,relapsed,N8,2.9276228,6.7921066
CCCTCGGGAGCCTTGT-1-21,20221010-4_16,relapsed,N8,1.74696,8.671298
CTGCACCTGGAACCGC-1-21,20221010-4_16,relapsed,N8,0.008372236,7.213131
TTATCCAATCGAACTC-1-21,20221010-4_16,relapsed,N8,1.3231934,6.5238442
GTCAAAGTTTACATAG-1-21,20221010-4_16,relapsed,N8,0.97712874,8.502707
AGCGGGAAGGGTCCAT-1-21,20221010-4_16,relapsed,N8,3.919321,4.913968
ACATACAATCAAGCGG-1-21,20221010-4_16,relapsed,N8,1.5947945,10.265591
TTACATCGTGGCCTGG-1-21,20221010-4_16,relapsed,N8,3.0896025,6.918457
CAAACCATAAGCGTAT-1-21,20221010-4_16,relapsed,N8,2.1018329,8.382726
CATAGAGGAGATACTA-1-21,20221010-4_16,relapsed,N8,1.9501603,9.202792
ACCGAGTCTCCTTATT-1-21,20221010-4_16,relapsed,N8,1.7275772,7.41285
ATACGGGTTTCGATTG-1-21,20221010-4_16,relapsed,N8,1.5350255,7.414659
CATGGATTGTCTTCCG-1-21,20221010-4_16,relapsed,N8,1.7367618,9.795714
CAACGACCCGTTTACA-1-21,20221010-4_16,relapsed,N8,1.6699172,8.593575
GTGCGGGACCATCGGC-1-21,20221010-4_16,relapsed,N8,2.40458,7.0151377
CGAGTGCTATAGTTCG-1-21,20221010-4_16,relapsed,N8,1.6452547,8.3435955
AACACGACTGTACTGA-1-21,20221010-4_16,relapsed,N8,2.9011278,8.500848
TTCCAGACGAGATTTA-1-21,20221010-4_16,relapsed,N8,3.060845,6.714179
TTACCCATTGCCGGGT-1-21,20221010-4_16,relapsed,N8,0.34673253,6.472205
CAAGCACCAAATGCCT-1-21,20221010-4_16,relapsed,N8,1.8954726,10.006033
TTGACCAGGAACAACT-1-21,20221010-4_16,relapsed,N8,2.7142465,7.1899023
TATACACGCAAAGTAT-1-21,20221010-4_16,relapsed,N8,4.365333,6.8056984
TCGCATTCAATGACTT-1-21,20221010-4_16,relapsed,N8,2.7779667,6.374859
TCTATCCGATTGCACA-1-21,20221010-4_16,relapsed,N8,2.9794273,6.756111
ATATTGCTGTCAAAGT-1-21,20221010-4_16,relapsed,N8,3.2065554,6.1450286
CACCGCCGACCAGCGA-1-21,20221010-4_16,relapsed,N8,2.036709,8.609233
TTATATTTGGCAATCC-1-21,20221010-4_16,relapsed,N8,2.26229,6.5366874
TATTACCATCCTGCTT-1-21,20221010-4_16,relapsed,N8,2.3504286,8.546149
GTTGCACGGAGTTTCG-1-21,20221010-4_16,relapsed,N8,1.4535977,8.392262
CCCGCAGGGCCCAAAG-1-21,20221010-4_16,relapsed,N8,2.3832133,7.5925784
TTGTCGTTCAGTTACC-1-21,20221010-4_16,relapsed,N8,2.0612502,8.884537
GGGAGCGACCGTAGTG-1-21,20221010-4_16,relapsed,N8,2.770921,6.8990436
GGAGCACCAAGAACTA-1-21,20221010-4_16,relapsed,N8,1.3121023,7.1237745
TGGGCACAAACAGAAC-1-21,20221010-4_16,relapsed,N8,3.2670252,6.0436254
GTGAAACGGCGCCACC-1-21,20221010-4_16,relapsed,N8,2.480577,7.468792
GGGTTTAGGATAGGAT-1-21,20221010-4_16,relapsed,N8,3.9039712,5.842148
ATTGCCTTTATGTTTG-1-21,20221010-4_16,relapsed,N8,2.0163965,7.9290524
GCGGGAACCAGGCCCT-1-21,20221010-4_16,relapsed,N8,1.5604485,9.477096
ATAGGGATATCCTTGA-1-21,20221010-4_16,relapsed,N8,1.990608,8.426906
CATGTGGGCTCATCAC-1-21,20221010-4_16,relapsed,N8,1.9922649,8.718502
AAATCCGATACACGCC-1-21,20221010-4_16,relapsed,N8,1.6517718,9.721413
GCGGTCCCTAGACGCA-1-21,20221010-4_16,relapsed,N8,1.2133512,7.0620174
ACGTGCGCCTCGTGCA-1-21,20221010-4_16,relapsed,N8,1.9517179,9.016414
ACCAGCCCGGTCTTTG-1-21,20221010-4_16,relapsed,N8,1.7436987,9.15294
TCTTTCTCTTAAGGAG-1-21,20221010-4_16,relapsed,N8,3.4653113,9.217739
ATAATAGTGTAGGGAC-1-21,20221010-4_16,relapsed,N8,2.522794,8.685085
TGTTTAATACTTCATC-1-21,20221010-4_16,relapsed,N8,2.2611804,8.495413
CCTGAATATTTACATA-1-21,20221010-4_16,relapsed,N8,2.2882845,6.9784036
CTATGTCACTAGCCCA-1-21,20221010-4_16,relapsed,N8,1.9386562,8.810318
TATCACTTCGAGTAAC-1-21,20221010-4_16,relapsed,N8,2.5241401,8.911057
GGTGATTTCATCTTGT-1-21,20221010-4_16,relapsed,N8,2.4930298,6.9370265
GTACTGCATGAAGCGT-1-21,20221010-4_16,relapsed,N8,2.3037236,8.340311
GATGTCCGGATCACAT-1-21,20221010-4_16,relapsed,N8,3.8611186,8.129819
TCCTAAAGATTCAGAC-1-21,20221010-4_16,relapsed,N8,1.6377257,8.30159
CACTGTCCAAGTGAGA-1-21,20221010-4_16,relapsed,N8,2.9813206,6.5300026
ATCTACCATCTGCTCC-1-21,20221010-4_16,relapsed,N8,2.4180818,9.08552
CCTCGACCCACTGCCT-1-21,20221010-4_16,relapsed,N8,0.5982563,6.9665294
GATTCCGCGTTTCCGT-1-21,20221010-4_16,relapsed,N8,2.3134348,8.996801
CTTTAACTTTCAAAGG-1-21,20221010-4_16,relapsed,N8,3.8946157,4.8233013
ACCAAACTAGAAATCC-1-21,20221010-4_16,relapsed,N8,1.9949011,5.07433
CTTCAGTTGGACAACG-1-21,20221010-4_16,relapsed,N8,1.6803063,9.621362
CAAGTGAACTTTGGTT-1-21,20221010-4_16,relapsed,N8,1.8256446,9.483776
TCGATAGGCTAGTCGC-1-21,20221010-4_16,relapsed,N8,2.2491264,8.031861
CGGTGTACTTGATCCC-1-21,20221010-4_16,relapsed,N8,2.7881753,5.984948
ATTAGATTGATAGCGG-1-21,20221010-4_16,relapsed,N8,2.1188552,8.458181
ACACGGGAACTTAGGG-1-21,20221010-4_16,relapsed,N8,1.9735289,5.9082627
AACGCTGTTGCTGAAA-1-21,20221010-4_16,relapsed,N8,1.6762737,9.946852
GATGCTACAAGCGCCT-1-21,20221010-4_16,relapsed,N8,1.0161244,9.516285
TAATATTGAAATTCGC-1-21,20221010-4_16,relapsed,N8,2.849188,6.094948
CCACTCAGATCCGCAA-1-21,20221010-4_16,relapsed,N8,1.1194719,8.662591
ATGAAGCCAAGGAGCC-1-21,20221010-4_16,relapsed,N8,1.8299165,8.190415
TACTCTCCGAACAAAT-1-21,20221010-4_16,relapsed,N8,0.52101266,7.794158
AGATACGACTTCATAT-1-21,20221010-4_16,relapsed,N8,2.265884,9.006752
ACATAATAAGGCGGTG-1-21,20221010-4_16,relapsed,N8,2.9595516,5.4073377
CGTCTGGAAGGGCCCG-1-21,20221010-4_16,relapsed,N8,1.7242854,8.347243
GAATGTTGGGTAATCT-1-21,20221010-4_16,relapsed,N8,3.001385,6.6032166
TGTTTCGGTACTTCTC-1-21,20221010-4_16,relapsed,N8,2.058871,8.692552
ATCTCCCTGCAATCTA-1-21,20221010-4_16,relapsed,N8,1.0446653,9.520432
CCCTCATTCTGGAATT-1-21,20221010-4_16,relapsed,N8,0.6213192,7.0530863
ATGACGCCGGCTCTAA-1-21,20221010-4_16,relapsed,N8,1.411505,9.117391
ACGTTCCGCGCTCCGT-1-21,20221010-4_16,relapsed,N8,1.7083974,9.677372
GCTAATACCGAATGCC-1-21,20221010-4_16,relapsed,N8,2.7107503,6.531721
GACCAGGTCATTCATA-1-21,20221010-4_16,relapsed,N8,2.634181,6.85462
TATAAATCCACAAGCT-1-21,20221010-4_16,relapsed,N8,2.1666517,8.013098
TTGCGTGTGTAGGCAT-1-21,20221010-4_16,relapsed,N8,1.8669635,7.653213
ACATCCTGGTAACTGT-1-21,20221010-4_16,relapsed,N8,2.752186,6.8204274
GGAGTGCCGCCCTGGA-1-21,20221010-4_16,relapsed,N8,1.2265124,8.537047
CCAAGGAACAGAGAGG-1-21,20221010-4_16,relapsed,N8,1.6982908,9.265034
CTCTCACAATCGATGA-1-21,20221010-4_16,relapsed,N8,0.767586,6.7331405
TTCTAGGCCAATTGTG-1-21,20221010-4_16,relapsed,N8,2.0105953,8.629955
CAGCCCTCACAGGCAG-1-21,20221010-4_16,relapsed,N8,3.1767733,5.675673
TCGCCGACATATTCGC-1-21,20221010-4_16,relapsed,N8,1.786959,9.072485
GGCTCGTGCCACCAGC-1-21,20221010-4_16,relapsed,N8,2.4578276,8.36908
TATATTCGCGTCGATA-1-21,20221010-4_16,relapsed,N8,1.2513541,8.516983
TCTGAACCGGTCGGCT-1-21,20221010-4_16,relapsed,N8,3.111337,6.879515
TTCTTAGTGGCTCAGA-1-21,20221010-4_16,relapsed,N8,2.353627,7.894664
CTCTGTCCATGCACCA-1-21,20221010-4_16,relapsed,N8,2.9474258,5.7936454
TTAGCGAATAGATAGG-1-21,20221010-4_16,relapsed,N8,1.938129,8.017914
ATAAAGGTCAAGTACG-1-21,20221010-4_16,relapsed,N8,4.956795,6.0130973
GCCTTCAGCCCTACCG-1-21,20221010-4_16,relapsed,N8,0.76850736,8.863893
TATCCATATCATGCGA-1-21,20221010-4_16,relapsed,N8,1.2077616,8.4267
GCCCACCAAGGCTGTC-1-21,20221010-4_16,relapsed,N8,1.7881343,9.076149
TCCATTGTGACCTCGT-1-21,20221010-4_16,relapsed,N8,2.0464857,9.275633
CTACGAACTAGGTCGA-1-21,20221010-4_16,relapsed,N8,1.5092402,10.603116
AGCACCAGTACTCACG-1-21,20221010-4_16,relapsed,N8,2.6694663,7.1143017
GTAAGGATTTGTCGGA-1-21,20221010-4_16,relapsed,N8,2.5779037,6.8347855
TTGGCCAAATTGTATC-1-21,20221010-4_16,relapsed,N8,3.0089924,6.6128225
GCTCTCGGGTACCGAA-1-21,20221010-4_16,relapsed,N8,2.5971572,6.582111
CCGTACCCAAGCGCCA-1-21,20221010-4_16,relapsed,N8,0.34473422,6.465941
GCGAAACGATCGGGAG-1-21,20221010-4_16,relapsed,N8,2.0002081,10.104359
CGATAGTCGTACTGCA-1-21,20221010-4_16,relapsed,N8,2.376286,6.9015174
TTACATGCCACAACTA-1-21,20221010-4_16,relapsed,N8,2.9036834,6.946616
TTAAACCGGTAGCGAC-1-21,20221010-4_16,relapsed,N8,2.813496,5.992776
TTATCTGTATCATAAC-1-21,20221010-4_16,relapsed,N8,1.8069727,8.775799
GCTAGAGTAGAGATGT-1-21,20221010-4_16,relapsed,N8,1.031983,10.791106
GCTCGGAATTTAAAGC-1-21,20221010-4_16,relapsed,N8,2.3217986,7.859172
TCAGTTACGGAATGAT-1-9,20221010-1_4,relapsed,N8,0.9340518,9.516932
CGACATGCGATCTTCT-1-21,20221010-4_16,relapsed,N8,1.2044159,6.94442
GAACAACTGGGATGAA-1-21,20221010-4_16,relapsed,N8,1.8763006,8.230622
GCTCCCAGTCGGTCCA-1-21,20221010-4_16,relapsed,N8,3.2617302,6.5547824
CGCGTCATATTAAACC-1-21,20221010-4_16,relapsed,N8,2.997813,5.0912848
TACTACGTGCAATGCG-1-21,20221010-4_16,relapsed,N8,1.9486678,8.00783
TGCCCGATAGTTAGAA-1-21,20221010-4_16,relapsed,N8,1.8518126,8.130894
CGTGCACACCACTGTA-1-21,20221010-4_16,relapsed,N8,1.295386,10.224756
ATTCTCGTCTCTTTAG-1-21,20221010-4_16,relapsed,N8,0.52366525,6.4674687
ACGTACAGATTTCTCT-1-21,20221010-4_16,relapsed,N8,2.6186585,7.0608287
CACCTCGATGGTGGAC-1-21,20221010-4_16,relapsed,N8,3.4970267,5.616929
TCCGATAATTGCCATA-1-21,20221010-4_16,relapsed,N8,1.8094628,8.372785
CCCTACTTGAACAATG-1-21,20221010-4_16,relapsed,N8,1.9378763,8.625222
GAGGGCGCAGCTCTGC-1-21,20221010-4_16,relapsed,N8,2.4593508,6.726263
GATGAGGAACCTTCGG-1-21,20221010-4_16,relapsed,N8,1.254138,8.317939
CTCGCACCTATATAGT-1-21,20221010-4_16,relapsed,N8,1.804272,8.836888
GGGCGGTCCTATTGTC-1-21,20221010-4_16,relapsed,N8,2.855954,6.485175
TAACCGCCCGCAGTGC-1-21,20221010-4_16,relapsed,N8,2.189959,9.107225
ATCGACTCTTTCCGTT-1-21,20221010-4_16,relapsed,N8,1.9699291,8.695461
GTACTTGGGCACTTCT-1-21,20221010-4_16,relapsed,N8,2.8078146,7.121667
CAGAGTGATTTAACGT-1-21,20221010-4_16,relapsed,N8,2.3111184,8.687915
GTTGTCGTGTTAGTTG-1-21,20221010-4_16,relapsed,N8,1.0021993,8.33395
GAGTACGGGTATACAA-1-21,20221010-4_16,relapsed,N8,0.8665858,6.984678
AAGGATCGATCGCTTG-1-21,20221010-4_16,relapsed,N8,3.1213853,6.422592
ACTTAGTACGACAAGA-1-21,20221010-4_16,relapsed,N8,3.4888322,5.5252237
ACGCCCAGCTGTCGAT-1-21,20221010-4_16,relapsed,N8,0.76986486,5.1845536
CTGGTCCTAACTTGGC-1-21,20221010-4_16,relapsed,N8,2.3576124,7.722151
GGGCGTCCACTGGCTC-1-21,20221010-4_16,relapsed,N8,0.60477835,7.01183
CTATCACAACGCTGGA-1-21,20221010-4_16,relapsed,N8,0.95646006,7.843162
GCGCAAGAGCGCGCTG-1-21,20221010-4_16,relapsed,N8,2.810248,7.197677
AGTCACTAGCTCTCGA-1-21,20221010-4_16,relapsed,N8,2.7493043,7.410263
CCAAGACTTCTGCGAA-1-21,20221010-4_16,relapsed,N8,1.9178402,6.8474207
TATGGTTAGTGGGAGA-1-21,20221010-4_16,relapsed,N8,3.466107,8.083886
TACGGGTAATAACATA-1-21,20221010-4_16,relapsed,N8,2.784905,6.49001
AGCGACATCCCATTCA-1-21,20221010-4_16,relapsed,N8,1.9928865,8.184091
CATAATGAGCGGGCGA-1-21,20221010-4_16,relapsed,N8,2.3608868,8.422722
TAATACACAGTAGTAT-1-21,20221010-4_16,relapsed,N8,0.5080295,7.2752967
CTCGTCTGTGCCTTCG-1-21,20221010-4_16,relapsed,N8,2.475066,6.7800593
ACGATGGATCCGATGC-1-21,20221010-4_16,relapsed,N8,-0.17724591,6.526291
TTGCTCCCATACCGGA-1-21,20221010-4_16,relapsed,N8,2.0280938,7.9782076
CTGGCGACATAAGTCC-1-21,20221010-4_16,relapsed,N8,1.0188055,9.883866
GTATAGGACTCAGTAG-1-21,20221010-4_16,relapsed,N8,1.6117148,9.278462
CTGGTTCAACGCATCA-1-9,20221010-1_4,relapsed,N8,2.2870996,9.487918
TGTGACTACGCCAGTC-1-21,20221010-4_16,relapsed,N8,2.948835,6.247996
TTCAATTAGCCATAAT-1-21,20221010-4_16,relapsed,N8,2.1999133,8.630161
CCATCCATACCAAGTC-1-21,20221010-4_16,relapsed,N8,2.41412,8.204527
TGCCATTACTAAAGAA-1-21,20221010-4_16,relapsed,N8,1.7169906,9.052943
CCCGACCATAGTCCGC-1-21,20221010-4_16,relapsed,N8,2.377054,7.208008
GCCGGAAACACATCTT-1-21,20221010-4_16,relapsed,N8,2.322687,8.790781
CCAGCTACGCCTCATA-1-21,20221010-4_16,relapsed,N8,3.6568809,5.6706743
AGACATAGATCCTTCC-1-21,20221010-4_16,relapsed,N8,2.106262,9.328192
ATATCGGTAGGGAGAT-1-21,20221010-4_16,relapsed,N8,2.779252,8.444292
GAAGACTTCAATGCCG-1-21,20221010-4_16,relapsed,N8,3.4109194,5.251236
TCAGAACGGCGGTAAT-1-21,20221010-4_16,relapsed,N8,2.2933438,6.9354634
GTATCTTGTTGCTCAC-1-21,20221010-4_16,relapsed,N8,4.933071,9.231029
TCCGAGAAGGCTAAGC-1-21,20221010-4_16,relapsed,N8,1.7770232,6.433702
AAGGAGAACTTATAAG-1-21,20221010-4_16,relapsed,N8,4.845875,6.0517726
TTGGGACACTGCCCGC-1-21,20221010-4_16,relapsed,N8,1.3566918,8.295336
GTAACTTGCGGCAGTC-1-21,20221010-4_16,relapsed,N8,2.2886164,7.624106
TGTACTGTGCCAAAGT-1-21,20221010-4_16,relapsed,N8,1.5068069,5.21767
ACGCCAGATGATTTCT-1-21,20221010-4_16,relapsed,N8,2.8392074,5.3009496
TACGGGATGCTAGCAG-1-21,20221010-4_16,relapsed,N8,1.6132768,9.072976
AAACCTAAGCAGCCGG-1-21,20221010-4_16,relapsed,N8,2.3811858,7.9587297
CGCTTTCCGCCAAGGT-1-21,20221010-4_16,relapsed,N8,1.014288,9.600956
ACGTTCTGTACAAGTC-1-21,20221010-4_16,relapsed,N8,1.504446,9.568861
GTCTGCCGACTCGACG-1-21,20221010-4_16,relapsed,N8,2.4369648,7.80564
GATATTTCCTACATGG-1-21,20221010-4_16,relapsed,N8,1.6293029,7.105614
GTGGACGTGCTGAGAC-1-21,20221010-4_16,relapsed,N8,3.2479568,5.77346
TGACGATGCACTAGAA-1-21,20221010-4_16,relapsed,N8,2.2296512,8.854094
CTCTGCGAAGCAAGCA-1-21,20221010-4_16,relapsed,N8,-0.3802745,7.1519575
ATATCTCCCTCGTTAA-1-21,20221010-4_16,relapsed,N8,2.7184274,6.0415683
CTCGGTCCGTAGCCTG-1-21,20221010-4_16,relapsed,N8,2.5199895,7.582309
CTACACTAGCTTGTTC-1-21,20221010-4_16,relapsed,N8,5.0262218,5.2087717
TTGACGATTCAGCACG-1-21,20221010-4_16,relapsed,N8,1.318946,8.54161
AACCGAGCTTGGTCAT-1-21,20221010-4_16,relapsed,N8,1.5743477,8.387518
ATGTTACGAGCAATAC-1-21,20221010-4_16,relapsed,N8,5.1763945,5.144595
TGGCTTTGGGTAGACA-1-21,20221010-4_16,relapsed,N8,2.7782369,6.3029504
ATCCTGCTGCAGATAG-1-21,20221010-4_16,relapsed,N8,0.80223435,4.3285146
AGGGCGTGATCGGCTA-1-21,20221010-4_16,relapsed,N8,3.0225468,5.999179
TGGAAGGATAAAGATG-1-21,20221010-4_16,relapsed,N8,1.6865278,8.166314
GAGCATCATCCCTGGG-1-21,20221010-4_16,relapsed,N8,2.5048003,7.631879
AGCATCGTCGATAATT-1-21,20221010-4_16,relapsed,N8,2.015779,7.7102985
CGGTCTATCAACCCGT-1-21,20221010-4_16,relapsed,N8,2.031161,7.192086
TTAATTTCAGACGCGG-1-21,20221010-4_16,relapsed,N8,2.6090226,5.4929705
GTTACGGCCCGACTGC-1-21,20221010-4_16,relapsed,N8,3.3054883,8.739421
GACAACGCAGCTTACG-1-21,20221010-4_16,relapsed,N8,2.0474,7.9961476
ACCGACTGAGTCCCAC-1-21,20221010-4_16,relapsed,N8,2.408246,6.35151
TGCTGGTTGGACAATT-1-21,20221010-4_16,relapsed,N8,2.4556115,8.446127
CCGCCACCACAATCCA-1-21,20221010-4_16,relapsed,N8,2.243668,8.310226
CACCCTTTCCTCGCTC-1-21,20221010-4_16,relapsed,N8,2.9407976,6.50251
GTATCAAACGTTAGCT-1-21,20221010-4_16,relapsed,N8,1.8991917,8.766467
GTGAAACGTGCTCCAC-1-21,20221010-4_16,relapsed,N8,2.3556328,8.153716
AGCAGTCGAAGCATGC-1-21,20221010-4_16,relapsed,N8,1.5636817,7.7736287
TCCCGGTCAGGAATTT-1-21,20221010-4_16,relapsed,N8,2.266715,7.089896
TTGACGCTCCATGAGC-1-21,20221010-4_16,relapsed,N8,4.8611197,6.067319
TGAGAATGCTTTACCG-1-21,20221010-4_16,relapsed,N8,1.9384472,7.9474406
GGTGCGGATAAGTGGC-1-21,20221010-4_16,relapsed,N8,0.26594728,8.525301
ACAATCGATCTTTATA-1-21,20221010-4_16,relapsed,N8,2.780868,8.8828535
AGTACAGAAGCTTATA-1-21,20221010-4_16,relapsed,N8,2.2990556,7.2364974
CCAAACAGAACCCTCG-1-21,20221010-4_16,relapsed,N8,2.1750968,8.019152
TGGCGGTGTGCGATTG-1-21,20221010-4_16,relapsed,N8,1.9422926,6.256937
TACGTGCACTATGCTG-1-21,20221010-4_16,relapsed,N8,4.8824654,6.059643
TTAAGGATACGGAGGT-1-21,20221010-4_16,relapsed,N8,3.9324439,4.958299
GTAAGCGGGCAGTCAG-1-21,20221010-4_16,relapsed,N8,2.268655,8.232484
GATAAATCGGTGGATG-1-21,20221010-4_16,relapsed,N8,1.8963163,8.941877
AGCTATTTAATCCAAC-1-21,20221010-4_16,relapsed,N8,2.1982794,9.255216
GTTCCAGTCTGACCAT-1-21,20221010-4_16,relapsed,N8,1.385035,8.305202
CTTGTGAGTCTTTGAC-1-21,20221010-4_16,relapsed,N8,4.43539,5.907049
GGCGTACCCTATATAA-1-21,20221010-4_16,relapsed,N8,1.9652368,9.287308
TAAAGAGCCCGAAACC-1-21,20221010-4_16,relapsed,N8,2.1550696,8.105859
TTCGGGTTGCCACGGG-1-21,20221010-4_16,relapsed,N8,3.053143,6.7765446
TCCCGGTCAGGAATTT-1-9,20221010-1_4,relapsed,N8,0.009449293,8.248765
CCCGTGACAGTGCCTT-1-21,20221010-4_16,relapsed,N8,1.7710514,9.629772
AGTCGTATAAAGCAGA-1-21,20221010-4_16,relapsed,N8,3.5482962,5.428653
GTTGTCGTGTTAGTTG-1-9,20221010-1_4,relapsed,N8,-2.0660572,9.006453
AGTAGGAAGGAAGTTG-1-21,20221010-4_16,relapsed,N8,3.182499,5.8205967
CAATTAAGGGTGATGA-1-21,20221010-4_16,relapsed,N8,2.2308323,6.477354
GTAGACGTCGTTACAT-1-21,20221010-4_16,relapsed,N8,2.526305,7.725898
ACTGTCTTCTTTAGAA-1-21,20221010-4_16,relapsed,N8,1.7901795,8.845315
CATAGTAGCATAGTAG-1-21,20221010-4_16,relapsed,N8,2.303669,8.102945
AGTCCCGCCTTTAATT-1-21,20221010-4_16,relapsed,N8,1.3731254,8.103687
TGCGGAGTAAAGGTGC-1-21,20221010-4_16,relapsed,N8,3.357248,5.710956
TCAACACATTGGGTAA-1-21,20221010-4_16,relapsed,N8,2.970002,6.0269604
AATGCACCAAGCAATG-1-21,20221010-4_16,relapsed,N8,1.5945419,8.527513
CAGTGTCCGCAGAATG-1-21,20221010-4_16,relapsed,N8,3.9115176,5.5400925
GATGTTTGTGCGAGAT-1-21,20221010-4_16,relapsed,N8,1.5885742,10.869334
TTGGAGTCTCCCTTCT-1-21,20221010-4_16,relapsed,N8,2.1321902,8.210981
CTCGGGCATCGTCGGG-1-21,20221010-4_16,relapsed,N8,1.7787819,6.5764227
TTCTTAGTGAACGGTG-1-21,20221010-4_16,relapsed,N8,4.145339,4.7660403
TCAGCGCACGCCGTTT-1-21,20221010-4_16,relapsed,N8,2.1845207,6.0039554
AGTGTATTGCGCATTG-1-21,20221010-4_16,relapsed,N8,2.471257,8.670904
AGTAGGTAACATACAT-1-21,20221010-4_16,relapsed,N8,1.8408853,7.5793333
GCGAAGAATCTGACGG-1-21,20221010-4_16,relapsed,N8,3.7493894,5.120928
GGCGGTAGGATCATTG-1-21,20221010-4_16,relapsed,N8,3.2570684,5.6893554
TTGTGGCCCTGACAGT-1-21,20221010-4_16,relapsed,N8,1.4130713,9.151941
GGCAATAGTCAATGAG-1-21,20221010-4_16,relapsed,N8,2.5163612,8.048679
GCAGCTGTCAACGCAT-1-21,20221010-4_16,relapsed,N8,2.3449059,8.036302
ATACTAGCATGACCCT-1-21,20221010-4_16,relapsed,N8,2.4176228,7.6025825
AGTAGCGTGAACGAAC-1-21,20221010-4_16,relapsed,N8,1.5024036,5.771119
TATCACAGCACGGGCA-1-21,20221010-4_16,relapsed,N8,1.8572851,8.66505
TCGCATCCCTAAGTGT-1-21,20221010-4_16,relapsed,N8,5.6083064,6.775253
ACCACACGGTTGATGG-1-21,20221010-4_16,relapsed,N8,-0.5287961,4.875549
GAGTCCACCAGGTTTA-1-21,20221010-4_16,relapsed,N8,2.1660326,9.096655
TTAAGATAGGATTGAC-1-21,20221010-4_16,relapsed,N8,1.1980338,8.253947
GGCGTAGGGAAAGCTG-1-21,20221010-4_16,relapsed,N8,3.252607,5.772058
TCTCAAATCAATCGGG-1-21,20221010-4_16,relapsed,N8,1.9213072,8.784731
GAACGACCGAATGATA-1-21,20221010-4_16,relapsed,N8,1.9288187,7.452573
CTACTGCCACCTGACC-1-21,20221010-4_16,relapsed,N8,2.2782495,7.776049
GAAGGGTCATTAAGAC-1-21,20221010-4_16,relapsed,N8,2.4164891,6.1967535
CCATAGGTTGGCGTGG-1-21,20221010-4_16,relapsed,N8,1.807046,8.557391
CAGGCAGTCTTACCAG-1-21,20221010-4_16,relapsed,N8,2.5549521,6.63088
GTGCGGGTCTCCAAAT-1-21,20221010-4_16,relapsed,N8,2.0956306,9.179257
CGCTATTCAATGTATG-1-21,20221010-4_16,relapsed,N8,1.662062,10.759929
TTGTTCAGTGTGCTAC-1-21,20221010-4_16,relapsed,N8,2.3115976,7.3354225
ACCAAGAACGCGTGTC-1-21,20221010-4_16,relapsed,N8,1.7587987,8.680921
GGCCACAAGCGATGGC-1-21,20221010-4_16,relapsed,N8,2.5294588,7.177553
ATTACTAGCCTCTTGC-1-21,20221010-4_16,relapsed,N8,3.9292364,4.842717
CCCTACCCACACCCAG-1-21,20221010-4_16,relapsed,N8,3.3024933,5.8318853
TGTACTATCGCTCGTT-1-21,20221010-4_16,relapsed,N8,2.1866221,8.325619
CCATGCTCTGCAGGAA-1-21,20221010-4_16,relapsed,N8,2.2610953,8.533399
CATGGCAGGAAGATCG-1-8,20221010-1_3,mrd12,N9,9.134172,4.9473834
CGCGTTCATGAAATAC-1-24,20230607-2_8,mrd12,N9,9.870864,7.5405326
TGAGTGGTCCGTGACG-1-8,20221010-1_3,mrd12,N9,7.3847218,9.321314
TCTGAACCGGTCGGCT-1-24,20230607-2_8,mrd12,N9,10.382686,3.9050953
GTAAGCGGGCAGTCAG-1-8,20221010-1_3,mrd12,N9,6.341377,9.351435
ATTAGATTGATAGCGG-1-24,20230607-2_8,mrd12,N9,10.479237,6.9178143
CGTGTCCCATTCGCGA-1-8,20221010-1_3,mrd12,N9,9.230719,8.05982
GATCGACACTATCTGA-1-24,20230607-2_8,mrd12,N9,10.5288315,4.425477
ACATAATAAGGCGGTG-1-8,20221010-1_3,mrd12,N9,7.3855515,9.105162
TCACGGTCATCGCACA-1-24,20230607-2_8,mrd12,N9,10.847792,3.9965525
TCCGCGGCCCAATGAA-1-20,20221010-4_15,mrd12,N9,11.939352,5.2302604
GGTGCGGATAAGTGGC-1-24,20230607-2_8,mrd12,N9,10.569983,7.715528
TTCGCACTCGCGTGCT-1-24,20230607-2_8,mrd12,N9,10.314631,6.7518554
GCGAAACGATCGGGAG-1-20,20221010-4_15,mrd12,N9,11.47577,4.271557
AGTACGGCCCGTATCG-1-8,20221010-1_3,mrd12,N9,5.304854,10.234744
TAGTACCTTAGTGGTC-1-8,20221010-1_3,mrd12,N9,7.8822193,8.571687
CCAATTGAATGTTAAT-1-24,20230607-2_8,mrd12,N9,10.629964,7.64231
ATACGGTGAAGATGCA-1-8,20221010-1_3,mrd12,N9,10.301864,6.8404202
CCCGCCATGCTCCCGT-1-24,20230607-2_8,mrd12,N9,10.399364,6.832057
AAACAGAGCGACTCCT-1-20,20221010-4_15,mrd12,N9,11.281635,4.5235353
TATCGATGATTAAACG-1-8,20221010-1_3,mrd12,N9,10.73088,6.9422817
GGATTCAGTACGGTGG-1-8,20221010-1_3,mrd12,N9,11.740203,6.9894342
ACCAAGAACGCGTGTC-1-24,20230607-2_8,mrd12,N9,10.163173,6.7491155
ATTACATGTCAGTCTT-1-20,20221010-4_15,mrd12,N9,11.549592,5.4671416
AGTCACTAGCTCTCGA-1-20,20221010-4_15,mrd12,N9,11.921063,5.356437
TTGGACCATCTGGCAA-1-20,20221010-4_15,mrd12,N9,11.933297,5.207591
ATTCCTCCGCCAGTGC-1-8,20221010-1_3,mrd12,N9,10.03883,6.4370947
GAGCTGTCGTCTCGGA-1-20,20221010-4_15,mrd12,N9,10.40469,4.5082674
AGTTTCGCAGGTCGGA-1-8,20221010-1_3,mrd12,N9,7.392799,8.83996
CGCTCGACATAATGAT-1-24,20230607-2_8,mrd12,N9,10.471687,6.703828
TATAAGTGAGGATAGC-1-24,20230607-2_8,mrd12,N9,10.8332205,4.1685743
TAACGCTTTGAGAGCG-1-8,20221010-1_3,mrd12,N9,9.535202,5.675639
AATTAACGGATTTCCA-1-20,20221010-4_15,mrd12,N9,9.863019,5.4101915
GTTTCCTGGAGGGTGA-1-8,20221010-1_3,mrd12,N9,11.309451,7.395398
ACTTCCATGCGGGACA-1-20,20221010-4_15,mrd12,N9,12.1750555,4.8244514
GTGAAGCCGTATAGTC-1-20,20221010-4_15,mrd12,N9,10.069219,5.583541
GAAGAACGGTGCAGGT-1-24,20230607-2_8,mrd12,N9,9.800813,7.4752407
AAATCTAGCCCTGCTA-1-20,20221010-4_15,mrd12,N9,11.745044,3.7423604
TCTAGCATCTTCGATG-1-8,20221010-1_3,mrd12,N9,9.996242,6.5738716
CAACTCCTTGATCCCG-1-24,20230607-2_8,mrd12,N9,10.76673,5.019745
TCGTCCGCTGGCGTCT-1-24,20230607-2_8,mrd12,N9,10.125535,6.5292134
CATAGTAGCATAGTAG-1-24,20230607-2_8,mrd12,N9,11.505181,6.1754723
AGGGCGTGATCGGCTA-1-24,20230607-2_8,mrd12,N9,10.664275,6.9812126
AACGCTGTTGCTGAAA-1-20,20221010-4_15,mrd12,N9,10.851772,7.6974316
TGATCTCCGGCGCCAG-1-24,20230607-2_8,mrd12,N9,9.723382,8.565876
TAAATGAATCCGTTTC-1-8,20221010-1_3,mrd12,N9,10.37814,7.2388926
ATTATGCCATAGGGAG-1-24,20230607-2_8,mrd12,N9,8.629018,6.7424207
TGCGCGATTAACGGAG-1-8,20221010-1_3,mrd12,N9,8.86613,6.827642
AATCATGTAAAGACTC-1-20,20221010-4_15,mrd12,N9,10.378906,7.931575
CGAGAGATGTGAACCT-1-8,20221010-1_3,mrd12,N9,7.8795342,8.835181
ATGTTCGTCGACCCAC-1-8,20221010-1_3,mrd12,N9,9.533645,7.6576953
GCGGGAACCAGGCCCT-1-24,20230607-2_8,mrd12,N9,9.647546,8.034629
CGAAGCTATAAATTCA-1-20,20221010-4_15,mrd12,N9,9.602333,5.142213
CATGAACCGACATTTG-1-8,20221010-1_3,mrd12,N9,11.834875,5.933048
ATAGAGTACTGGGACA-1-8,20221010-1_3,mrd12,N9,10.017207,7.2122536
TATCACTTCGAGTAAC-1-20,20221010-4_15,mrd12,N9,11.318636,5.2826004
TGATCTACGCTGATCT-1-20,20221010-4_15,mrd12,N9,11.045964,4.3275385
GTTATCACCTTCTGAA-1-8,20221010-1_3,mrd12,N9,8.556033,9.273678
GTGCCGCTTCAAAGGT-1-8,20221010-1_3,mrd12,N9,10.134394,3.8639624
AATACAATGTTTCAGG-1-8,20221010-1_3,mrd12,N9,11.681426,4.47848
ACACCCGAGAAATCCG-1-24,20230607-2_8,mrd12,N9,9.538015,7.6271677
GGCGCAGGACATCTTC-1-8,20221010-1_3,mrd12,N9,9.409069,4.5431
AACTACCCGTTTGTCA-1-20,20221010-4_15,mrd12,N9,11.954539,5.709576
GCGTTCGGAGACCGGG-1-20,20221010-4_15,mrd12,N9,10.792813,3.831289
TCCTTCAGTGGTCGAA-1-8,20221010-1_3,mrd12,N9,8.337075,7.210562
TTCCTCGAGGGTGTCT-1-24,20230607-2_8,mrd12,N9,11.331849,4.860519
TTCTAGGCCAATTGTG-1-24,20230607-2_8,mrd12,N9,11.531625,4.273615
CCAGAGACAAAGCCGG-1-8,20221010-1_3,mrd12,N9,10.17766,7.891521
ACGCGGGCCAAGGACA-1-8,20221010-1_3,mrd12,N9,7.152272,8.478656
CCTCACCAATCTTGAC-1-8,20221010-1_3,mrd12,N9,12.093937,5.731665
CACTCGGTTAGGAGGA-1-8,20221010-1_3,mrd12,N9,8.485484,6.4425173
CGGGCAGCTAAACCGC-1-8,20221010-1_3,mrd12,N9,6.4292436,8.813016
CCGTAGGAAATCCCTG-1-20,20221010-4_15,mrd12,N9,8.605012,9.489872
AAGTTCAGTCTGCGTA-1-20,20221010-4_15,mrd12,N9,10.723671,3.0476277
AAGTAGAAGACCGGGT-1-24,20230607-2_8,mrd12,N9,11.188495,4.4819107
GCACTAGTCGCGCTAT-1-8,20221010-1_3,mrd12,N9,9.475463,8.118757
CGCGGTCACAAACCAA-1-20,20221010-4_15,mrd12,N9,11.324208,5.35512
CCTACTGCTTACACTT-1-24,20230607-2_8,mrd12,N9,11.4430685,6.7378793
TCAACCATGTTCGGGC-1-8,20221010-1_3,mrd12,N9,11.80426,5.301013
CGCCCTTGAAGGCTGA-1-8,20221010-1_3,mrd12,N9,10.652277,5.2651944
TGGAAGGATAAAGATG-1-24,20230607-2_8,mrd12,N9,10.347786,6.583718
TCCAGGCGAGTACGGT-1-8,20221010-1_3,mrd12,N9,6.3300705,8.757369
GAGCGCAAATACTCCG-1-20,20221010-4_15,mrd12,N9,11.874429,3.4871018
CAACAGTGCCAAACGG-1-8,20221010-1_3,mrd12,N9,7.3158007,8.486129
TGGCTATGTGACATAC-1-20,20221010-4_15,mrd12,N9,12.0440445,6.084912
CTTGTACTTGTTGACT-1-24,20230607-2_8,mrd12,N9,8.868842,7.86822
CTGGGATACGCTACCC-1-20,20221010-4_15,mrd12,N9,11.188673,4.4690866
AACCGTTGTGTTTGCT-1-8,20221010-1_3,mrd12,N9,8.594964,7.394072
TCAGGGTGTAACGTAA-1-8,20221010-1_3,mrd12,N9,6.879523,8.5330305
GAAGTGATTTATCGTG-1-8,20221010-1_3,mrd12,N9,7.3434367,8.588368
GCGCCTCCCACTCCGA-1-20,20221010-4_15,mrd12,N9,12.211916,4.9992743
CAGCCTCTCCTCAAGA-1-20,20221010-4_15,mrd12,N9,11.014455,5.8418603
TTCGACGGGAAGGGCG-1-8,20221010-1_3,mrd12,N9,10.369407,6.813842
TGATTTCCTCCTGACG-1-8,20221010-1_3,mrd12,N9,11.382955,5.90738
TGTGCCGGTGCCGGAA-1-20,20221010-4_15,mrd12,N9,11.25581,5.6113653
CCTCGAAGTGGACGGG-1-8,20221010-1_3,mrd12,N9,8.290024,7.806642
CGTTAAACTAGTTAGG-1-20,20221010-4_15,mrd12,N9,12.107931,5.2568626
GTAAGGATTTGTCGGA-1-8,20221010-1_3,mrd12,N9,9.308898,7.1742043
ATGAAGCCAAGGAGCC-1-8,20221010-1_3,mrd12,N9,10.4195175,7.814733
TGAGTTAAAGACATTC-1-20,20221010-4_15,mrd12,N9,12.134731,4.8898926
CAGATCATTTAAAGTC-1-20,20221010-4_15,mrd12,N9,9.948392,5.663261
CCGGAATGGTTTCAGT-1-8,20221010-1_3,mrd12,N9,10.3308115,6.8932834
ACGCATTCGTGAGTAC-1-8,20221010-1_3,mrd12,N9,6.3655434,8.613755
TTCAACGACCCGACCG-1-24,20230607-2_8,mrd12,N9,11.688721,5.1242533
CCATGCTCTGCAGGAA-1-24,20230607-2_8,mrd12,N9,11.997818,4.8929625
AATGGTTCTCACAAGC-1-8,20221010-1_3,mrd12,N9,12.139587,6.110957
CACAGCTAGGGAGTGA-1-8,20221010-1_3,mrd12,N9,7.7194395,9.026915
CCTGCTATTTGAGAAG-1-24,20230607-2_8,mrd12,N9,10.14065,7.0741515
TGCATGGATCGGATCT-1-24,20230607-2_8,mrd12,N9,9.757465,6.431223
AATGACTGTCAGCCGG-1-24,20230607-2_8,mrd12,N9,9.382981,5.3304305
AAGAGATGAATCGGTA-1-8,20221010-1_3,mrd12,N9,8.281668,7.02448
CCGCGGAATGCGTCAC-1-8,20221010-1_3,mrd12,N9,9.414525,4.403061
CAGTAACTATTTATTG-1-20,20221010-4_15,mrd12,N9,7.738023,5.2950263
ATAGAGTACTGGGACA-1-24,20230607-2_8,mrd12,N9,10.303335,7.145904
CTACACTCGCAGATGG-1-20,20221010-4_15,mrd12,N9,11.825019,5.6064763
TATTTGTTACCCTTTA-1-24,20230607-2_8,mrd12,N9,11.296072,4.627945
CATATACTACTGATAA-1-20,20221010-4_15,mrd12,N9,10.127034,3.5534546
ACCAGCCCGGTCTTTG-1-8,20221010-1_3,mrd12,N9,10.625294,5.7412806
GTAAGTAGGGTATACC-1-8,20221010-1_3,mrd12,N9,6.3109274,6.7138724
AGCATCGTCGATAATT-1-24,20230607-2_8,mrd12,N9,9.065301,7.728463
ATGAAGCCAAGGAGCC-1-24,20230607-2_8,mrd12,N9,10.511016,4.244866
CTGGTAACACATAGAA-1-24,20230607-2_8,mrd12,N9,10.036728,6.1970987
AAAGACCCAAGTCGCG-1-8,20221010-1_3,mrd12,N9,11.821089,5.6276975
GTTTCCTGGAGGGTGA-1-24,20230607-2_8,mrd12,N9,11.725905,3.8551686
GCTAATACCGAATGCC-1-24,20230607-2_8,mrd12,N9,11.721668,5.234839
TAACTATCGAAGGTCC-1-8,20221010-1_3,mrd12,N9,11.02679,6.5218086
CATTACGTCGGCCCGT-1-24,20230607-2_8,mrd12,N9,9.387834,7.236522
GTGAGCGTGCTGCACT-1-8,20221010-1_3,mrd12,N9,8.742974,7.7904844
CGTCTGGAAGGGCCCG-1-8,20221010-1_3,mrd12,N9,7.520376,8.381213
TCGGCGAACCCAAACC-1-20,20221010-4_15,mrd12,N9,12.054389,6.5588374
CGCAGAAACATTTGCG-1-8,20221010-1_3,mrd12,N9,10.906341,4.113292
GACGAGGCTAATAAAC-1-20,20221010-4_15,mrd12,N9,11.717815,3.689563
ATGGATCCGGCGTCCG-1-8,20221010-1_3,mrd12,N9,9.293544,7.993457
CAACGGTTCTTGATAC-1-24,20230607-2_8,mrd12,N9,9.63562,7.567816
ATTACTAGCCTCTTGC-1-24,20230607-2_8,mrd12,N9,10.443651,7.0866647
TCGTCCGCTGGCGTCT-1-8,20221010-1_3,mrd12,N9,9.888067,6.778588
CGAGGCTAAATATGGC-1-8,20221010-1_3,mrd12,N9,6.392856,8.720625
CTGTTCACTGCCTGTG-1-24,20230607-2_8,mrd12,N9,7.016817,6.8570156
GACACAAGGGAAGAAA-1-8,20221010-1_3,mrd12,N9,6.511475,8.448104
AAACCCGAACGAAATC-1-20,20221010-4_15,mrd12,N9,11.198819,6.2916102
CAGCTCGTGCTTGTGT-1-24,20230607-2_8,mrd12,N9,10.2063055,4.0357804
CGTACCTGATAGGCCT-1-8,20221010-1_3,mrd12,N9,5.272511,9.035197
ACACCCAGCATGCAGC-1-24,20230607-2_8,mrd12,N9,9.253362,5.1608977
AACGATATGTCAACTG-1-8,20221010-1_3,mrd12,N9,5.8763227,9.185781
AGGAGGCCTTCGCGCG-1-20,20221010-4_15,mrd12,N9,11.591166,5.3036504
GCGCTATGCCGAGGCA-1-8,20221010-1_3,mrd12,N9,6.7099414,8.718457
GTTGGATTCAGTGGCT-1-20,20221010-4_15,mrd12,N9,10.541793,5.5225797
TAATATTGAAATTCGC-1-24,20230607-2_8,mrd12,N9,9.689963,7.208375
CCAAACAGAACCCTCG-1-24,20230607-2_8,mrd12,N9,11.23978,4.640313
TCAACCATGTTCGGGC-1-24,20230607-2_8,mrd12,N9,10.061475,5.3138423
GACTAAGTAGGCTCAC-1-8,20221010-1_3,mrd12,N9,9.780351,7.696396
TCGCTGGGCGGATTGT-1-8,20221010-1_3,mrd12,N9,7.850723,7.6625347
CCTACGGCTCAGTCGA-1-8,20221010-1_3,mrd12,N9,11.850557,5.9556103
ACACCTTAAGTAGGGC-1-8,20221010-1_3,mrd12,N9,10.494874,4.0415306
CACCGTATCCCATCCG-1-20,20221010-4_15,mrd12,N9,12.0899935,4.765625
TTCTTAGTGGCTCAGA-1-8,20221010-1_3,mrd12,N9,8.00322,8.411224
TCTGTCATACAAGAGC-1-8,20221010-1_3,mrd12,N9,11.781645,6.4998555
GGCTCGTGCCACCAGC-1-24,20230607-2_8,mrd12,N9,10.174074,6.1914964
TATAAATCCACAAGCT-1-24,20230607-2_8,mrd12,N9,10.714897,6.496532
TGTGTCGCGAGTTGCA-1-8,20221010-1_3,mrd12,N9,9.425418,8.070943
ACAGATTAGGTTAGTG-1-8,20221010-1_3,mrd12,N9,10.690502,7.237616
ACTGCCGTCGTAACTC-1-8,20221010-1_3,mrd12,N9,6.9192395,7.772294
GGTTTGAGTGCTGGAA-1-8,20221010-1_3,mrd12,N9,11.947474,6.0443573
GAGTACGGGTATACAA-1-24,20230607-2_8,mrd12,N9,10.434692,6.7225633
GTATCAAACGTTAGCT-1-20,20221010-4_15,mrd12,N9,11.779999,3.3960004
ATAACGCCGGAGGGTC-1-8,20221010-1_3,mrd12,N9,7.690188,9.717835
CCAGGGACGTGGCCTC-1-24,20230607-2_8,mrd12,N9,9.210859,7.966079
TAGCGTTGGGTCTTAC-1-8,20221010-1_3,mrd12,N9,4.635276,9.662287
GCTGAAGGGTTCTTGG-1-24,20230607-2_8,mrd12,N9,11.843713,5.659115
TAGAGGTTCTACTTGT-1-20,20221010-4_15,mrd12,N9,12.0574045,5.847448
CGCTTCCACTGAAATC-1-24,20230607-2_8,mrd12,N9,9.081817,9.413968
TATCGATGATTAAACG-1-24,20230607-2_8,mrd12,N9,10.88982,4.0998755
GTACTTGGGCACTTCT-1-8,20221010-1_3,mrd12,N9,12.268083,6.4590383
GGAGTGCCGCCCTGGA-1-8,20221010-1_3,mrd12,N9,9.232785,5.7702146
AGTAGGAAGGAAGTTG-1-20,20221010-4_15,mrd12,N9,10.614954,4.353264
GATGCGTCCTGCATTC-1-8,20221010-1_3,mrd12,N9,3.9861424,9.036452
CGCTGTGACGCCGCAC-1-24,20230607-2_8,mrd12,N9,11.591879,5.119385
TTCGACGGGAAGGGCG-1-24,20230607-2_8,mrd12,N9,10.276935,6.1402407
CCCTCATTCTGGAATT-1-24,20230607-2_8,mrd12,N9,10.197054,5.8468575
GGTAGTGCTCGCACCA-1-8,20221010-1_3,mrd12,N9,6.4532895,8.896456
GACACGAGTTAGAGGA-1-8,20221010-1_3,mrd12,N9,9.967637,5.435731
TGGTTCGTAGCAAAGG-1-8,20221010-1_3,mrd12,N9,7.8411164,8.774379
ATCTTGACCTGCAACG-1-8,20221010-1_3,mrd12,N9,9.8387575,7.6211534
GGGAGTAATGGCTGGC-1-8,20221010-1_3,mrd12,N9,10.15748,7.000507
CAGATACTAACATAGT-1-24,20230607-2_8,mrd12,N9,10.390475,6.616326
TGCTGGTTGGACAATT-1-24,20230607-2_8,mrd12,N9,11.675331,3.7802782
GGAAACCTTGTTGAAT-1-20,20221010-4_15,mrd12,N9,10.573374,4.4453244
CCTCGGATGCTACCTG-1-8,20221010-1_3,mrd12,N9,9.359454,7.907368
CAACGACCCGTTTACA-1-24,20230607-2_8,mrd12,N9,10.095762,6.9374266
TCTAGCATCTTCGATG-1-24,20230607-2_8,mrd12,N9,11.5077095,4.7853622
AACCCAGAGACGGAGA-1-8,20221010-1_3,mrd12,N9,9.411055,8.487239
GCGAAGCCATACCCGT-1-8,20221010-1_3,mrd12,N9,4.8489714,10.605366
AGCTAGAAGCAGAAGT-1-24,20230607-2_8,mrd12,N9,11.266575,4.0636077
GGATCATCCCGTACGC-1-20,20221010-4_15,mrd12,N9,10.260373,3.695705
AGTCGAAACGATTCAG-1-24,20230607-2_8,mrd12,N9,11.34297,5.3215303
ACTAGTTGCGATCGTC-1-20,20221010-4_15,mrd12,N9,12.070842,6.168596
AATATCGAATCAATGC-1-20,20221010-4_15,mrd12,N9,12.126804,6.186423
CCTCGCGCTGTGCGAT-1-20,20221010-4_15,mrd12,N9,10.238162,4.720736
TGCGTAAGAACCTGAT-1-8,20221010-1_3,mrd12,N9,9.445211,4.0904007
TATCACAGCACGGGCA-1-8,20221010-1_3,mrd12,N9,6.9096613,8.644747
CTCCTTTACGCAAGTC-1-20,20221010-4_15,mrd12,N9,9.553039,7.2893543
TTGTTAGCAAATTCGA-1-24,20230607-2_8,mrd12,N9,11.764462,3.9651277
ATAGGTTGGGCAGATG-1-8,20221010-1_3,mrd12,N9,4.7189856,10.545682
GTTGCACGGAGTTTCG-1-24,20230607-2_8,mrd12,N9,9.351679,5.4173217
TAAGCAGGCGACACGC-1-8,20221010-1_3,mrd12,N9,9.458688,7.860994
AGGCCTGAGAATCTCG-1-20,20221010-4_15,mrd12,N9,10.127015,6.930429
AGATTATAGGACGTTT-1-8,20221010-1_3,mrd12,N9,4.3665376,10.05827
TTGCGTAGTTTGAGGA-1-8,20221010-1_3,mrd12,N9,11.6062565,4.506522
GAACACACATCAACCA-1-24,20230607-2_8,mrd12,N9,9.866285,6.817922
AATTTGGGACATAGTA-1-20,20221010-4_15,mrd12,N9,10.4984455,6.740819
GTCCGGGTTCACATTA-1-19,20221010-4_14,mrd7,N9,13.004842,6.897351
GACGCTTGCTTCTAAA-1-7,20221010-1_2,mrd7,N9,11.709146,5.09012
TGGGTGTTAAGTAGAA-1-19,20221010-4_14,mrd7,N9,13.0813465,7.0386386
CAATATTGGACTAGTG-1-7,20221010-1_2,mrd7,N9,11.962731,5.566038
CGTTCTTCGCACACCT-1-19,20221010-4_14,mrd7,N9,10.891589,3.121511
AGGACAGTCGAATCCC-1-7,20221010-1_2,mrd7,N9,10.901313,3.6219063
TGGATAGAGTAACAGA-1-7,20221010-1_2,mrd7,N9,12.145053,4.0185714
CCAGTGAGCTCCTTGT-1-7,20221010-1_2,mrd7,N9,11.681536,4.0261407
TTATGTTTGCGATAGA-1-7,20221010-1_2,mrd7,N9,11.676662,3.6861274
AATGAGTTCGCATATG-1-7,20221010-1_2,mrd7,N9,11.992489,5.4357834
CATATAGGTACAGTCA-1-7,20221010-1_2,mrd7,N9,10.142213,6.3249836
CATAGTCAAATACATA-1-19,20221010-4_14,mrd7,N9,11.446006,5.398999
TTCAGCTGGCGTGCCC-1-19,20221010-4_14,mrd7,N9,9.437061,6.5026736
GTGGGTCTTCTTTGCG-1-7,20221010-1_2,mrd7,N9,9.968514,4.897907
TCTATGCTATAACGAC-1-19,20221010-4_14,mrd7,N9,11.722609,6.1471987
GTCTATTGGTTCCGGT-1-7,20221010-1_2,mrd7,N9,10.257868,5.2312975
CAAGGGAGTGTATTTG-1-7,20221010-1_2,mrd7,N9,10.339646,4.708956
TCACATCTTATCTGAT-1-7,20221010-1_2,mrd7,N9,11.645638,4.7723722
GTACTCCTGGGTATGC-1-19,20221010-4_14,mrd7,N9,11.914892,5.7265115
CCAGAGACAAAGCCGG-1-7,20221010-1_2,mrd7,N9,11.779915,5.5464272
CCACTAAACTGAATCG-1-7,20221010-1_2,mrd7,N9,12.355706,5.560961
CGTTGAGTAATTGCGT-1-19,20221010-4_14,mrd7,N9,11.445395,2.7590802
CGAGGCCAGGCATTGG-1-7,20221010-1_2,mrd7,N9,11.746738,4.6715364
GCGGTCTTGCTTTCAC-1-19,20221010-4_14,mrd7,N9,8.553486,5.1501007
GCGCGTTTAAATCGTA-1-7,20221010-1_2,mrd7,N9,11.025882,4.030916
CACCTAATAGAGTCGT-1-7,20221010-1_2,mrd7,N9,11.206498,4.9190927
GTAGGTGATCCGTGTA-1-7,20221010-1_2,mrd7,N9,11.04663,5.774983
TCCACATCGTATATTG-1-19,20221010-4_14,mrd7,N9,12.833084,5.5082507
TTGAACGAATCCTTTG-1-7,20221010-1_2,mrd7,N9,8.722375,5.0668554
AGATACTCAAGATCGA-1-7,20221010-1_2,mrd7,N9,11.04074,3.8223116
TCTCAAATCAATCGGG-1-19,20221010-4_14,mrd7,N9,11.421471,5.7650194
CTCTATTTGGCTGCAG-1-7,20221010-1_2,mrd7,N9,8.983864,5.2502537
GCGTTCGGAGACCGGG-1-19,20221010-4_14,mrd7,N9,12.707608,6.3852057
CATCCGCAGGCCCGAA-1-7,20221010-1_2,mrd7,N9,11.11761,3.5265198
AAGAAGGATCAGTTAG-1-7,20221010-1_2,mrd7,N9,11.790858,4.530692
TACCGAATAATTGTAA-1-19,20221010-4_14,mrd7,N9,8.734164,5.374292
TCGGGAACGTGCCTAG-1-19,20221010-4_14,mrd7,N9,11.705854,4.9771132
TTGAGGCATTTAACTC-1-19,20221010-4_14,mrd7,N9,12.391985,5.7455344
CGTACCGAAAGTCTAG-1-7,20221010-1_2,mrd7,N9,11.757637,4.3109655
ATACCCTGGCTCAAAT-1-7,20221010-1_2,mrd7,N9,11.682291,4.5851645
ACTCTCTGACTTAGGT-1-7,20221010-1_2,mrd7,N9,9.506228,6.0454693
GAGCTGTCGTCTCGGA-1-19,20221010-4_14,mrd7,N9,11.112285,4.4160986
ACGAGTACGGATGCCC-1-19,20221010-4_14,mrd7,N9,9.064864,5.2488303
TGTAGCCAATTCCGTT-1-19,20221010-4_14,mrd7,N9,12.507351,6.0738688
GCGGAGAGGGAGAACG-1-7,20221010-1_2,mrd7,N9,9.074755,8.036923
ATTCCTAAGACGTGGA-1-19,20221010-4_14,mrd7,N9,12.139259,3.8050978
TGTCATTTGTTGGGAA-1-19,20221010-4_14,mrd7,N9,11.917155,3.5442994
CTCTACATCCTGCGTG-1-19,20221010-4_14,mrd7,N9,12.876282,5.964122
AAACAACGAATAGTTC-1-7,20221010-1_2,mrd7,N9,7.5646615,4.5793824
TGCATGAGTAGATTCG-1-7,20221010-1_2,mrd7,N9,11.137177,2.662541
GTCCTACAGGCGGCTC-1-7,20221010-1_2,mrd7,N9,11.567937,3.2490752
CCAAGTTTCTACAGAT-1-7,20221010-1_2,mrd7,N9,11.262814,5.8387127
CGGCTCTTCGTCGAAC-1-7,20221010-1_2,mrd7,N9,10.321179,6.6763268
GGGATGGTCGTAACCG-1-7,20221010-1_2,mrd7,N9,11.379571,6.386812
CAGTGGTTGCACATGA-1-7,20221010-1_2,mrd7,N9,11.733986,5.0824986
CAGTTCCGCGGGTCGA-1-7,20221010-1_2,mrd7,N9,11.290556,5.2477055
CACGAAAGTTAGTCCC-1-7,20221010-1_2,mrd7,N9,11.993335,5.844444
GCGGCTTTAGCAAGTT-1-19,20221010-4_14,mrd7,N9,12.325438,6.4902062
ACCGATAGGCATAACC-1-19,20221010-4_14,mrd7,N9,11.460725,5.452121
TGTTCCGGCCTGAGCT-1-19,20221010-4_14,mrd7,N9,12.689602,6.904751
CTCGAGATCCAAAGCA-1-7,20221010-1_2,mrd7,N9,11.549471,4.5214696
AGTGAGGGTTTCTGAC-1-7,20221010-1_2,mrd7,N9,11.485152,4.1183033
CGCGAAGTGGCATACT-1-19,20221010-4_14,mrd7,N9,12.507993,6.6169457
CGCTTTCATACCGGTG-1-7,20221010-1_2,mrd7,N9,8.505249,5.092654
TAACCGTCCAGTTCAT-1-7,20221010-1_2,mrd7,N9,11.64322,4.664221
GAGCGCAAATACTCCG-1-19,20221010-4_14,mrd7,N9,11.092811,4.6976852
CTGGGCGGCCAAATGT-1-7,20221010-1_2,mrd7,N9,10.746892,4.3285065
CAAACCCTCCGGCGGG-1-19,20221010-4_14,mrd7,N9,12.926332,6.7838173
CTGTCACGCCAGGCGC-1-19,20221010-4_14,mrd7,N9,12.7538805,5.5081472
CCCGTGGGTTAATTGA-1-7,20221010-1_2,mrd7,N9,11.702774,3.210326
ACGCCCAGCTGTCGAT-1-19,20221010-4_14,mrd7,N9,12.141483,4.6970124
CCCTACTTGAACAATG-1-19,20221010-4_14,mrd7,N9,10.150832,4.881383
GGGTTTCCGGCTTCCA-1-7,20221010-1_2,mrd7,N9,12.141016,5.500921
TAATACTAGAACAGAC-1-19,20221010-4_14,mrd7,N9,12.001916,5.2803435
TGGTTGGAGGATCCTG-1-7,20221010-1_2,mrd7,N9,11.152652,4.8686256
GATTCCTATACGGCGC-1-7,20221010-1_2,mrd7,N9,11.766494,5.4601994
AAGAGATGAATCGGTA-1-7,20221010-1_2,mrd7,N9,11.119529,5.51752
GCTGGACCCAAAGTGG-1-19,20221010-4_14,mrd7,N9,11.410083,3.0135996
CATGGATTGTCTTCCG-1-19,20221010-4_14,mrd7,N9,11.53499,5.838448
GAATGTGGTCCGGATT-1-7,20221010-1_2,mrd7,N9,10.916675,4.3747897
CCTGTGCATAGGAGAC-1-7,20221010-1_2,mrd7,N9,11.273939,5.689144
TGTGTTCGTATCCAAG-1-7,20221010-1_2,mrd7,N9,11.808373,3.763679
TGGGAAATGCCTTTCC-1-7,20221010-1_2,mrd7,N9,9.404271,5.6700487
CCGCACGTGACCTCGG-1-7,20221010-1_2,mrd7,N9,11.246421,6.0982084
GAAATTAGCACGGATA-1-19,20221010-4_14,mrd7,N9,11.623883,6.871942
AATACAATGTTTCAGG-1-7,20221010-1_2,mrd7,N9,11.5627985,3.490041
CTCCGGCTTGTAGACA-1-7,20221010-1_2,mrd7,N9,11.969121,5.1127872
TCCAGAGCACCGGTTC-1-7,20221010-1_2,mrd7,N9,10.639462,6.1436567
CATAGAGGAGATACTA-1-19,20221010-4_14,mrd7,N9,11.2540045,5.469371
TTGGCCATCTTGCGCT-1-7,20221010-1_2,mrd7,N9,11.916984,5.392603
TCCAGATGTACGCCAA-1-19,20221010-4_14,mrd7,N9,11.049489,7.291816
TCCTTGTCCTTTAATT-1-19,20221010-4_14,mrd7,N9,13.061261,7.322572
AGTACAGAAGCTTATA-1-19,20221010-4_14,mrd7,N9,12.870522,6.795143
AATCTGCGTTGGGACG-1-7,20221010-1_2,mrd7,N9,9.978048,7.2819724
AGGCCCAGTGACTGGT-1-7,20221010-1_2,mrd7,N9,8.777981,5.7832856
TGCAACTACTGGTTGA-1-19,20221010-4_14,mrd7,N9,11.506049,6.0372624
GGGAACGGGAGGTTAG-1-19,20221010-4_14,mrd7,N9,11.915278,9.051067
AACTCGATAAACACGT-1-7,20221010-1_2,mrd7,N9,12.054258,5.1403284
CAAATGTCCTTCCGTG-1-7,20221010-1_2,mrd7,N9,9.381175,5.724619
CGCGGCAGTATTACGG-1-7,20221010-1_2,mrd7,N9,11.356026,4.528766
TCTGCGTCCGGTTTCT-1-7,20221010-1_2,mrd7,N9,11.12097,4.5810304
TACGTGGGCCCAGGGC-1-19,20221010-4_14,mrd7,N9,12.598003,6.922678
AAGATTGGCGGAACGT-1-7,20221010-1_2,mrd7,N9,11.359842,7.4600143
CTGCGACCTCGCCGAA-1-19,20221010-4_14,mrd7,N9,12.706983,6.415954
CCTCGACCCACTGCCT-1-19,20221010-4_14,mrd7,N9,12.308813,5.2566175
AACTAGCGTATCGCAC-1-7,20221010-1_2,mrd7,N9,9.560314,5.23013
GGTAGAAGACCGCCTG-1-7,20221010-1_2,mrd7,N9,10.099996,6.1827407
GCCAGGCGTTCGCATG-1-7,20221010-1_2,mrd7,N9,11.874451,4.959124
GGGTACTTCATGAACT-1-19,20221010-4_14,mrd7,N9,11.895809,6.4013367
GACACGAGTTAGAGGA-1-7,20221010-1_2,mrd7,N9,11.075971,5.6238236
GAACTGTGGAGAGACA-1-19,20221010-4_14,mrd7,N9,13.070602,6.976879
CTGAGCAAGTAACAAG-1-7,20221010-1_2,mrd7,N9,12.17845,5.546797
GACCACACTTCCCTTT-1-19,20221010-4_14,mrd7,N9,12.727174,6.8561797
GGGTATGTATGCACTT-1-7,20221010-1_2,mrd7,N9,11.99653,5.868989
TTCGCTATCTGACGTG-1-19,20221010-4_14,mrd7,N9,9.546878,5.200997
TGTCCTAAGTCACCGC-1-7,20221010-1_2,mrd7,N9,11.293308,5.811161
GGCGCTCCTCATCAAT-1-7,20221010-1_2,mrd7,N9,11.864267,3.802747
ATAAAGGTCAAGTACG-1-19,20221010-4_14,mrd7,N9,12.568952,5.1750774
CGGTAGAGGTGCAGGT-1-7,20221010-1_2,mrd7,N9,8.62267,7.4305634
GGATGTCCTTACCGCA-1-7,20221010-1_2,mrd7,N9,9.087927,9.478862
AGTACGTGGCCTGTCT-1-19,20221010-4_14,mrd7,N9,12.7309475,5.6852007
GAAATGGGATGTAAAC-1-7,20221010-1_2,mrd7,N9,11.99338,4.8581343
AGGGAGACATACTTCG-1-19,20221010-4_14,mrd7,N9,11.394779,2.8619854
CTCGTCTGTGCCTTCG-1-19,20221010-4_14,mrd7,N9,12.643572,6.8065286
CACACAGGGATAGATT-1-7,20221010-1_2,mrd7,N9,11.567305,4.8012714
GCTATACGTCTCGGAC-1-7,20221010-1_2,mrd7,N9,10.276417,6.692711
TGCGAGAAACGTTACG-1-7,20221010-1_2,mrd7,N9,11.585494,2.8696017
CCCGGTGGAAGAACCT-1-7,20221010-1_2,mrd7,N9,11.71312,4.230291
TGTGGCGGGCTTCTGG-1-19,20221010-4_14,mrd7,N9,11.833009,6.7594123
TCAGTTACGGAATGAT-1-19,20221010-4_14,mrd7,N9,12.08487,5.54186
CGCGCATGTTTGATTG-1-7,20221010-1_2,mrd7,N9,11.977501,6.2978125
TGCGAGCCCTTCCGCG-1-19,20221010-4_14,mrd7,N9,12.286053,4.2085032
AAATGCTCGTTACGTT-1-7,20221010-1_2,mrd7,N9,11.608405,4.4710655
GACTAACACAGCACCT-1-7,20221010-1_2,mrd7,N9,11.174787,5.92977
TCATCGACGACCGTCG-1-19,20221010-4_14,mrd7,N9,11.219418,5.5602922
CGGAAATTTCACATCC-1-19,20221010-4_14,mrd7,N9,12.391769,5.388094
CCGCTCCAGGGCGATC-1-19,20221010-4_14,mrd7,N9,12.87367,6.759018
GCACACACTGGTAGCC-1-19,20221010-4_14,mrd7,N9,8.434938,5.60586
AGATAACTTCAGGGCC-1-19,20221010-4_14,mrd7,N9,10.77178,8.758718
TGCCTGACATCGGTCA-1-7,20221010-1_2,mrd7,N9,11.730335,5.5977
GGAAGGACACCGTATA-1-19,20221010-4_14,mrd7,N9,12.1265545,5.4924574
TTGCAAGAAGACTCCT-1-19,20221010-4_14,mrd7,N9,12.430626,6.342071
CAATGGAATCTACATA-1-7,20221010-1_2,mrd7,N9,10.328164,3.1113758
TCCGTTTAGCCTTGAA-1-7,20221010-1_2,mrd7,N9,11.366953,4.4216914
CTATCGACGAAATACA-1-19,20221010-4_14,mrd7,N9,11.921062,6.6544924
AGTCTGGACATCCTTG-1-7,20221010-1_2,mrd7,N9,11.510035,5.4696846
ATCAGGTCGCCATTGC-1-19,20221010-4_14,mrd7,N9,12.602288,4.968393
CGCGAGAGGGACTTGT-1-19,20221010-4_14,mrd7,N9,12.713221,5.251458
CGGTTTATGAAGGAAC-1-6,20221010-1_1,primary,N9,9.261722,2.0584567
AATGATGCGACTCCTG-1-6,20221010-1_1,primary,N9,9.946737,2.174804
AGGTTTCACACACCTT-1-18,20221010-4_13,primary,N9,10.323242,2.4017787
TTGAGTCCCGCTGCTG-1-22,20230607-1_1,primary,N9,9.729665,7.5980153
GATATGCGGTAGCCAA-1-23,20230607-2_5,primary,N9,10.459298,7.0117307
AAGCGCAGGGCTTTGA-1-22,20230607-1_1,primary,N9,9.806931,2.2377002
GTTGTTGCAAGATGGC-1-22,20230607-1_1,primary,N9,10.78412,3.4476218
TTCAATACTCTGAATC-1-17,20221010-3_9,primary,N9,8.20349,2.8239055
AGGTCGCGGAGTTACT-1-6,20221010-1_1,primary,N9,9.549818,2.8529007
AATCTGCGTTGGGACG-1-17,20221010-3_9,primary,N9,9.254802,3.2928913
TAATTGGAATCGGGAA-1-6,20221010-1_1,primary,N9,11.811197,5.1956754
GGGACAGAGTTACTCC-1-22,20230607-1_1,primary,N9,5.4088335,8.332228
TGGCAAGCACAAGTCG-1-22,20230607-1_1,primary,N9,9.755975,3.2792678
TCGGACGCCCAGCCCA-1-18,20221010-4_13,primary,N9,9.423884,2.246174
CCATACCTTTACTTGT-1-10,20221010-2_5,primary,N9,9.026562,2.3473
GCTGAGGCGTGAGTAT-1-18,20221010-4_13,primary,N9,9.005765,2.6725912
CAGCCCTCACAGGCAG-1-23,20230607-2_5,primary,N9,8.484452,8.79413
CAGACCTGTAAGTGTT-1-6,20221010-1_1,primary,N9,10.156732,2.3538594
ACGCTAGTGATACACT-1-10,20221010-2_5,primary,N9,9.29704,2.1085196
CCTAGGCGTAGCGATC-1-17,20221010-3_9,primary,N9,4.188956,9.137517
GACTCGCGGGAATGAC-1-6,20221010-1_1,primary,N9,8.682939,2.3077478
CGCACGTGCGCTATCA-1-6,20221010-1_1,primary,N9,-0.46363002,3.184736
TTCCATCATGCGGTGA-1-10,20221010-2_5,primary,N9,9.282317,2.0955107
CTGGGCTATCCTTTGG-1-6,20221010-1_1,primary,N9,9.570926,2.1826673
CAATACGAGAGTCTGA-1-22,20230607-1_1,primary,N9,10.606727,8.179593
GGTCGGCCAGGAGCTT-1-18,20221010-4_13,primary,N9,9.452331,2.2105868
AGTTTGGCACGGGTTG-1-6,20221010-1_1,primary,N9,9.405903,4.3055544
AGTGAGCCTCGCCGCC-1-10,20221010-2_5,primary,N9,10.085039,2.2950425
GTTCATCGTTTGGCTG-1-10,20221010-2_5,primary,N9,10.0868025,2.6718802
CATACGGCGTCTGGGC-1-18,20221010-4_13,primary,N9,9.158946,2.7704697
AAGTTCACTCCAAGCT-1-17,20221010-3_9,primary,N9,9.371258,2.3706255
TATAGCGCACGTTATC-1-22,20230607-1_1,primary,N9,7.3905306,8.678496
CGTCGGATAGTGTTGA-1-6,20221010-1_1,primary,N9,9.775598,2.2111068
TTGTAACTTCATAGCG-1-6,20221010-1_1,primary,N9,8.336792,2.5201569
CCTCGTTACGCCTGTT-1-6,20221010-1_1,primary,N9,9.87816,2.1486905
CCCAAACATGCTGCTC-1-17,20221010-3_9,primary,N9,-0.5543722,6.5230894
TAAGTAAATGTGCCGC-1-10,20221010-2_5,primary,N9,9.813255,2.8860807
CTCTAGCCCTCGGAAA-1-22,20230607-1_1,primary,N9,9.587793,2.7169952
GCGAAGAATCTGACGG-1-17,20221010-3_9,primary,N9,9.613365,2.284214
TCGGGAACGTGCCTAG-1-23,20230607-2_5,primary,N9,8.573174,2.684974
ATTACTTACTGGGCAT-1-10,20221010-2_5,primary,N9,9.864399,2.1858451
ACTTCAGGCTGATCCC-1-17,20221010-3_9,primary,N9,9.406136,2.7173529
AATCGTGAGCCGAGCA-1-17,20221010-3_9,primary,N9,9.173187,2.008112
CAGTACATTCTCTAAA-1-6,20221010-1_1,primary,N9,8.999064,2.2171137
CGTTTGGTGTTGTGGG-1-22,20230607-1_1,primary,N9,10.571117,4.5393662
ACTAATACGTCAGGCG-1-10,20221010-2_5,primary,N9,9.413405,2.604825
TAAAGCGGTATTTCCA-1-18,20221010-4_13,primary,N9,9.521411,2.16589
GCTAGCAGGGAGTGGG-1-6,20221010-1_1,primary,N9,8.09775,2.3871503
ATCTAGCTTGTGAGGG-1-22,20230607-1_1,primary,N9,11.282666,5.1538224
ACCAACACCACACACT-1-17,20221010-3_9,primary,N9,8.659188,3.360169
GGCAAGCCCATAGTGG-1-22,20230607-1_1,primary,N9,12.1157465,5.0207944
CGGAGCATGGCGATCC-1-18,20221010-4_13,primary,N9,8.978173,2.613149
CTAACGAAACTTGCTG-1-17,20221010-3_9,primary,N9,8.749524,2.8652265
CGGTTCAAGTAGGTGT-1-10,20221010-2_5,primary,N9,9.74094,2.9571419
TGCTCACACAACAACC-1-6,20221010-1_1,primary,N9,9.053836,2.144918
CTCGATATTTGCGAGC-1-10,20221010-2_5,primary,N9,10.075151,2.4898891
GGAATGCGCTAGCGTG-1-18,20221010-4_13,primary,N9,9.261025,2.026338
AGAAGGTTGTAGGTCG-1-22,20230607-1_1,primary,N9,0.17361353,2.2907448
TGACCAAATCTTAAAC-1-22,20230607-1_1,primary,N9,8.725003,2.5039802
TTCGGTACTGTAGAGG-1-22,20230607-1_1,primary,N9,11.753347,5.731268
ATGTTGTAGTCTGTTT-1-18,20221010-4_13,primary,N9,9.488811,2.2193475
TACGCTATAGAAACCT-1-10,20221010-2_5,primary,N9,9.872225,2.1588871
GGTTTCAATCGGTCAG-1-17,20221010-3_9,primary,N9,-1.1087979,7.132078
CGCTTGGACGGATAGA-1-22,20230607-1_1,primary,N9,9.913119,4.991477
ACTCCCGAATTCGTTT-1-10,20221010-2_5,primary,N9,9.876388,2.493571
AGGACAGTCGAATCCC-1-17,20221010-3_9,primary,N9,8.08089,2.6582499
AGATGAGGGTTGCGAT-1-10,20221010-2_5,primary,N9,8.470319,2.4765937
ATCGACCCAATACAGA-1-18,20221010-4_13,primary,N9,9.382075,2.5354989
CGTTGCCCGCGTGGGA-1-22,20230607-1_1,primary,N9,8.304161,2.6057017
TGCACAGTGAAGTTAT-1-10,20221010-2_5,primary,N9,9.394053,2.9251187
TTCGCTATCTGACGTG-1-10,20221010-2_5,primary,N9,10.026729,2.2092278
CGATAGTCGTACTGCA-1-22,20230607-1_1,primary,N9,9.719192,3.3690503
CCAACGCTTGCCAGGG-1-10,20221010-2_5,primary,N9,10.00346,2.5616548
CTCGATATTTGCGAGC-1-6,20221010-1_1,primary,N9,9.393376,2.0763276
AGTGAGACTTCCAGTA-1-17,20221010-3_9,primary,N9,-0.5765878,6.274564
ACAAATCGCACCGAAT-1-17,20221010-3_9,primary,N9,9.434122,2.7408235
TCTGAACTCGTACCCG-1-23,20230607-2_5,primary,N9,0.57573795,2.3374774
AAGTTCAGTCTGCGTA-1-6,20221010-1_1,primary,N9,9.610038,2.3203433
TTAAGATAGGATTGAC-1-6,20221010-1_1,primary,N9,9.1120825,2.9865336
CAGTCGAGGATGCAAT-1-17,20221010-3_9,primary,N9,8.999514,2.946756
TCCTACATCCACGGCC-1-17,20221010-3_9,primary,N9,9.650868,2.291214
TGCGTACGGCTAATTG-1-22,20230607-1_1,primary,N9,9.520074,3.2246757
AATGCACCAAGCAATG-1-10,20221010-2_5,primary,N9,8.515959,2.3897042
TAGCGTTGGGTCTTAC-1-18,20221010-4_13,primary,N9,8.803528,2.7059994
GGAGCGAGGCCTACTT-1-22,20230607-1_1,primary,N9,9.622937,2.2621195
TACAGAAACGGTGGGC-1-17,20221010-3_9,primary,N9,9.828377,2.9112484
CTGGTAACGAGCTCTT-1-6,20221010-1_1,primary,N9,8.663415,2.5623353
ATTGATGAGTCCTAAC-1-6,20221010-1_1,primary,N9,10.138633,2.33245
GCAAGATGTGTTCGCG-1-6,20221010-1_1,primary,N9,9.604557,2.22429
CTCAAGACATTAGCGC-1-6,20221010-1_1,primary,N9,9.147724,2.0558739
GGTTTAGCCTTTCTTG-1-6,20221010-1_1,primary,N9,9.271748,3.2657835
TCCGATGACTGAGCTC-1-10,20221010-2_5,primary,N9,8.138099,2.5525987
CATGGGTATGCCTTAT-1-17,20221010-3_9,primary,N9,8.424631,2.3721159
AATTCCAAGCATGTAC-1-22,20230607-1_1,primary,N9,9.419032,2.9637074
TCATTTAAGTCTCCGA-1-6,20221010-1_1,primary,N9,9.495985,3.198395
TAAAGCTGCAATAGGG-1-10,20221010-2_5,primary,N9,8.37696,2.5210223
GCGCGTCATTGGTACA-1-17,20221010-3_9,primary,N9,8.562613,2.2806032
CGGCCCAGGTATATCC-1-22,20230607-1_1,primary,N9,4.2020025,9.155767
CACGTCTATGATGTGG-1-10,20221010-2_5,primary,N9,8.989871,2.1253586
GGTGCAGAGCCTATCG-1-6,20221010-1_1,primary,N9,9.648953,2.3764937
CTGGTAACACATAGAA-1-22,20230607-1_1,primary,N9,1.9545189,6.8356986
TCTGATGTATTCTGTC-1-17,20221010-3_9,primary,N9,9.504969,2.2563062
CATCTATCCCGTGTCT-1-10,20221010-2_5,primary,N9,9.339557,2.8307748
GTTAAAGTAGGACTGG-1-17,20221010-3_9,primary,N9,8.933002,3.1093395
CTAGCCGATGTTATGA-1-6,20221010-1_1,primary,N9,10.257832,2.2949834
AGGTATAATTGATAGT-1-23,20230607-2_5,primary,N9,9.36653,3.1283615
GAATCTGAACATTCTC-1-18,20221010-4_13,primary,N9,9.6306925,3.0884192
ATGTTGTAGTCTGTTT-1-22,20230607-1_1,primary,N9,8.426225,2.512405
GACAACGCAGCTTACG-1-22,20230607-1_1,primary,N9,11.425768,7.776631
AAACGCCCGAGATCGG-1-6,20221010-1_1,primary,N9,9.730875,2.0960877
AACATATCAACTGGTG-1-6,20221010-1_1,primary,N9,9.876205,2.578054
CAGTCGAGGATGCAAT-1-10,20221010-2_5,primary,N9,8.81291,2.6426444
TACCGCGGACTTGCAG-1-6,20221010-1_1,primary,N9,9.810542,2.7673454
TATCACTTCGAGTAAC-1-10,20221010-2_5,primary,N9,9.119938,2.9349828
TTGGCTCAATATGTGT-1-22,20230607-1_1,primary,N9,12.232435,5.953838
TATCACCCAACCGACC-1-17,20221010-3_9,primary,N9,8.933925,2.850677
TGGCGATCAAGTTATG-1-18,20221010-4_13,primary,N9,9.507361,2.813751
GGTCGGATAAACGGCG-1-10,20221010-2_5,primary,N9,9.78006,2.403825
CTATAAGAGCCAATCG-1-10,20221010-2_5,primary,N9,8.858755,2.7669945
GGACTCGAAGCTTTCA-1-22,20230607-1_1,primary,N9,10.852902,3.4417312
GTCTAGTGAGCCGCTT-1-22,20230607-1_1,primary,N9,10.1790695,5.427166
TAGGTCGCCGGAACTG-1-10,20221010-2_5,primary,N9,-1.097873,6.73725
GCCTGCTACACTGAGA-1-6,20221010-1_1,primary,N9,9.3009815,2.0368738
GTAGCTTCCTCTTGTT-1-17,20221010-3_9,primary,N9,-0.52122456,5.5033293
AAATAGCTTAGACTTT-1-10,20221010-2_5,primary,N9,9.258826,3.0015807
CGGTTATCCAACAGTG-1-6,20221010-1_1,primary,N9,9.336925,3.9191253
ACTTCCATGCGGGACA-1-17,20221010-3_9,primary,N9,9.566054,2.7256958
TCATAAGTCCAAGAAG-1-22,20230607-1_1,primary,N9,11.576678,5.515108
GCAGTGTGGCTATAGG-1-17,20221010-3_9,primary,N9,8.231451,2.3876395
ATTACTTACTGGGCAT-1-6,20221010-1_1,primary,N9,8.828216,2.3722951
GACAAACATATGCAGG-1-23,20230607-2_5,primary,N9,9.26536,3.1392214
CTATAAGAGCCAATCG-1-6,20221010-1_1,primary,N9,9.739128,2.3809218
TCGTGTATTGGTCACG-1-22,20230607-1_1,primary,N9,5.4727283,6.9759135
AAGTCAATTGTCGTCA-1-6,20221010-1_1,primary,N9,9.165162,3.1391783
ATACTGCCTTACACCG-1-17,20221010-3_9,primary,N9,9.638458,2.2863579
GACGGTCAATAGAAGC-1-6,20221010-1_1,primary,N9,10.201049,2.4486654
GGCTCGCGTTGAGGTA-1-17,20221010-3_9,primary,N9,8.789832,3.2442615
TGCCAATGGGTACTCT-1-18,20221010-4_13,primary,N9,9.42668,2.4098299
GCGCATCCAGTCAGCA-1-17,20221010-3_9,primary,N9,8.780938,3.1313436
AACATATCAACTGGTG-1-10,20221010-2_5,primary,N9,9.669748,2.1580005
GATCCTAAATCGGGAC-1-17,20221010-3_9,primary,N9,8.970982,2.8869703
CCTATAATGAGTGCCC-1-17,20221010-3_9,primary,N9,8.568687,2.2586455
TCCCTCTTCTCAAGGG-1-22,20230607-1_1,primary,N9,9.802734,4.630598
ATTGCCTTTATGTTTG-1-22,20230607-1_1,primary,N9,8.303583,2.6153386
AGATGATGGAGTCTGG-1-10,20221010-2_5,primary,N9,8.775566,3.1154184
CAGATAATGGGCGGGT-1-22,20230607-1_1,primary,N9,9.60405,2.2913594
AATCTGGGTAGACCCT-1-10,20221010-2_5,primary,N9,8.377405,2.3940766
TAAATGCCGTCTCATG-1-6,20221010-1_1,primary,N9,9.447169,2.1854444
CCTGACCACCGATGGT-1-18,20221010-4_13,primary,N9,9.523386,2.1054306
GGTCGGATAAACGGCG-1-6,20221010-1_1,primary,N9,0.016311347,2.2557406
CAATGCGAGAAGTATC-1-17,20221010-3_9,primary,N9,8.447532,2.50781
CGGTTCAAGTAGGTGT-1-6,20221010-1_1,primary,N9,9.240151,2.0931318
ATGAGGGCAGCGGCTA-1-22,20230607-1_1,primary,N9,10.856044,6.36185
AATTGTGGTTGCCAAA-1-22,20230607-1_1,primary,N9,11.3681965,5.8656225
CCACGGTGCCCGGTAG-1-10,20221010-2_5,primary,N9,9.972116,3.595568
GCTTGGATCGATTAGG-1-6,20221010-1_1,primary,N9,8.627603,2.9268126
GTCCATTACTGCTACG-1-22,20230607-1_1,primary,N9,4.7313786,7.888861
TACGATCCAAGCCACT-1-6,20221010-1_1,primary,N9,9.587162,2.2052884
GTTCGGATCGGGAACA-1-10,20221010-2_5,primary,N9,7.55845,7.5807567
CAAGGCCAGTGGTGCA-1-22,20230607-1_1,primary,N9,9.486031,2.1110992
GTGCGACAGGGAGTGT-1-6,20221010-1_1,primary,N9,10.066875,2.2129323
TACTGCAATCAATTAC-1-17,20221010-3_9,primary,N9,8.789048,2.2071023
GTACTGGAGTTAGACC-1-18,20221010-4_13,primary,N9,9.548306,2.3578782
AACGCATGATCTGGGT-1-6,20221010-1_1,primary,N9,10.032439,2.8537526
TGCCATGGCTTATAAG-1-10,20221010-2_5,primary,N9,9.6924305,2.1307166
TCTTTAAGACTATGAA-1-6,20221010-1_1,primary,N9,9.256664,2.7394228
CTAGCCGATGTTATGA-1-17,20221010-3_9,primary,N9,8.753756,2.5886328
TCCCTGGCGTATTAAC-1-22,20230607-1_1,primary,N9,4.0612435,7.4791245
GCTGAACTCTCCAGGG-1-22,20230607-1_1,primary,N9,9.69752,6.121382
TGAGAATGCTTTACCG-1-22,20230607-1_1,primary,N9,9.588619,7.8731775
TAGGGAGCTTGGGATG-1-6,20221010-1_1,primary,N9,0.4937329,4.5251117
GGTAGACCGTTGGGCG-1-18,20221010-4_13,primary,N9,9.4481945,2.7997959
CCACGAATTTAACCTC-1-10,20221010-2_5,primary,N9,9.150169,3.0612118
GACTCGGTCGGCGGAT-1-6,20221010-1_1,primary,N9,10.073827,2.2087622
GAGAGGCCTATGTGTA-1-22,20230607-1_1,primary,N9,11.259639,4.0030684
ACGCTAGTGATACACT-1-6,20221010-1_1,primary,N9,8.65433,2.9750865
TCGTTAGGAGTCCCTA-1-18,20221010-4_13,primary,N9,9.508286,2.9979062
AAGTGTTTGGAGACGG-1-17,20221010-3_9,primary,N9,-0.3604008,2.0919714
GTCGGATGTAGCGCGC-1-10,20221010-2_5,primary,N9,-1.4280587,5.072066
CGGTGGGCTCCAGCCT-1-10,20221010-2_5,primary,N9,10.0380745,2.2933722
TAGCAGTATGACTAAA-1-22,20230607-1_1,primary,N9,9.543569,3.0390587
TCCGGGCTTGACGGGA-1-22,20230607-1_1,primary,N9,9.558415,3.0043104
GGCTGAGCATCGTAAG-1-10,20221010-2_5,primary,N9,9.609747,2.9689295
AGAATTATGGATTCGA-1-6,20221010-1_1,primary,N9,8.707187,2.6520798
CACCGCGTCCACTCTA-1-6,20221010-1_1,primary,N9,9.886253,3.4882753
TTGACGCTCCATGAGC-1-6,20221010-1_1,primary,N9,9.066275,3.0385647
GGCGCTTCATTCCCTG-1-22,20230607-1_1,primary,N9,11.382807,5.1062093
CGGTACTAGAATCAAA-1-17,20221010-3_9,primary,N9,8.507795,2.31587
CCTACAAGTCCGGAAT-1-6,20221010-1_1,primary,N9,9.472338,2.1622047
GTAGCGGCTATACACT-1-18,20221010-4_13,primary,N9,8.990482,2.8650072
AGTAGGAAGGAAGTTG-1-10,20221010-2_5,primary,N9,9.939945,2.2977686
GTGCACCAGCTTCAAC-1-22,20230607-1_1,primary,N9,9.68512,3.0330048
CTCAACTAACCCGGAT-1-17,20221010-3_9,primary,N9,9.759084,2.4606223
GAAGGAGTCGAGTGCG-1-22,20230607-1_1,primary,N9,9.59017,2.2343583
TGAATGAGTGTTTCCC-1-22,20230607-1_1,primary,N9,8.451309,2.6274529
AATATCGAGGGTTCTC-1-10,20221010-2_5,primary,N9,9.815173,2.6837149
TGCAATTTGGGCACGG-1-6,20221010-1_1,primary,N9,9.589092,2.146007
TTAGCTAATACGATCT-1-10,20221010-2_5,primary,N9,9.512739,2.2730093
TATAGATGGTCGCAGT-1-6,20221010-1_1,primary,N9,9.94083,5.8366556
GAGGTACGCGTGTCCC-1-22,20230607-1_1,primary,N9,9.64129,2.2489336
TTATGAATGAAAGGGA-1-18,20221010-4_13,primary,N9,8.845956,2.677593
TTACGTATCTATGACA-1-22,20230607-1_1,primary,N9,10.810707,4.3302093
CCCATATAGGTCGATT-1-22,20230607-1_1,primary,N9,9.835515,4.617406
GTCGTGTCTGGTCATC-1-23,20230607-2_5,primary,N9,2.0713553,3.3226564
TTGACCAGGAACAACT-1-22,20230607-1_1,primary,N9,0.037776146,2.425865
TATTCCACTCAGCTCG-1-18,20221010-4_13,primary,N9,9.518736,2.169576
TTGAAAGGTGTAAAGG-1-6,20221010-1_1,primary,N9,9.578204,2.3876684
TACTTTACTGAGCCGG-1-6,20221010-1_1,primary,N9,8.134494,2.5022583
GGCTAAAGGGCGGGTC-1-10,20221010-2_5,primary,N9,8.732292,2.7061849
CGGGTTCGGCACGTAT-1-6,20221010-1_1,primary,N9,10.066966,2.2426891
TTCCGCAGAGAAATAT-1-6,20221010-1_1,primary,N9,9.698728,2.3035781
GCGAAGAATCTGACGG-1-22,20230607-1_1,primary,N9,1.1730195,4.2467737
GCGCCGTTCCACGATA-1-18,20221010-4_13,primary,N9,10.02634,2.6596498
ATACGTCCACTCCTGT-1-23,20230607-2_5,primary,N9,9.30975,2.7371538
CAGATCCTGGTTTGAA-1-22,20230607-1_1,primary,N9,1.2669107,4.649871
CGCTTAGTATTGATAC-1-22,20230607-1_1,primary,N9,8.224581,2.627074
CCTGAACGATATATTC-1-17,20221010-3_9,primary,N9,8.345006,2.7249813
GCGTTCGGAGACCGGG-1-6,20221010-1_1,primary,N9,8.817264,3.1891053
CGCATGGTGCGATGCT-1-18,20221010-4_13,primary,N9,8.890999,2.820452
TGTTTCGGTACTTCTC-1-22,20230607-1_1,primary,N9,9.270173,3.1648502
AAAGGTAAGCTGTACC-1-6,20221010-1_1,primary,N9,9.484889,2.9557579
TCCGGCCTAGCGTACA-1-6,20221010-1_1,primary,N9,8.836863,2.1602552
TGCCTTGGCCAGGCAA-1-17,20221010-3_9,primary,N9,9.406845,2.623341
CGCACATGTCCACTAC-1-17,20221010-3_9,primary,N9,9.518843,2.7309368
ACATCGATCGTTTACC-1-18,20221010-4_13,primary,N9,9.270856,2.6164038
TGACCAGCTTCAAAGT-1-10,20221010-2_5,primary,N9,9.361987,2.6637647
TATCACCCAACCGACC-1-10,20221010-2_5,primary,N9,9.9303055,2.1600888
ACTGAATGGCGAAAGT-1-17,20221010-3_9,primary,N9,9.217941,2.1059625
GCGACATGTAAACATC-1-10,20221010-2_5,primary,N9,9.445386,2.9260175
GCATGGGTACTGACGC-1-22,20230607-1_1,primary,N9,9.958008,6.4143214
ATAGGCTAGCTTCGCA-1-10,20221010-2_5,primary,N9,9.607396,2.5939593
GTTAGCCCATGACATC-1-22,20230607-1_1,primary,N9,10.268699,3.346849
GTCCACGTCGCATTCG-1-22,20230607-1_1,primary,N9,12.682473,5.0700183
AGTGATTCAAGCAGGA-1-17,20221010-3_9,primary,N9,-0.9717854,6.2478995
TTAACGTTAAAGCCTG-1-23,20230607-2_5,primary,N9,8.221854,8.727089
CGCTAGAGACCGCTGC-1-6,20221010-1_1,primary,N9,4.6141286,8.874329
CCATACCTTTACTTGT-1-22,20230607-1_1,primary,N9,7.5331216,8.193936
AGCTAGAAGCAGAAGT-1-10,20221010-2_5,primary,N9,9.549273,2.1647527
TTAAGACGAACGAACC-1-10,20221010-2_5,primary,N9,8.801304,2.6485355
CACGGCGCGCCAAAGG-1-6,20221010-1_1,primary,N9,9.459582,2.8759098
GTGAACTCCCATTCGA-1-10,20221010-2_5,primary,N9,10.230053,2.3607874
ATATAACACGGGCGCA-1-22,20230607-1_1,primary,N9,9.795879,3.0034575
TCGGTTAGCCATGTAG-1-10,20221010-2_5,primary,N9,10.062747,2.4512472
AAACTAACGTGGCGAC-1-9,20221010-1_4,relapsed,N9,-0.82722265,7.4194803
AGCAGCCAGATGAATA-1-9,20221010-1_4,relapsed,N9,7.889498,9.078161
TGTCCGTGGCGCCTTT-1-9,20221010-1_4,relapsed,N9,11.344785,6.972446
CTCTTGTCCCGCTTGG-1-9,20221010-1_4,relapsed,N9,8.671148,8.499598
CAACTATATCGAATGC-1-21,20221010-4_16,relapsed,N9,8.793968,9.0990305
GATGTGTTGTCACAAG-1-21,20221010-4_16,relapsed,N9,9.673206,7.9453154
GGTGCAGAGCCTATCG-1-21,20221010-4_16,relapsed,N9,7.5724416,8.35457
GGGTTCAGACGAACAA-1-9,20221010-1_4,relapsed,N9,9.114348,9.429328
CACGTCTATGATGTGG-1-21,20221010-4_16,relapsed,N9,6.4730096,6.000668
CTAGACATATATGTAG-1-9,20221010-1_4,relapsed,N9,6.7305574,8.672445
CATTGCGGGTCAATTC-1-21,20221010-4_16,relapsed,N9,8.546901,8.447035
ACATCCCGGCCATACG-1-9,20221010-1_4,relapsed,N9,9.680734,7.7366376
TTGTGTATGCCACCAA-1-9,20221010-1_4,relapsed,N9,9.034231,9.351012
TAATGAAAGACCCTTG-1-9,20221010-1_4,relapsed,N9,9.109591,8.143066
CCGACAAAGGGAGTGC-1-9,20221010-1_4,relapsed,N9,3.913602,11.422232
GAATGCCGAAATGACC-1-9,20221010-1_4,relapsed,N9,9.296726,9.458755
CAGACACCGATCGCTG-1-9,20221010-1_4,relapsed,N9,9.425163,7.438822
ACCGGTCTGAGTACGG-1-9,20221010-1_4,relapsed,N9,6.76272,8.887628
GCGCTAAGTATGCATG-1-21,20221010-4_16,relapsed,N9,5.4998555,6.1490865
GACGTGAGACTCCATG-1-9,20221010-1_4,relapsed,N9,10.25371,8.530155
GTTGGTCATGCTATCC-1-9,20221010-1_4,relapsed,N9,7.5738993,6.5821557
CCTGACGCAACCTTTA-1-21,20221010-4_16,relapsed,N9,7.0323653,6.811017
ATTACGGGCTACGGTT-1-21,20221010-4_16,relapsed,N9,9.285984,7.8542657
GCTTCCCGTAAGCTCC-1-21,20221010-4_16,relapsed,N9,6.6277986,8.192406
GAACTTAGCGCCCGGT-1-9,20221010-1_4,relapsed,N9,7.292967,9.362742
CGATTAAATATCTCCT-1-9,20221010-1_4,relapsed,N9,9.029809,9.479536
GGTTTGACAAGAAGCT-1-9,20221010-1_4,relapsed,N9,8.399764,9.229559
GGTAGACCGTTGGGCG-1-9,20221010-1_4,relapsed,N9,9.142516,6.473259
GAAGTCAGTTGCACTA-1-9,20221010-1_4,relapsed,N9,7.6772594,9.905085
GCTGCTAAGTAGTCGA-1-9,20221010-1_4,relapsed,N9,2.515828,11.389062
TCAGGGCGCAAACTCG-1-9,20221010-1_4,relapsed,N9,3.5545616,11.309811
GGATTAAGCTAAGGTC-1-21,20221010-4_16,relapsed,N9,8.568457,6.7753353
AGACGGGATTGGTATA-1-21,20221010-4_16,relapsed,N9,10.172007,6.8862596
CGGTGAAGACTAAAGT-1-9,20221010-1_4,relapsed,N9,10.257741,8.455627
TAGCTAGAAGGCATGA-1-9,20221010-1_4,relapsed,N9,7.977058,9.537526
GAGGTCCCAAAGATCT-1-21,20221010-4_16,relapsed,N9,7.715613,6.9492197
AGAATTGTTTGACATA-1-21,20221010-4_16,relapsed,N9,8.354954,6.5653334
AACTGGGTTCGAGCCG-1-21,20221010-4_16,relapsed,N9,7.850051,8.496668
GTGAGTGGTACAACGC-1-9,20221010-1_4,relapsed,N9,9.320488,7.427432
ATCATCTGCCCAGTGT-1-21,20221010-4_16,relapsed,N9,6.6411123,6.405184
AAAGGCTCTCGCGCCG-1-9,20221010-1_4,relapsed,N9,6.0765142,10.365726
GAGTATGCCCGCCTTG-1-9,20221010-1_4,relapsed,N9,8.023125,8.764516
AACTAGGCTTGGGTGT-1-9,20221010-1_4,relapsed,N9,7.9652457,8.605367
CACCGGAGATATCTCC-1-21,20221010-4_16,relapsed,N9,6.250257,4.7541685
ACTAATACGTCAGGCG-1-21,20221010-4_16,relapsed,N9,7.1635537,8.316915
TTAAACAGAGTCCCGC-1-9,20221010-1_4,relapsed,N9,9.682622,9.043261
GCAGCTATGGACAGGT-1-9,20221010-1_4,relapsed,N9,9.131016,7.315062
CAGCCGGGCCCTCTAT-1-21,20221010-4_16,relapsed,N9,7.710055,8.155613
CGGGTTCGGCACGTAT-1-9,20221010-1_4,relapsed,N9,6.482602,8.546478
GATATGGATTACGCGG-1-9,20221010-1_4,relapsed,N9,9.812795,8.931925
GACGCCGTAAAGGCTA-1-9,20221010-1_4,relapsed,N9,9.247378,7.92548
TGACCAGCTTCAAAGT-1-21,20221010-4_16,relapsed,N9,7.3182664,7.9617877
GAGACTTCGCGACCGA-1-9,20221010-1_4,relapsed,N9,9.323009,5.9264584
CATGGAAATGGGACCA-1-9,20221010-1_4,relapsed,N9,6.7622614,8.917508
AGCTTCAATACTTTGA-1-21,20221010-4_16,relapsed,N9,11.765471,7.306175
CTGGGCTATCCTTTGG-1-9,20221010-1_4,relapsed,N9,7.2465634,8.073952
GTATTAGGGTTCGCGT-1-9,20221010-1_4,relapsed,N9,8.747511,3.7116063
CTGCACCTAGTCCACA-1-21,20221010-4_16,relapsed,N9,6.526587,8.888421
AATACAATGTTTCAGG-1-21,20221010-4_16,relapsed,N9,7.888334,5.070704
